engine_rpm,lub_oil_pressure,fuel_pressure,coolant_pressure,lub_oil_temp,coolant_temp
774,2.431,4.415,2.772,83.809,85.328
437,4.105,8.0,1.192,74.557,75.701
574,1.85,5.982,2.866,74.675,83.211
594,3.844,5.017,1.519,74.662,87.806
843,4.215,7.051,1.551,76.061,79.495
696,2.129,4.91,1.54,76.155,84.965
517,4.529,5.23,1.5,77.718,68.518
457,4.163,5.228,1.936,77.701,71.255
425,5.519,7.411,2.748,75.712,67.547
617,2.261,7.884,1.669,85.698,73.496
1062,3.774,5.449,2.932,76.849,78.085
957,4.648,5.786,1.381,77.241,69.737
547,2.57,5.008,2.177,81.943,73.895
1121,3.824,6.003,3.12,77.006,73.478
575,3.554,6.715,3.411,77.467,81.754
945,3.36,6.137,1.931,75.189,75.229
958,4.983,7.698,3.82,75.993,82.411
515,2.217,3.938,2.663,85.781,81.159
521,3.298,6.015,1.865,75.346,76.561
970,4.604,6.255,2.46,76.474,79.329
781,5.232,7.464,1.565,76.938,85.574
936,3.365,6.182,4.417,75.492,82.58
525,2.172,7.167,2.732,75.923,90.871
879,4.53,4.717,0.763,76.812,81.198
1138,2.889,12.927,1.904,77.246,79.419
728,2.085,7.46,3.622,81.443,67.665
1305,2.821,6.791,1.085,78.209,78.853
525,4.572,8.392,1.507,78.139,78.713
1127,5.073,6.813,0.935,83.061,72.13
534,4.851,8.053,1.601,75.747,77.47
622,2.474,5.512,1.689,76.377,69.27
537,3.836,5.424,2.136,74.82,72.609
590,2.939,4.904,1.383,81.629,87.969
603,4.103,4.816,2.676,83.992,88.37
432,2.344,10.064,2.123,79.391,79.571
453,2.587,10.342,3.147,77.346,85.149
930,3.179,3.897,2.412,75.874,80.956
538,2.395,7.695,2.039,75.663,76.594
424,2.613,6.025,2.575,76.983,70.606
1245,4.016,9.1,1.929,75.623,75.541
457,3.561,6.459,2.291,74.666,88.888
649,4.441,14.881,1.553,74.794,70.077
823,2.862,10.338,2.327,76.755,78.383
750,2.496,2.854,1.295,76.244,78.269
552,3.642,7.614,1.626,76.472,80.387
1094,0.555,6.287,5.838,75.171,75.732
498,1.889,12.086,3.245,75.483,91.181
838,4.443,6.189,1.731,86.376,86.314
1266,4.014,11.878,1.611,76.781,76.866
815,3.422,7.177,2.432,76.96,75.123
878,4.017,6.357,5.665,75.802,72.981
671,2.219,4.209,4.462,84.612,80.514
850,3.742,5.131,1.079,80.5,73.898
435,2.772,8.088,2.872,77.005,85.617
842,2.933,6.837,1.332,76.539,67.832
554,4.276,5.459,1.32,80.683,81.227
921,3.135,5.23,2.9,75.951,86.699
543,4.49,6.135,2.768,77.598,85.596
825,3.945,7.75,2.483,85.438,74.031
748,5.836,2.185,2.481,76.904,82.568
455,5.236,8.199,3.289,75.556,92.485
1028,4.295,8.984,2.43,75.694,78.535
672,3.911,3.365,2.735,78.013,82.05
831,3.997,6.21,2.332,75.102,68.887
719,3.295,8.236,1.477,77.902,71.675
1251,2.648,6.68,1.323,74.344,70.098
642,3.07,5.318,1.944,77.771,83.139
630,2.646,9.485,0.995,78.52,84.068
712,3.56,6.046,2.531,74.364,73.511
930,2.877,8.359,4.443,84.693,71.761
780,2.685,1.897,2.679,75.175,78.605
1017,2.807,4.171,2.414,77.918,87.425
1280,3.083,8.029,1.353,78.708,81.888
894,5.039,4.382,2.742,74.838,76.818
940,3.053,4.582,2.429,74.613,79.157
918,2.982,11.246,2.724,76.194,92.015
700,2.692,13.976,2.441,77.659,79.613
398,4.027,10.783,3.452,84.13,76.585
532,4.799,8.365,2.448,76.017,69.576
433,2.939,9.807,2.212,75.463,71.195
1204,3.401,6.446,2.684,75.125,74.84
1036,5.576,4.54,0.434,78.509,82.056
1314,2.821,4.855,1.611,76.55,78.573
553,2.971,2.595,1.72,76.816,78.37
1046,2.3,5.86,2.041,76.688,76.233
633,3.271,5.198,1.57,81.87,88.198
887,0.522,7.795,3.458,77.095,83.344
1221,3.359,7.386,1.733,77.891,68.158
739,4.532,6.712,1.154,74.962,65.552
685,2.136,6.553,2.871,74.425,77.518
681,3.563,3.082,1.643,81.967,82.618
489,2.391,8.915,2.04,81.027,75.79
701,2.894,5.755,0.752,79.828,82.132
1019,3.991,2.289,2.61,77.389,85.331
1384,2.182,3.698,2.208,75.776,89.073
663,3.76,3.331,1.027,77.372,86.668
975,3.151,12.128,1.241,84.452,84.147
584,2.734,18.168,2.968,74.917,76.383
529,3.698,6.329,3.526,76.148,74.773
606,2.127,7.112,1.915,74.395,90.893
843,4.97,5.519,1.461,76.474,88.359
746,5.135,6.238,1.591,76.34,80.701
953,5.169,6.965,2.223,74.201,71.651
512,2.725,9.031,4.967,76.113,74.98
598,2.584,6.572,1.897,83.015,80.172
886,4.548,6.913,6.492,77.093,78.216
591,2.14,8.212,1.494,84.827,89.318
534,5.922,18.045,5.946,77.293,74.734
1090,5.179,16.458,5.215,83.52,91.832
881,1.928,15.828,2.03,83.502,88.906
415,2.683,5.122,1.067,77.857,75.087
505,4.296,6.604,1.929,82.068,85.777
605,3.894,5.298,5.027,86.704,72.099
693,2.799,9.921,2.257,75.402,81.105
1325,5.034,7.383,1.852,82.95,71.887
1179,3.308,6.163,0.737,75.678,71.431
853,1.939,15.151,2.82,76.218,77.071
803,1.657,5.455,1.661,75.016,77.086
745,4.628,6.124,2.857,74.911,70.824
1485,2.302,6.456,1.833,73.913,72.501
1247,3.515,12.232,1.848,76.186,76.615
947,3.627,6.021,0.916,75.412,83.859
928,4.861,6.101,2.481,75.888,82.668
1037,4.022,7.597,4.517,78.3,79.683
495,1.996,8.802,2.749,74.247,78.194
574,5.112,7.518,3.011,74.533,87.482
481,5.332,15.497,6.115,74.936,73.501
881,2.179,0.9,1.49,76.01,73.711
467,3.672,4.219,3.266,76.167,83.658
798,2.715,6.141,2.19,84.126,83.239
1020,4.944,4.265,0.766,77.32,89.418
884,2.905,4.926,2.31,82.144,81.322
380,2.393,6.412,3.04,77.905,81.829
757,3.194,5.549,3.16,75.062,74.329
770,4.517,5.79,4.067,76.101,70.456
486,3.106,6.842,2.3,76.692,69.456
1044,3.07,9.234,3.988,81.367,72.103
942,2.16,5.18,1.374,75.7,92.25
1167,4.154,4.154,3.322,80.849,70.399
491,3.6,8.775,1.151,74.297,73.939
1032,3.893,5.322,2.282,74.677,83.668
958,2.382,18.753,3.116,74.785,79.294
854,2.873,5.84,2.118,81.575,73.062
1232,3.518,7.31,2.539,75.56,76.31
679,3.292,9.109,2.857,77.194,82.022
773,4.947,5.59,3.397,76.947,78.627
1289,4.291,4.884,3.864,85.89,73.201
643,2.892,10.261,2.156,75.596,71.295
1055,2.351,5.378,1.639,77.82,77.794
1200,3.219,6.379,1.325,77.813,85.927
680,4.834,0.649,1.445,76.094,83.525
778,4.196,6.035,3.896,76.787,88.152
380,2.395,7.578,1.213,78.513,78.786
473,3.25,5.929,3.229,75.443,76.992
568,3.001,5.421,1.813,76.643,77.044
1143,2.106,10.888,2.3,76.108,74.271
850,4.325,4.73,1.918,74.817,78.998
783,2.285,4.984,2.227,76.186,70.854
808,3.441,0.706,3.338,76.221,71.547
787,2.698,6.629,1.415,75.997,74.089
870,2.362,9.573,2.65,80.109,76.999
558,4.189,8.361,2.294,75.237,82.107
498,3.567,6.317,2.264,77.542,90.088
1676,1.812,4.197,1.756,76.349,84.024
1229,1.758,5.268,2.94,76.741,77.827
911,2.938,5.432,0.779,84.638,77.299
931,2.026,3.975,1.825,75.572,77.338
678,2.061,8.75,1.764,75.995,91.524
627,4.219,5.267,3.048,74.089,80.019
700,2.745,4.818,3.144,76.256,76.016
786,5.631,6.312,2.657,77.158,82.013
690,4.659,4.505,3.447,85.993,72.86
469,3.284,7.384,2.733,77.017,75.233
1142,4.068,4.065,2.75,74.839,82.819
497,4.243,8.133,2.847,76.291,79.022
652,4.69,6.817,2.983,76.893,72.833
807,3.23,7.091,2.83,76.837,77.085
591,3.813,3.734,2.487,75.409,70.669
394,2.748,6.107,2.761,76.596,86.132
991,2.793,12.469,1.835,77.096,88.101
936,3.707,8.363,0.978,77.4,79.74
562,4.788,7.6,1.578,83.349,85.081
896,2.513,5.798,2.468,78.456,87.576
1302,1.827,6.451,1.45,77.205,80.031
607,3.227,4.138,3.401,76.332,76.623
739,2.465,8.192,2.753,74.697,87.951
774,3.753,4.603,1.452,78.695,74.036
556,3.48,4.993,2.886,76.121,79.555
487,3.253,9.444,1.56,76.971,85.631
932,3.157,5.64,2.92,77.417,78.68
370,4.745,6.713,2.593,77.215,79.542
1514,3.338,5.32,1.569,77.161,81.098
596,3.096,8.323,2.871,75.55,73.175
617,3.477,2.44,2.864,77.662,73.617
595,1.441,5.794,6.222,74.499,71.462
967,3.627,2.25,1.338,79.688,76.552
1093,2.751,17.649,1.832,77.42,83.231
950,5.31,10.106,1.058,76.369,77.358
578,2.411,5.488,2.175,83.452,89.716
443,5.065,5.546,2.205,74.401,86.521
428,2.1,2.702,2.569,76.135,76.75
953,4.367,4.808,1.7,81.683,68.545
493,2.654,7.085,1.983,77.896,86.127
778,1.954,15.019,1.717,76.66,68.186
821,2.337,9.428,3.825,77.403,75.21
696,4.104,6.618,1.74,77.59,67.576
592,2.859,1.453,2.409,77.963,81.588
902,4.201,14.528,2.17,76.17,78.117
915,2.663,9.744,0.82,76.859,72.651
1457,3.829,5.988,4.78,77.758,90.465
628,4.047,6.471,2.945,75.186,84.149
1498,2.042,8.288,2.57,75.272,68.403
1155,3.959,4.514,2.651,75.259,80.057
1551,2.713,16.419,0.371,74.5,76.425
628,3.864,4.599,1.56,75.834,75.761
939,2.923,1.044,2.247,75.621,86.309
700,2.394,6.312,2.98,73.939,72.097
702,3.955,10.319,2.856,75.987,72.981
987,4.312,4.082,2.507,76.501,77.402
866,2.756,6.347,3.737,74.977,79.164
612,4.442,9.971,2.404,78.403,74.524
457,3.884,5.938,2.135,76.593,88.163
894,2.347,4.596,1.142,75.638,73.95
450,2.713,3.966,1.357,77.258,73.273
874,3.496,6.353,1.16,82.236,83.488
583,4.118,9.345,3.276,73.63,68.662
1031,2.025,8.23,0.485,84.866,74.075
916,4.431,5.385,2.72,75.721,76.684
759,3.083,4.748,3.613,74.456,77.089
1003,2.232,8.61,2.884,81.496,86.482
546,3.819,6.732,4.743,77.979,77.417
504,4.283,9.718,2.771,76.436,88.302
775,4.135,4.82,1.585,77.229,77.985
869,3.902,7.948,3.687,76.638,77.981
604,4.617,13.274,3.58,76.477,74.236
827,3.581,6.938,1.448,74.685,79.759
453,4.274,5.818,2.505,75.526,87.104
753,3.198,15.52,2.36,76.152,78.169
715,2.152,5.96,1.856,75.026,69.44
1542,2.59,7.386,2.304,86.849,86.408
1227,2.09,8.785,3.998,75.964,80.789
510,5.075,5.567,2.126,75.277,84.513
535,2.399,6.649,2.51,75.402,82.229
815,3.074,7.352,2.032,76.866,66.46
1324,2.55,6.843,5.814,77.678,90.676
562,2.631,10.128,1.922,78.461,74.445
698,2.822,4.333,1.915,82.308,89.456
590,3.865,6.357,3.321,75.535,69.881
556,2.835,5.773,3.037,76.461,85.708
769,4.831,7.148,1.485,76.388,72.848
885,2.966,5.495,1.531,76.15,80.764
446,2.539,7.984,2.961,76.51,76.637
683,2.37,4.664,1.65,76.099,78.433
621,3.809,6.126,1.545,75.985,78.913
882,2.737,7.433,3.522,76.238,75.905
758,2.387,4.016,3.853,78.0,87.268
635,3.739,4.728,0.972,84.182,78.011
882,2.574,6.066,2.759,85.913,84.383
1083,2.837,7.946,2.802,85.642,69.599
922,4.18,5.247,3.406,76.686,87.565
1300,2.219,8.433,1.581,80.843,74.473
868,4.706,12.262,2.786,76.868,80.884
777,3.973,7.273,1.844,74.27,78.415
902,4.035,6.8,1.908,75.792,75.541
541,3.899,5.637,5.116,76.677,79.547
601,4.531,10.739,1.74,75.825,90.1
511,4.043,10.118,3.248,77.223,75.109
593,5.012,4.83,4.476,77.85,69.621
765,2.01,3.35,3.051,81.954,91.221
539,2.596,8.563,1.921,76.787,75.095
746,3.752,6.163,1.172,75.428,71.038
947,5.975,7.032,1.712,74.719,71.681
944,2.37,6.956,0.933,74.827,70.821
577,2.518,6.503,2.237,81.274,78.085
818,4.593,8.832,2.389,75.282,83.937
1040,1.676,0.431,1.989,75.813,87.739
1037,2.942,5.083,1.921,76.121,86.701
685,3.164,6.465,1.837,76.808,69.472
672,2.424,1.402,2.898,79.846,76.228
1182,2.312,6.69,2.028,78.437,76.735
1043,3.271,3.685,1.647,75.747,87.278
1010,2.038,5.23,2.814,77.273,77.113
688,2.944,9.382,2.084,76.44,80.068
948,2.573,3.628,1.719,77.576,82.003
713,4.238,3.569,2.347,76.486,80.17
1972,2.557,7.021,2.326,75.124,77.251
1582,4.472,6.188,2.674,77.586,88.177
1065,2.661,6.109,1.684,74.946,79.833
1111,2.909,7.195,1.436,76.782,72.261
812,3.933,6.095,3.175,73.394,90.043
653,3.172,5.959,1.497,76.017,80.281
453,4.319,4.979,0.876,75.247,84.695
481,3.324,4.799,1.658,76.59,74.068
617,3.089,6.002,1.988,80.783,86.65
925,4.279,6.031,3.178,76.192,77.576
546,3.859,6.438,1.598,76.881,79.306
872,3.18,8.843,5.451,76.158,86.01
722,3.041,5.466,5.727,77.827,68.161
368,3.801,6.217,3.596,79.531,83.1
622,1.844,8.425,2.093,82.909,72.549
884,2.884,1.589,1.767,76.007,84.778
540,3.081,4.375,0.983,76.415,79.32
577,4.076,4.969,2.357,76.273,76.508
493,2.641,8.433,1.373,75.911,87.572
1586,4.376,8.211,2.587,77.647,65.071
659,4.283,5.226,2.593,74.829,76.761
1060,2.578,8.818,1.386,76.854,75.653
392,1.067,4.438,3.149,77.813,75.837
950,2.969,5.714,2.102,75.88,83.807
860,2.992,10.915,2.095,85.167,76.671
638,5.079,5.133,2.228,78.191,74.504
855,4.561,6.369,2.771,75.396,75.398
683,2.91,7.906,1.618,77.811,83.628
626,4.286,8.282,5.122,77.427,72.318
462,4.766,5.526,1.178,77.836,78.45
983,4.366,9.907,2.42,76.798,78.694
981,5.38,2.642,2.212,76.326,77.061
970,5.174,0.436,1.175,76.395,67.878
585,3.293,4.025,0.601,75.983,69.404
462,3.246,7.825,3.043,76.135,66.172
376,3.528,7.485,1.3,75.281,74.916
613,2.397,9.336,3.038,75.716,76.892
627,4.397,1.601,1.803,76.609,79.009
823,3.909,6.48,2.123,77.253,78.33
542,2.533,5.641,2.992,74.928,84.065
1015,3.088,11.874,2.164,76.625,84.14
1187,2.545,4.327,1.104,86.355,82.815
908,4.776,6.597,1.618,75.485,63.552
585,4.488,2.983,2.551,76.814,81.929
995,4.296,8.325,1.839,72.923,75.375
742,2.611,5.544,1.874,85.287,81.691
618,2.586,3.675,1.872,75.3,76.218
676,1.924,6.505,2.309,76.229,78.785
1141,5.408,11.243,2.753,75.434,74.4
615,4.99,5.384,2.508,86.464,82.381
557,2.777,4.355,1.696,78.292,93.369
1068,3.639,6.183,2.348,76.788,88.702
875,2.512,4.833,2.79,81.749,88.551
435,3.475,3.645,1.414,78.667,78.143
912,3.902,4.528,1.997,78.453,78.214
563,3.471,9.927,1.998,73.248,67.191
778,4.634,6.905,2.427,79.973,73.392
848,3.48,11.31,2.48,75.016,82.081
1154,2.842,11.433,1.77,77.578,73.559
511,4.405,5.186,1.743,75.39,85.881
767,3.675,6.603,2.24,77.227,71.871
514,3.542,5.793,1.719,75.163,88.753
629,4.454,4.662,2.797,76.118,70.412
509,4.875,3.477,5.347,75.006,72.086
901,3.461,5.032,3.131,76.467,77.816
708,2.522,5.337,2.582,75.762,67.938
901,3.709,16.152,1.682,86.041,83.15
653,3.174,5.486,3.225,75.586,64.884
423,2.577,7.185,1.36,84.046,82.593
1164,2.74,5.703,2.228,77.692,89.921
1325,2.918,4.327,2.796,77.704,69.574
1066,4.301,4.385,2.061,77.198,77.746
699,2.358,5.029,1.625,76.247,73.268
1398,4.827,3.943,2.194,75.384,91.112
689,5.47,6.016,2.485,75.947,75.797
858,3.681,3.094,1.839,83.668,89.489
634,3.286,12.535,1.472,84.883,75.476
604,1.964,11.481,1.987,74.102,75.327
782,4.446,11.828,1.765,75.098,71.526
502,1.869,4.643,4.095,76.029,67.716
745,3.738,6.026,1.91,74.755,68.692
547,3.109,6.09,1.576,76.009,73.061
1000,3.296,3.81,2.264,75.618,89.734
445,5.01,16.4,2.849,80.147,67.981
770,5.316,3.69,1.915,74.693,86.701
1209,2.408,1.179,1.754,77.641,80.411
416,2.658,6.856,6.3,72.585,82.886
670,4.87,5.029,0.874,77.295,81.335
937,2.771,0.512,0.855,76.155,75.141
407,2.471,4.288,0.924,76.557,85.602
477,2.996,6.225,1.071,74.212,76.779
597,4.118,4.902,3.315,77.465,85.084
833,4.487,4.713,1.604,75.975,89.057
395,2.66,10.09,2.619,75.272,74.176
725,3.828,4.997,1.345,85.194,72.631
822,3.905,7.813,2.038,85.864,75.981
630,3.209,4.225,3.195,75.963,73.78
633,4.782,7.236,1.389,76.92,78.164
829,3.015,11.788,1.0,77.666,75.178
476,3.207,7.12,2.012,77.703,88.301
1021,5.229,11.216,2.147,74.566,76.3
525,2.615,5.352,3.03,75.344,86.57
779,1.8,8.492,5.556,78.587,92.055
1383,2.305,15.084,3.85,76.537,69.873
795,2.753,5.512,1.513,74.815,74.648
1108,2.957,3.758,2.332,77.281,88.295
528,4.991,5.324,1.909,78.181,85.018
608,4.866,4.429,3.907,76.21,70.243
1309,2.26,9.154,0.991,76.53,74.371
929,2.355,13.192,5.769,78.425,93.281
1410,3.056,6.107,1.234,76.694,84.716
630,4.567,5.785,1.516,76.235,70.17
619,2.487,13.236,2.228,74.976,83.616
392,4.152,12.181,1.552,77.415,69.243
648,3.986,3.097,1.788,75.758,81.334
1057,2.238,5.632,2.505,74.529,76.76
1478,3.39,5.747,1.653,78.102,75.744
487,1.979,7.347,2.573,77.57,78.411
895,2.206,6.8,4.084,77.096,75.816
397,4.234,11.441,1.161,77.434,77.671
1137,2.823,6.452,2.534,77.483,77.548
1398,2.331,9.947,5.407,74.23,88.31
571,2.399,13.113,2.781,84.546,87.428
1024,3.636,7.227,2.535,77.52,80.781
792,5.081,4.009,1.881,78.028,75.693
1593,3.037,1.264,1.244,85.598,82.283
1026,2.458,13.297,1.575,76.303,73.786
815,3.252,5.447,5.457,77.366,74.364
1109,3.861,5.431,1.863,75.511,83.357
429,2.305,6.122,3.992,77.155,72.726
419,2.515,4.702,2.913,78.308,81.583
873,3.682,0.72,3.575,76.592,82.712
1137,4.153,9.124,2.974,75.826,84.287
1209,1.824,6.849,2.899,76.356,77.746
1066,2.741,5.504,1.801,76.074,77.51
383,2.456,5.113,7.212,76.341,85.659
667,3.624,4.397,3.991,75.519,83.24
1258,3.265,11.247,1.488,76.842,71.705
793,2.822,6.003,0.977,79.92,76.39
943,4.301,7.488,1.776,76.906,75.013
853,2.103,0.917,1.259,77.942,88.497
472,2.711,9.085,2.766,76.512,72.426
1079,2.987,17.29,1.954,74.67,85.469
1230,1.968,7.811,1.859,76.265,74.969
577,3.073,6.19,4.313,75.991,83.879
930,2.442,9.392,1.239,78.147,81.128
1233,2.237,7.167,2.82,81.627,86.013
549,2.019,4.903,4.326,81.967,74.81
633,2.602,6.211,3.003,75.706,83.852
1071,3.819,6.592,2.583,74.914,85.668
1055,3.506,6.899,3.584,75.066,73.651
1064,2.669,4.427,2.728,76.53,72.014
692,4.378,12.473,2.972,76.111,66.148
600,3.266,14.467,5.183,77.457,83.283
974,2.243,4.744,2.927,74.857,69.915
1025,3.232,6.209,1.529,75.59,82.176
699,2.525,4.161,1.419,78.556,82.467
450,2.182,8.231,3.371,74.315,77.354
608,2.941,6.625,2.323,74.323,75.977
84,3.83,4.907,1.062,75.627,77.408
740,3.14,4.348,2.183,75.87,72.601
743,2.983,11.831,1.706,76.268,85.181
811,2.14,5.234,1.823,83.183,73.504
847,2.773,5.065,2.046,77.785,67.919
922,2.186,11.402,2.659,77.038,86.129
955,2.862,3.919,1.911,76.611,81.453
522,4.345,7.047,3.731,77.376,83.778
1455,5.904,8.453,5.684,77.88,85.945
1350,3.76,4.71,2.333,75.204,66.005
478,2.17,10.751,1.415,80.402,69.573
436,3.251,9.37,1.765,75.265,80.564
499,2.416,9.582,2.621,73.758,81.914
846,3.092,6.333,1.488,75.76,84.957
968,3.753,4.988,3.679,74.866,81.427
619,2.11,2.901,2.133,76.792,81.173
641,2.835,5.878,2.989,76.589,75.479
1073,1.877,3.577,2.113,75.932,79.575
783,3.288,7.435,1.728,74.296,80.696
1002,4.145,5.65,1.313,75.423,80.973
589,4.687,5.144,6.168,74.414,66.485
1082,3.093,10.54,4.567,83.667,86.068
929,3.315,9.014,1.562,77.411,84.167
656,2.773,8.597,2.942,77.839,93.541
483,2.43,6.759,2.733,85.034,83.883
630,1.744,2.311,1.606,83.572,69.443
699,2.106,2.487,1.097,86.788,90.57
895,3.149,4.658,2.619,73.148,83.694
998,2.701,7.454,3.385,74.774,87.941
782,2.725,6.397,3.064,75.9,71.097
681,3.025,4.989,4.517,79.641,83.854
837,2.833,10.115,1.474,74.741,75.78
1212,1.723,5.266,4.29,80.382,82.462
1249,3.778,4.314,1.498,82.972,90.539
1244,2.623,6.734,1.902,80.988,80.756
723,4.959,14.301,3.36,78.954,74.761
710,2.475,7.269,1.204,84.629,70.144
748,3.48,6.874,1.724,75.75,81.251
788,3.43,3.311,1.945,74.626,85.356
475,4.212,3.201,1.718,77.148,81.701
585,3.472,11.428,1.802,76.279,72.887
772,2.562,9.639,2.091,73.913,75.361
841,5.42,5.725,2.292,74.942,71.25
802,2.641,5.916,2.641,85.37,85.11
763,4.628,3.652,1.048,76.789,74.438
938,2.535,2.865,1.394,78.212,71.659
631,3.373,5.985,2.799,77.669,75.673
890,2.354,16.526,2.496,77.754,78.711
838,3.809,4.356,1.827,77.159,74.148
482,2.937,7.501,0.329,75.267,81.504
1017,4.042,8.354,1.173,74.198,74.519
412,4.73,6.713,1.487,77.174,84.309
799,2.449,5.292,2.235,77.141,69.323
658,4.981,7.241,2.584,77.711,71.245
571,2.697,3.291,1.49,75.123,88.373
503,3.812,7.087,3.133,77.315,84.948
498,3.446,7.67,5.147,73.672,74.218
685,2.655,1.06,3.531,72.821,79.561
597,5.004,8.328,2.183,74.978,67.06
760,4.516,5.275,2.696,75.994,80.074
946,3.088,5.324,1.082,77.379,82.712
796,1.951,4.953,3.874,78.714,87.267
633,3.34,1.056,1.397,85.977,76.684
667,3.034,5.835,2.039,78.384,71.695
599,3.741,4.858,2.57,75.326,79.431
833,3.759,6.282,1.66,76.56,70.938
588,2.935,6.076,1.729,75.712,79.671
502,2.51,4.508,2.446,86.141,71.781
1224,4.398,6.005,1.69,81.105,74.275
642,2.332,6.646,2.859,78.827,84.363
1313,3.624,6.67,2.645,76.32,71.958
806,3.738,4.482,1.296,80.352,82.814
455,5.37,3.102,1.312,74.447,83.299
1361,2.012,5.063,2.548,76.694,72.798
812,2.004,6.799,1.465,84.288,87.098
813,4.485,8.605,1.668,76.218,77.238
441,3.214,4.151,1.181,76.268,78.3
788,2.427,7.243,2.048,77.368,92.573
1330,4.876,1.68,2.824,76.26,77.705
674,3.092,4.375,2.922,83.842,78.495
495,3.542,4.439,1.429,76.486,78.526
842,3.202,7.389,1.592,73.924,74.186
715,2.382,4.004,2.988,78.532,76.367
700,5.262,3.125,1.745,77.804,79.15
541,2.27,7.672,1.855,76.699,83.935
510,2.032,7.275,3.207,78.013,84.628
737,2.0,5.817,2.469,75.998,82.767
750,5.315,2.86,2.631,77.024,79.291
888,3.741,4.593,2.646,74.409,79.51
656,3.241,6.4,1.558,74.873,78.015
632,2.149,4.534,2.993,80.965,81.841
1032,2.622,3.598,1.381,77.346,75.426
1227,2.59,7.977,2.381,76.632,73.822
803,2.269,7.153,1.944,78.035,82.162
751,1.999,8.929,1.478,77.446,78.939
930,3.69,4.771,3.155,86.932,82.331
894,3.0,7.384,2.244,83.484,76.269
692,2.549,5.188,4.32,79.033,72.908
484,2.711,5.136,1.739,76.471,81.245
509,2.77,5.143,1.998,76.123,68.992
577,2.295,7.511,2.924,83.725,78.447
737,3.758,7.733,2.171,75.662,82.87
718,3.737,5.773,2.678,75.174,65.797
914,2.132,7.73,1.405,74.965,81.032
531,5.055,7.922,1.446,77.265,81.978
1112,2.251,5.081,2.957,76.847,80.6
512,2.904,7.949,1.925,74.822,82.581
1062,3.113,3.723,2.481,77.53,82.585
545,4.831,5.359,1.018,77.104,83.768
1161,3.625,4.03,2.619,76.572,83.689
1278,2.381,9.126,4.624,74.837,82.769
535,3.159,8.676,1.265,82.409,80.753
585,2.346,3.816,2.191,76.641,79.507
1293,2.084,6.913,1.947,75.615,73.625
722,2.149,4.905,1.78,74.491,68.096
766,5.008,6.401,2.759,75.848,77.042
990,3.658,3.332,4.557,75.138,87.776
490,4.219,4.487,1.34,76.4,78.009
758,5.133,2.84,1.075,76.932,71.947
679,3.357,6.251,1.602,78.344,74.804
1012,4.214,13.667,2.004,76.877,79.826
553,4.958,4.92,2.427,73.642,79.479
680,4.115,5.499,1.714,75.966,73.725
1342,4.352,5.275,2.619,86.423,75.926
1094,3.554,5.502,2.478,81.069,81.038
496,2.326,2.68,1.871,75.694,78.924
1134,3.444,7.623,3.524,76.103,86.906
733,4.532,7.369,2.699,75.041,82.042
760,2.344,7.098,2.458,78.11,81.076
553,2.533,5.633,2.566,77.426,75.575
808,1.898,4.013,2.255,74.421,70.875
1002,4.049,5.577,3.107,76.985,80.893
756,1.907,3.633,1.216,77.022,73.794
625,1.895,7.78,2.22,76.738,84.123
729,2.135,5.499,2.561,75.367,84.735
459,3.934,9.187,2.896,79.478,79.726
717,2.577,7.218,2.952,78.008,80.592
838,5.603,4.66,2.79,75.62,74.286
1543,2.056,5.726,5.574,77.381,73.139
1154,4.391,4.452,1.396,85.85,75.584
993,4.311,7.947,1.895,74.647,65.762
996,3.26,4.789,3.649,75.289,79.596
576,0.496,4.555,0.994,86.742,68.173
557,4.889,6.501,2.38,74.135,80.512
453,3.008,5.53,6.194,74.724,73.655
521,2.767,5.45,2.465,74.912,66.435
845,4.272,5.341,3.439,73.932,86.359
655,3.108,6.537,2.142,75.132,77.285
902,2.66,6.394,5.784,76.353,69.972
821,5.191,6.564,2.635,86.822,66.603
535,3.693,13.815,1.608,85.469,68.719
459,2.962,4.737,1.486,75.326,70.68
774,4.934,6.086,2.277,76.297,72.936
1631,3.113,7.143,4.16,76.516,82.206
654,2.87,15.347,1.368,74.805,78.915
594,3.084,6.167,2.095,77.894,81.405
536,1.972,5.169,2.359,77.328,84.515
939,3.746,4.112,2.223,75.702,80.182
935,2.494,6.201,2.513,77.738,79.832
503,3.809,7.975,3.216,74.234,72.927
669,2.778,7.301,2.838,85.029,67.154
721,1.896,8.57,3.059,75.159,80.717
772,3.979,7.331,2.215,75.277,73.874
906,2.863,5.6,3.182,77.125,74.448
888,3.386,6.372,1.308,76.041,73.294
600,3.173,7.075,1.836,76.93,73.388
633,3.367,6.816,1.583,74.922,78.532
537,3.244,10.177,2.876,76.834,74.563
591,3.913,4.838,1.857,77.873,81.664
641,2.487,7.211,1.745,75.477,72.833
833,3.736,4.629,1.876,76.962,76.941
831,2.18,4.955,2.583,78.785,82.555
672,2.571,6.836,1.79,75.324,84.886
1177,4.042,5.404,1.531,86.245,75.011
695,4.611,6.424,3.573,78.031,87.319
497,4.598,8.14,2.597,79.748,75.507
752,2.65,5.035,3.439,76.623,92.771
754,2.932,5.211,1.07,78.22,81.214
554,2.528,4.329,1.188,77.092,66.791
571,0.159,11.413,2.312,74.776,74.757
734,2.886,4.968,1.831,74.464,74.918
514,4.392,7.953,3.33,75.462,72.784
433,1.143,3.893,3.257,75.882,81.09
922,2.6,4.867,1.911,82.043,82.092
766,2.687,8.367,1.455,79.098,71.618
458,2.746,7.971,2.209,73.776,72.283
496,4.845,15.46,2.553,76.189,82.93
1075,3.594,9.126,3.391,82.518,76.462
698,2.661,13.026,2.171,76.248,90.862
1214,3.075,5.271,1.07,77.476,89.653
561,2.246,3.692,2.95,78.205,67.723
506,3.681,3.462,1.42,73.786,84.083
594,4.292,5.958,2.825,75.488,78.566
666,3.745,5.079,3.408,77.1,88.886
971,4.263,12.665,2.321,76.349,80.795
715,2.533,7.111,4.881,77.731,73.47
905,3.336,6.162,2.525,77.496,86.055
1033,4.769,2.366,1.786,74.125,81.007
801,3.477,9.901,2.195,76.506,76.324
781,5.757,9.687,1.976,73.106,75.897
877,1.964,5.275,4.366,77.661,78.526
987,3.187,5.855,1.664,81.559,70.187
567,3.171,3.924,1.632,75.681,82.361
892,4.817,3.91,3.093,75.473,78.533
539,2.778,12.542,2.109,74.898,80.094
1131,2.382,3.722,2.567,82.877,84.78
566,2.503,6.909,3.021,77.942,71.881
843,1.922,6.404,2.769,76.248,74.455
1005,3.947,6.082,2.119,76.826,69.519
1178,3.828,5.144,1.298,77.894,78.642
635,2.649,8.966,3.072,76.199,79.047
848,2.103,6.396,1.819,82.854,75.049
623,3.055,9.495,2.085,76.866,72.928
1255,2.883,3.238,2.386,77.012,89.255
544,4.29,16.227,2.794,76.404,77.883
821,2.924,8.528,1.638,75.196,85.102
551,2.692,5.802,1.401,80.34,69.331
582,4.065,7.952,2.926,76.844,82.033
697,2.94,13.053,3.149,77.233,89.075
443,4.379,4.246,2.856,76.593,85.041
488,2.516,9.829,5.559,75.096,77.716
672,2.253,5.95,2.237,83.447,75.426
1206,2.845,4.304,1.631,77.007,73.593
1233,2.262,3.97,2.481,78.181,80.915
534,4.886,14.048,3.141,80.933,77.747
668,2.07,9.945,3.033,77.023,79.072
771,2.755,6.405,0.54,74.13,74.148
795,2.669,6.363,3.134,83.268,88.655
971,3.962,5.506,1.051,76.333,71.75
803,4.453,3.141,1.786,82.475,72.09
804,5.635,7.237,1.491,77.452,72.683
604,2.453,6.772,3.172,76.867,88.842
550,3.643,7.095,2.619,86.442,73.346
1179,3.38,9.745,1.262,75.89,71.655
407,2.114,7.572,2.918,77.539,75.823
477,2.094,6.336,1.128,74.15,80.315
1197,2.525,7.201,2.648,77.397,80.147
623,2.434,4.145,3.438,77.441,72.949
950,4.527,7.473,1.178,78.08,76.902
485,1.763,6.778,0.972,78.318,76.53
889,4.178,5.696,2.308,74.821,80.037
722,4.692,3.606,3.209,78.154,69.717
1056,3.107,5.739,1.809,75.411,74.33
850,2.33,6.375,1.451,75.759,85.117
658,4.003,3.414,2.422,77.677,90.096
1267,2.172,9.143,2.765,76.774,72.556
553,2.435,10.107,1.54,80.348,70.251
1055,4.307,4.89,2.307,83.112,79.426
711,4.169,6.58,2.407,74.183,71.75
626,2.252,3.748,3.15,75.882,84.567
808,4.822,6.804,4.826,76.949,80.005
741,2.937,3.35,1.776,76.484,78.163
956,2.418,6.53,1.353,81.082,69.988
375,4.269,5.726,1.614,82.325,72.567
554,4.746,6.119,1.706,83.653,79.522
1016,3.895,3.063,2.537,74.894,73.023
605,2.399,8.192,2.658,75.94,84.783
1180,2.952,10.513,3.179,77.089,73.874
875,3.226,6.217,2.223,78.05,73.712
683,3.332,10.712,1.847,75.095,63.374
702,3.558,5.35,1.259,76.0,76.001
927,2.655,11.251,1.872,74.995,77.102
943,3.197,3.746,2.16,85.417,75.634
396,2.864,5.987,3.252,77.754,89.626
758,4.382,5.821,2.966,81.237,77.645
1560,5.208,14.582,2.104,76.214,74.55
1195,3.849,7.087,2.206,76.17,71.233
410,3.593,5.108,2.72,76.614,73.116
589,2.14,2.338,1.95,76.347,87.824
954,1.167,5.212,3.446,78.879,74.732
749,4.005,10.461,2.764,73.979,84.594
780,3.711,4.309,2.968,75.711,74.309
596,2.548,6.332,1.895,76.002,87.693
1433,4.146,4.888,1.317,84.471,66.263
520,3.127,3.224,2.531,74.839,82.663
743,3.391,12.809,2.986,77.041,85.043
714,2.72,15.899,2.336,78.058,81.034
1272,2.888,13.654,2.529,77.563,75.615
770,2.961,2.241,2.313,74.531,80.906
607,3.925,14.56,1.752,75.382,76.588
457,2.056,2.863,3.007,75.471,72.234
757,4.853,1.706,1.926,77.017,87.873
800,3.487,8.259,1.472,79.498,88.239
888,4.836,10.663,2.279,74.66,77.297
1043,4.532,5.603,1.424,74.86,89.829
651,2.362,3.519,3.862,88.157,68.284
567,2.903,0.94,1.918,78.335,85.119
931,2.545,10.117,1.774,76.69,79.847
523,2.768,10.416,1.604,76.312,74.702
589,3.143,3.54,2.129,77.306,90.881
1015,4.44,5.877,2.404,74.389,74.762
1001,3.603,5.645,2.666,75.923,80.188
478,5.036,4.678,1.449,76.796,77.589
895,2.763,7.122,1.519,80.499,74.746
581,1.791,12.417,2.627,75.845,88.457
625,3.673,2.819,2.408,77.802,87.25
586,2.845,4.356,5.789,76.733,79.51
659,2.58,11.491,1.447,77.409,72.959
660,3.436,5.635,1.408,78.185,77.936
929,2.482,4.474,1.438,76.93,78.644
1161,3.918,4.314,1.857,75.428,74.676
454,3.93,6.885,3.419,76.788,82.654
845,5.263,6.094,1.911,75.603,84.146
498,1.733,6.479,3.092,74.764,82.698
598,3.26,3.265,1.163,75.543,79.72
864,3.265,3.892,1.399,85.243,77.458
537,3.409,11.832,2.252,74.305,78.292
780,2.313,1.256,2.287,77.083,75.006
622,3.568,4.018,1.182,77.259,79.307
487,2.76,6.252,2.11,76.821,75.558
754,2.345,6.759,4.547,75.505,74.79
656,3.758,8.302,3.022,82.45,87.455
789,4.713,7.096,1.282,75.776,70.857
681,2.647,12.008,1.406,77.997,87.014
621,3.341,6.462,1.517,77.707,81.889
481,3.119,7.459,2.768,77.611,81.748
802,3.123,4.074,1.162,84.884,91.847
669,4.752,4.908,1.173,77.081,80.046
886,4.551,2.598,1.649,76.503,87.093
909,3.801,4.632,2.244,85.028,65.768
711,4.221,10.665,5.145,76.652,80.264
711,2.831,5.424,2.132,75.781,81.67
625,3.452,7.979,1.809,74.131,72.5
1201,4.705,8.119,0.726,76.282,77.049
372,4.379,4.307,1.344,74.365,85.173
609,2.253,9.82,1.472,73.927,77.867
569,2.592,4.001,4.332,76.248,75.43
685,4.756,5.681,1.559,81.218,76.416
416,2.666,8.402,3.261,85.377,91.503
830,4.189,12.584,1.727,83.864,75.609
630,4.211,7.044,2.798,74.463,77.728
512,1.861,6.326,1.129,76.625,74.157
1339,2.815,18.69,0.375,77.529,83.058
640,3.6,6.325,1.328,75.835,79.956
921,5.411,6.562,2.851,82.859,86.491
699,4.602,3.331,0.806,76.853,79.456
1275,3.412,10.324,2.437,75.898,82.182
1171,2.419,7.33,2.579,76.155,75.612
693,4.566,5.736,2.465,76.162,82.874
959,5.506,3.635,3.061,80.818,82.863
972,5.154,5.749,2.035,75.553,83.844
608,3.113,4.165,1.74,76.703,78.226
944,3.337,6.43,4.799,78.891,88.975
1694,3.772,11.071,2.175,75.689,75.505
729,2.192,6.722,2.164,76.186,77.016
741,2.302,6.591,2.415,77.827,83.814
724,4.526,5.503,3.068,85.309,72.668
752,2.799,6.53,4.95,80.621,72.241
633,2.367,4.646,1.054,76.817,81.127
664,3.498,6.583,2.848,75.897,78.471
619,3.86,6.88,0.925,77.575,85.839
798,1.989,2.983,1.363,77.304,76.034
787,2.381,7.573,1.207,74.185,73.481
1125,5.07,6.529,2.815,76.92,81.804
701,4.539,8.262,2.936,84.073,75.269
1192,2.356,5.989,1.463,75.555,73.928
654,3.819,5.162,1.653,85.397,87.615
472,2.5,3.67,3.646,74.003,82.011
437,3.9,6.735,2.79,78.008,78.003
514,3.643,6.666,2.831,78.854,76.939
1186,2.165,4.464,3.134,76.723,78.407
699,4.214,6.38,1.669,88.112,76.684
1397,2.889,1.846,1.371,77.661,75.503
1196,3.704,5.219,0.395,76.765,70.958
940,0.291,6.932,3.783,77.487,87.817
571,3.41,5.805,2.537,74.097,72.827
912,2.185,8.469,7.425,76.08,71.76
866,5.39,5.934,2.46,76.355,76.562
813,4.605,3.373,1.521,76.948,78.726
1079,0.429,6.254,1.922,76.552,77.749
725,3.877,5.781,1.863,77.244,91.933
420,2.39,6.539,2.551,74.92,88.1
779,4.429,5.829,2.593,75.976,75.948
777,2.08,2.277,2.389,84.848,70.333
657,1.863,6.594,1.216,75.463,92.583
680,0.809,3.781,0.948,77.768,71.918
1565,2.116,8.582,2.762,74.805,76.993
1691,2.241,6.22,1.434,76.222,73.391
414,3.929,4.469,1.74,74.461,80.172
624,3.961,5.625,1.925,77.651,78.25
818,2.159,5.033,1.933,76.668,75.732
692,4.388,5.777,2.871,80.339,74.979
719,3.073,3.957,4.73,76.114,77.815
1137,4.023,8.871,4.565,80.089,74.851
629,2.726,7.696,1.88,76.679,70.033
639,5.226,4.722,1.417,74.888,80.654
1270,5.811,3.89,1.577,79.676,68.78
534,3.049,5.976,1.305,75.843,76.693
1059,3.574,5.791,1.613,75.973,86.029
903,3.724,6.054,5.171,76.747,85.273
480,2.691,5.344,2.647,76.009,81.148
546,4.376,5.978,1.813,83.361,75.383
926,5.495,8.557,1.985,77.495,87.943
811,3.361,10.333,1.86,74.882,79.226
1049,3.651,5.807,3.134,78.29,75.03
1354,4.186,7.9,3.182,76.041,71.877
777,2.464,7.024,4.715,77.65,87.932
526,2.507,11.482,6.431,75.118,75.041
509,1.99,6.978,2.713,87.985,77.811
696,3.475,9.91,1.987,77.052,72.357
844,4.382,14.197,1.573,77.405,87.946
620,4.804,17.869,3.343,76.842,74.387
725,2.779,11.58,2.312,77.031,82.636
400,4.804,4.04,1.635,75.596,88.09
1269,3.402,8.485,1.585,76.366,74.234
820,2.079,8.898,6.221,74.209,79.035
723,3.292,7.072,2.657,76.249,72.759
981,4.039,4.117,1.842,76.804,72.372
764,3.347,5.019,2.214,74.241,79.328
736,5.203,6.173,5.217,77.203,78.942
621,4.892,2.69,3.01,85.668,80.518
817,3.614,6.77,3.569,75.154,74.158
650,3.792,7.094,5.522,75.201,83.395
746,2.753,7.234,1.848,77.282,82.59
598,3.424,7.834,3.51,74.261,85.482
1399,3.085,5.686,1.428,77.498,85.28
869,2.437,5.091,3.256,74.381,87.452
1164,2.224,12.918,1.567,80.652,70.891
407,2.406,3.916,1.78,84.744,66.664
673,3.724,8.654,5.105,74.805,80.173
856,2.865,5.745,1.875,77.997,68.461
722,4.362,18.151,1.16,81.949,78.216
705,1.942,6.207,1.01,77.898,77.288
462,2.476,9.608,2.978,86.742,84.33
654,2.881,1.566,1.841,75.954,67.968
792,2.266,5.878,2.081,73.508,82.913
1260,4.958,6.863,3.688,77.229,75.867
881,3.04,5.378,1.937,75.125,79.062
1283,2.785,6.581,1.815,76.91,82.0
998,4.036,5.62,1.819,81.81,78.998
608,2.17,3.041,1.512,78.52,83.678
1098,5.203,4.675,2.068,73.642,69.154
557,4.85,8.168,2.447,75.71,70.728
1134,2.82,15.563,2.39,75.23,68.536
600,4.979,5.478,1.966,78.479,71.35
1156,2.701,5.248,1.804,84.549,75.614
1004,3.4,12.695,1.665,80.057,88.0
1222,3.306,6.968,1.949,82.523,65.896
617,2.486,7.081,2.481,77.09,81.888
380,2.345,4.081,1.795,73.135,69.779
547,2.971,3.544,3.338,75.287,73.4
999,4.879,6.526,2.459,73.895,74.032
924,3.005,4.339,2.0,75.532,83.566
768,6.561,5.838,5.067,76.773,72.452
386,2.84,8.347,1.884,74.705,77.005
969,3.872,7.981,2.348,77.225,86.525
1137,2.626,7.986,4.517,74.726,77.064
622,4.409,12.095,3.145,73.004,74.479
746,3.048,9.007,2.305,75.811,77.902
1390,3.395,4.745,1.604,75.499,83.55
861,3.146,12.338,4.28,74.982,82.564
510,2.332,5.644,1.33,77.295,83.514
477,5.0,7.096,1.148,73.446,84.287
702,3.376,4.049,2.553,83.502,90.04
519,3.37,4.931,2.037,76.467,76.179
929,1.683,4.037,1.477,76.588,83.394
863,4.907,16.227,3.555,73.089,72.321
932,4.627,6.154,1.663,74.839,78.586
1159,2.18,4.207,1.161,75.428,91.181
686,2.098,3.476,1.827,75.667,73.916
695,3.631,5.033,3.023,75.562,76.058
585,3.188,8.199,1.716,82.23,88.488
765,4.028,10.056,1.436,74.742,80.223
824,3.09,2.805,1.453,76.99,80.929
513,2.835,8.181,0.996,82.657,66.977
917,5.356,4.111,1.843,77.973,78.615
533,1.979,6.485,5.95,76.684,88.987
1406,2.792,9.422,2.771,75.804,74.523
989,3.32,4.528,2.989,75.672,86.286
601,2.649,16.182,1.644,75.166,85.477
1424,3.668,5.026,2.488,76.616,79.275
758,2.489,6.012,1.48,75.52,75.42
699,4.85,5.54,1.46,76.495,80.735
452,2.413,2.948,1.492,75.673,68.959
1056,2.519,4.836,2.304,75.939,87.703
680,5.097,8.61,2.951,74.304,86.379
642,2.405,7.867,2.682,82.978,81.458
871,3.63,8.678,2.626,77.237,81.498
993,3.337,5.129,1.667,87.366,75.936
1334,3.647,8.172,1.721,75.758,79.197
799,2.419,9.986,2.635,75.699,76.763
925,4.251,6.885,3.532,75.035,81.564
946,2.338,5.879,6.107,78.056,81.373
1032,3.38,7.155,1.689,84.632,75.567
849,1.824,4.964,1.531,75.237,75.908
652,2.253,4.145,1.042,86.086,75.857
556,2.346,4.898,0.096,76.816,90.492
862,3.636,5.922,2.501,74.86,68.527
499,4.997,8.615,2.45,76.005,73.295
628,2.502,13.769,2.34,80.92,72.596
530,5.396,7.143,5.595,75.483,83.806
1381,4.14,5.381,2.281,85.2,71.91
608,1.869,3.947,2.614,76.421,77.457
657,3.562,5.361,2.464,74.186,73.798
770,3.384,3.251,2.15,82.754,80.021
753,3.929,7.854,1.178,77.358,77.996
743,3.107,5.524,2.581,74.119,82.992
822,2.095,6.599,3.259,73.327,73.662
533,0.229,5.38,2.006,82.109,78.47
1087,4.295,3.273,2.087,85.178,75.427
706,1.974,3.417,1.588,76.97,86.164
793,2.796,8.294,2.033,75.305,73.83
516,2.187,6.046,3.036,76.759,76.524
1000,3.117,3.842,1.47,76.365,82.73
549,2.989,6.55,2.617,74.235,71.51
1032,4.718,6.92,2.423,74.526,73.388
845,3.741,4.168,1.688,74.963,70.115
1058,4.575,8.466,2.51,75.974,73.177
654,2.266,5.852,2.965,82.619,78.507
819,2.553,11.966,5.089,76.699,77.254
773,0.655,4.97,2.524,76.077,77.803
993,2.22,4.741,1.584,76.877,86.312
647,2.246,11.614,2.689,82.942,79.532
562,2.464,7.533,1.905,81.078,78.834
645,5.156,6.431,2.586,75.498,79.571
892,2.766,5.977,1.324,74.446,80.874
691,2.554,2.572,1.994,76.852,71.604
833,2.954,4.883,1.655,76.048,72.082
612,3.521,6.021,2.758,76.149,87.679
802,2.975,7.962,3.084,76.294,77.145
753,4.676,5.822,1.858,76.593,84.656
702,2.2,7.778,2.899,74.32,83.396
1161,3.409,5.261,2.729,75.016,66.094
1386,4.548,5.025,3.137,76.551,91.819
438,1.908,3.758,3.44,73.29,70.557
818,5.398,6.132,3.317,77.214,69.532
1221,2.22,6.994,1.595,85.017,81.451
838,3.235,7.331,2.914,80.662,81.167
771,2.114,4.696,4.454,77.139,79.817
927,2.385,7.178,1.831,77.413,85.365
894,3.481,15.325,2.067,76.571,86.271
718,3.977,5.642,2.407,78.011,80.21
1096,3.226,6.07,2.669,77.291,83.354
1223,2.01,5.021,2.903,87.832,83.385
602,3.258,5.541,2.368,78.32,82.493
544,5.046,8.784,3.136,73.685,76.362
915,3.971,7.695,1.905,77.966,80.159
701,4.279,5.154,3.212,75.488,70.903
660,4.045,3.889,2.168,76.578,72.203
776,2.671,6.664,2.645,85.562,79.793
726,4.144,6.817,3.359,75.772,81.095
510,4.641,3.946,1.855,78.017,74.075
552,3.225,6.805,2.103,82.302,74.132
876,2.537,5.9,1.064,77.685,70.478
606,2.323,5.128,2.846,80.373,91.207
551,2.239,7.122,1.261,84.729,74.657
594,2.323,5.832,1.379,75.304,72.09
855,3.087,5.171,2.493,86.236,81.373
810,2.869,6.688,2.863,75.263,76.431
931,4.117,6.254,3.135,79.715,72.561
931,1.82,6.268,1.919,79.55,84.715
710,3.458,3.82,1.406,75.518,71.727
1190,2.291,6.548,2.052,74.995,73.254
696,3.101,5.784,2.478,76.243,70.66
1276,2.433,5.768,1.827,77.796,84.362
1223,4.102,5.657,3.279,74.161,75.218
446,4.975,4.91,2.834,78.168,90.894
785,3.147,3.499,1.726,83.161,86.875
850,2.912,7.24,2.618,76.244,87.177
657,2.679,18.158,1.918,77.165,69.488
660,2.72,8.798,2.808,75.365,72.669
579,3.316,3.677,1.425,76.31,77.225
947,3.682,6.413,3.534,78.641,82.564
600,2.758,6.935,1.524,77.906,83.657
886,2.643,5.616,1.259,76.363,77.584
996,3.22,2.935,1.085,75.531,78.189
1488,3.576,5.194,3.047,78.691,79.475
533,6.169,3.18,1.366,78.031,79.366
785,4.396,3.92,4.021,86.408,74.972
682,3.809,4.131,1.506,77.442,84.556
694,2.64,9.996,3.043,74.844,77.581
1159,3.693,11.09,2.882,81.601,90.265
619,3.226,4.366,1.588,77.752,67.233
823,2.072,3.516,1.38,74.896,89.247
1142,4.723,8.561,1.652,76.695,72.515
553,2.599,7.058,1.802,84.079,75.315
869,5.183,5.494,0.998,73.333,73.183
392,4.935,4.547,1.533,79.888,69.736
843,3.793,5.458,2.606,77.348,79.957
901,2.501,6.262,2.205,75.347,75.795
1038,2.556,11.49,2.023,88.842,76.851
534,3.008,6.86,5.603,78.476,70.465
1414,2.362,12.153,1.57,86.071,75.608
1014,2.944,8.486,1.603,80.987,67.514
1367,2.375,3.815,1.893,85.211,72.925
1033,5.315,8.593,1.478,79.206,80.885
591,4.869,7.86,2.782,76.005,66.667
507,3.279,9.43,3.027,76.299,78.992
642,4.486,9.838,3.243,76.494,69.879
725,3.296,6.932,1.086,76.841,79.2
778,2.101,4.647,2.495,77.709,76.773
714,3.326,5.931,3.549,75.762,71.315
742,3.214,5.403,3.087,75.318,85.337
560,3.893,3.645,1.286,76.484,69.99
884,2.703,3.041,3.257,77.984,84.623
669,3.634,7.726,1.591,77.734,69.96
626,3.706,8.333,2.929,83.696,66.081
549,2.787,5.795,1.522,75.574,67.438
468,4.802,12.399,2.566,76.237,74.377
838,2.91,7.11,2.493,76.165,76.945
633,4.103,5.145,1.662,74.746,69.809
444,2.191,5.052,4.942,76.716,74.012
919,5.358,7.243,3.282,79.312,74.787
543,4.296,5.205,4.132,77.01,85.26
917,3.891,4.881,1.829,75.491,73.46
1049,4.081,5.535,3.137,75.882,68.019
498,3.699,5.41,3.166,75.866,78.459
650,2.79,7.13,2.956,77.777,77.927
659,4.951,5.938,1.621,75.814,64.801
644,3.469,4.546,2.446,76.833,74.531
1053,3.571,5.971,1.932,77.86,69.494
517,3.914,3.807,3.596,83.384,81.258
602,1.944,5.198,1.892,78.228,75.551
1404,2.076,5.677,2.095,86.854,85.119
1223,2.577,5.319,2.944,76.535,84.006
705,1.907,6.83,3.456,75.511,70.198
508,4.289,5.673,2.1,76.173,80.357
625,2.295,5.765,1.766,76.411,76.843
753,1.715,5.192,3.278,77.571,80.2
415,1.702,7.851,3.136,75.459,72.826
936,1.269,6.481,1.439,77.205,70.448
507,2.878,4.429,1.622,77.372,81.712
1704,2.695,6.91,4.782,74.997,75.41
770,2.765,11.177,2.199,75.869,79.989
1127,4.422,7.795,1.742,75.776,73.219
593,3.541,3.246,1.82,75.447,76.508
408,3.389,7.543,1.541,73.517,79.721
1216,2.276,4.95,1.284,80.79,75.962
590,5.351,4.943,2.673,75.589,79.336
592,2.264,10.113,2.954,76.515,70.81
890,2.397,6.559,3.218,77.155,69.293
538,4.26,7.694,2.084,80.183,81.181
902,1.246,5.847,1.022,74.648,80.677
883,3.72,4.704,1.658,87.047,71.909
1227,3.135,4.369,1.618,81.674,89.505
718,2.768,5.049,2.23,76.78,76.621
778,4.226,6.895,1.77,77.665,82.598
968,2.843,7.733,1.423,84.042,77.985
1043,3.299,9.762,2.291,78.368,79.086
543,2.36,7.302,1.247,82.67,74.819
494,5.058,8.342,1.778,76.045,81.406
1469,2.259,6.839,1.911,77.551,77.409
821,4.358,8.139,2.305,76.196,80.834
518,2.005,7.492,2.941,77.953,70.749
877,3.685,8.409,2.434,79.665,66.056
759,3.499,6.158,2.009,77.15,72.805
892,3.198,7.309,1.459,77.475,78.348
548,3.733,4.14,1.567,77.037,76.142
519,4.706,10.643,1.659,77.052,77.006
871,2.471,5.881,2.367,77.093,80.338
589,4.623,1.458,2.778,77.154,83.164
474,4.988,5.107,1.664,81.948,80.246
547,2.706,5.493,2.491,76.698,74.342
591,3.103,6.757,1.892,75.853,74.914
479,2.479,6.008,2.511,78.025,81.128
745,4.823,2.897,1.907,77.393,87.291
1081,2.382,4.949,0.876,80.262,78.741
459,3.998,7.068,6.032,74.528,84.172
870,1.803,3.778,1.986,84.554,91.06
396,2.639,6.468,2.764,75.226,65.439
1040,2.406,4.027,2.31,77.641,78.229
940,3.805,8.351,2.257,77.531,79.656
1056,4.047,5.985,1.755,82.094,88.363
1511,2.321,7.459,1.463,74.56,79.947
1056,2.794,3.956,3.089,80.614,80.654
803,4.444,9.102,1.664,80.598,75.485
1437,1.868,3.85,3.774,77.535,79.758
654,3.114,4.735,2.78,76.727,88.014
517,4.004,9.608,2.364,76.336,67.4
858,3.361,11.198,4.392,74.666,82.302
534,3.13,5.81,1.781,76.366,80.462
632,3.735,12.557,2.627,75.485,69.991
824,2.796,11.019,1.665,74.107,83.927
384,2.416,3.037,2.059,77.684,74.402
1365,2.687,6.731,2.895,76.523,69.09
931,2.556,5.795,2.421,75.447,86.717
649,2.824,5.895,3.164,76.561,82.412
740,0.412,5.29,2.251,77.476,77.648
612,1.857,4.197,1.319,77.656,72.857
559,2.134,5.453,3.231,75.567,69.535
588,3.609,7.239,1.725,76.999,84.513
1072,3.768,5.19,2.594,80.596,80.46
1522,3.301,6.311,3.566,79.085,76.324
831,2.371,4.958,2.749,78.118,71.694
718,2.613,6.104,2.253,84.162,83.663
589,4.095,8.317,0.895,74.758,86.253
682,4.171,7.306,2.726,78.237,78.876
471,4.222,2.724,2.399,77.074,80.281
657,4.019,17.3,2.807,77.855,75.764
468,2.287,7.102,3.139,76.132,92.073
1118,2.505,4.616,4.903,77.006,74.768
616,2.974,6.407,2.953,74.68,79.411
981,3.236,7.455,4.277,73.299,80.963
564,3.101,7.78,2.701,77.942,78.277
611,2.388,2.976,2.559,75.754,83.392
760,2.001,5.798,3.435,74.738,65.987
1367,1.647,7.682,2.058,84.854,75.23
832,2.09,5.756,1.144,75.684,84.805
831,2.287,6.884,1.176,74.062,84.371
550,0.318,5.572,3.896,78.277,82.467
845,5.149,6.697,3.094,77.738,71.348
807,2.134,3.359,1.151,75.35,88.209
853,2.158,2.107,2.189,77.943,88.037
1070,2.161,6.199,3.513,84.29,72.972
1119,2.572,10.33,2.485,74.102,68.686
603,5.575,8.25,5.079,75.332,83.457
1013,4.012,6.458,1.756,77.822,73.432
596,4.495,4.657,1.601,83.161,85.613
958,2.454,10.047,2.019,77.125,74.738
845,3.547,10.428,5.891,82.425,81.495
1154,2.25,6.919,2.455,75.643,81.852
914,2.839,7.139,2.939,75.519,75.967
1015,3.401,3.931,2.716,76.328,84.096
558,1.975,5.751,2.883,76.683,81.305
724,3.246,4.566,2.064,74.045,77.57
546,2.619,4.459,1.825,74.329,83.813
635,2.274,4.419,1.472,85.927,84.298
1258,2.96,4.557,1.954,75.38,70.478
788,3.838,4.74,1.054,76.182,78.301
928,4.466,8.317,1.501,74.803,87.838
1063,2.732,8.83,1.453,77.244,84.34
538,4.832,0.619,2.108,75.653,74.458
501,4.402,3.629,2.149,76.591,87.061
954,4.038,5.905,2.201,76.669,71.193
996,2.998,6.83,1.277,76.59,75.563
689,3.229,7.031,2.048,84.395,78.73
1158,3.543,3.939,2.384,76.49,70.229
952,2.449,3.988,1.52,73.646,82.015
724,4.412,12.813,1.61,75.647,89.004
822,2.681,6.048,1.589,74.454,75.082
683,3.009,5.097,2.435,76.833,80.665
771,2.646,5.824,1.858,73.906,72.705
715,2.421,4.743,0.82,77.902,75.005
554,0.386,5.417,1.654,73.954,80.709
641,4.313,3.444,0.792,77.365,69.754
923,4.846,6.71,2.323,75.064,74.094
408,1.764,2.332,0.97,76.66,74.848
347,2.629,7.872,1.803,75.499,75.88
1242,2.94,10.164,1.1,80.735,77.774
493,2.659,11.154,3.342,75.215,71.401
835,2.854,12.164,1.699,78.315,71.286
581,4.081,7.948,3.141,83.92,76.585
688,2.665,6.117,2.413,75.088,68.751
803,2.985,10.234,0.883,76.093,76.732
777,4.825,14.953,2.968,73.814,74.751
874,3.454,12.061,3.083,74.438,78.55
746,2.749,6.17,1.039,77.495,71.349
1180,4.758,7.083,2.108,85.974,77.67
529,2.53,4.876,2.566,78.083,86.567
453,5.25,6.857,1.022,73.744,72.359
721,2.073,2.034,1.172,76.756,82.772
779,4.439,5.428,2.208,86.464,69.832
959,4.113,5.394,2.533,82.354,76.06
646,2.236,7.854,2.165,75.066,83.691
855,2.32,5.938,3.039,74.357,79.615
1563,5.204,6.62,1.68,77.659,74.406
913,4.296,5.159,3.034,75.65,84.708
543,3.93,4.102,1.208,76.535,77.89
506,3.719,5.507,6.923,79.989,76.785
568,2.596,5.964,2.688,86.77,87.862
807,2.393,9.175,2.168,75.691,73.91
715,2.923,3.613,1.753,82.723,73.182
797,3.054,11.098,2.433,79.368,90.904
411,1.912,7.17,3.415,77.082,88.036
498,2.441,2.306,3.164,76.27,80.501
1125,1.91,3.0,3.643,78.123,88.921
788,2.382,4.508,3.143,75.749,70.287
730,5.044,4.882,1.537,78.036,70.516
1117,4.055,4.496,2.68,76.279,84.061
765,5.274,6.888,1.641,81.96,73.69
921,4.926,10.747,3.663,76.767,83.561
775,2.98,5.289,2.324,76.33,81.513
1024,2.195,4.866,0.512,77.774,83.935
888,3.239,7.593,2.651,88.053,84.492
598,3.126,5.662,1.529,76.211,71.641
510,2.409,4.646,1.345,77.808,72.244
798,5.153,4.916,1.82,75.427,75.329
850,3.704,3.81,1.124,76.774,69.705
612,2.073,5.939,1.003,76.517,72.212
908,4.31,6.312,1.237,78.285,74.124
683,5.406,10.897,3.891,77.428,69.17
779,2.543,5.286,2.711,76.907,76.517
491,4.367,6.027,1.743,86.036,71.845
696,3.23,13.508,2.712,74.91,76.233
672,5.553,5.442,3.356,86.155,74.578
760,3.516,4.574,1.999,75.853,83.314
396,2.73,14.274,1.949,76.245,81.453
759,2.815,4.796,5.387,74.645,69.083
597,3.111,8.556,1.94,74.872,78.192
509,2.945,4.74,2.453,74.22,84.958
619,4.379,4.516,3.027,77.324,75.344
642,2.384,4.328,5.822,75.177,76.389
855,5.022,11.315,3.303,75.715,84.605
637,3.377,4.409,2.146,77.739,69.622
1124,4.755,5.54,2.723,77.078,77.331
879,4.187,7.737,1.784,74.18,77.805
1613,1.999,4.523,2.031,74.002,81.252
812,3.11,5.864,1.316,78.34,89.33
868,1.886,6.934,1.663,82.066,75.231
665,1.924,4.924,1.467,76.733,71.233
695,4.003,13.016,1.703,84.835,86.912
745,4.115,4.352,2.614,77.211,84.763
713,2.104,5.432,1.071,81.149,74.129
977,2.31,3.447,3.176,83.316,88.466
1503,4.055,7.661,2.034,85.844,75.089
451,4.033,5.914,1.752,73.536,75.078
692,3.629,5.533,1.645,73.472,74.685
720,2.703,4.806,2.531,76.401,77.702
909,1.902,5.653,1.433,79.002,73.734
800,2.841,6.841,1.656,83.512,70.316
1087,4.584,7.382,3.13,75.922,85.143
772,4.289,5.147,1.095,74.102,72.208
654,2.127,6.049,2.932,75.452,85.562
886,3.747,6.171,1.988,76.685,75.106
416,3.29,7.262,2.185,74.451,74.583
1247,2.922,11.804,1.884,89.469,78.909
625,1.991,4.609,1.822,74.083,76.732
1112,4.379,8.451,1.989,75.594,72.136
895,3.707,2.028,3.277,76.283,87.521
993,3.313,4.123,4.12,77.437,84.98
999,4.228,4.759,1.338,82.332,77.643
553,2.807,4.828,3.326,77.754,88.987
1246,3.17,10.773,1.112,83.865,76.055
815,2.823,6.15,2.832,77.15,73.109
817,3.852,7.983,1.475,76.303,81.105
761,2.572,7.264,1.487,77.056,83.626
513,2.729,17.482,2.69,78.565,74.141
628,4.646,5.288,3.033,76.417,82.735
976,2.981,6.512,3.812,77.156,83.707
488,3.578,2.749,2.9,78.524,93.668
680,2.354,6.254,2.559,77.353,92.458
640,2.046,7.89,2.218,77.392,85.616
1047,4.659,5.562,2.053,87.097,80.414
1522,3.194,3.344,3.24,76.597,79.45
747,4.204,6.79,2.805,76.54,72.946
910,3.152,5.586,2.431,75.857,68.105
565,2.214,7.22,2.557,82.347,76.517
888,2.057,5.731,2.729,76.633,84.095
1880,3.161,4.893,2.402,76.847,80.471
612,2.972,4.349,2.366,76.819,83.926
570,3.858,8.985,2.492,73.742,74.837
820,2.283,5.455,4.64,76.27,81.219
617,3.975,11.463,4.726,86.357,88.039
422,4.942,10.063,1.778,77.457,81.856
1353,2.108,8.302,3.164,75.007,73.732
1249,2.461,6.246,4.145,76.838,72.57
925,2.821,7.229,6.499,82.84,80.626
1182,5.828,6.504,2.084,75.723,78.264
580,3.363,5.868,1.906,77.492,73.968
359,2.828,6.701,1.554,77.224,77.778
991,3.646,6.777,3.231,76.801,70.666
852,1.827,0.003,1.605,74.786,78.051
1038,3.995,4.776,3.236,75.658,81.72
630,4.345,4.896,3.42,82.203,73.697
763,4.395,5.937,1.473,77.052,71.341
630,3.935,9.653,2.984,75.263,80.895
740,2.51,6.298,3.168,75.992,74.115
509,5.011,4.021,2.63,86.448,70.894
443,3.754,12.816,1.311,77.058,70.581
687,2.159,14.002,3.123,76.679,81.476
631,2.389,2.135,2.497,76.401,87.525
486,4.273,3.462,1.69,75.569,73.464
1103,2.682,4.255,2.654,77.266,90.171
640,4.424,5.131,3.07,77.816,84.053
527,2.03,8.304,1.599,84.171,77.895
599,5.425,4.242,2.208,77.494,73.485
1035,2.051,6.733,3.738,77.242,87.659
971,2.946,5.035,3.229,75.606,75.311
788,2.24,5.178,4.722,76.951,81.531
890,2.774,10.013,1.196,78.085,84.52
575,5.508,7.953,1.529,76.126,77.731
722,4.231,6.893,3.524,80.622,80.782
1138,5.015,5.853,1.033,76.61,71.139
647,3.868,10.323,0.922,76.863,75.059
580,4.003,5.625,1.563,86.081,78.015
687,4.234,5.828,3.13,74.083,68.663
855,4.538,4.259,2.156,76.538,71.549
1272,2.068,0.787,0.834,78.665,78.036
658,2.502,3.366,2.56,76.846,83.572
781,3.999,3.866,1.558,75.548,70.392
732,2.262,9.534,2.926,77.085,90.181
822,2.455,5.056,2.245,76.426,73.461
649,2.981,7.11,2.782,83.853,79.88
706,2.307,8.113,5.055,79.47,71.634
399,4.818,8.16,1.627,75.263,84.948
1369,2.675,9.337,3.461,75.181,71.466
676,2.421,3.384,1.172,85.095,89.84
457,2.339,5.732,1.706,77.513,78.598
975,2.111,5.837,3.082,75.89,81.221
566,4.256,12.606,1.387,74.882,77.867
636,4.664,6.163,2.531,76.227,77.35
761,2.955,5.739,2.686,86.629,89.289
802,1.975,6.401,2.343,75.731,80.203
649,3.88,4.497,2.401,78.656,79.686
1042,3.214,5.191,3.654,79.141,88.604
1120,3.527,6.59,2.898,75.948,76.751
658,3.202,6.108,1.568,75.665,69.755
710,3.436,5.445,1.308,76.659,87.29
706,2.117,4.866,2.697,77.367,87.099
754,3.928,6.563,1.871,75.101,83.782
681,4.356,7.645,1.861,79.987,69.344
779,3.961,5.095,2.562,76.012,86.644
977,3.067,3.464,2.6,75.996,88.19
569,2.59,4.621,2.958,75.453,76.692
1584,4.201,4.838,0.239,78.114,70.32
674,4.594,6.907,2.332,74.336,78.875
1145,4.437,5.687,2.966,74.062,71.003
764,2.444,7.433,4.299,76.239,78.879
532,2.375,6.444,1.998,82.83,83.787
479,3.994,7.164,1.986,75.397,77.149
850,5.026,3.672,4.672,74.778,87.642
1010,4.165,6.255,3.066,76.183,66.985
1565,0.214,4.452,2.365,76.053,89.117
620,2.456,12.299,5.22,77.556,78.29
516,2.708,3.663,2.152,78.073,77.214
726,1.893,1.492,3.066,78.161,86.406
508,3.475,6.456,1.295,76.177,74.872
434,4.503,3.792,2.022,76.411,83.75
1014,3.202,4.356,3.174,78.757,75.051
570,4.204,5.498,2.058,81.454,82.183
665,5.798,1.62,0.971,77.23,71.236
774,3.389,10.505,3.964,77.442,75.811
424,2.345,10.301,3.461,76.591,89.04
806,4.831,9.848,1.825,76.401,75.694
657,2.469,5.517,2.76,75.951,79.181
867,2.097,7.229,1.283,84.032,79.556
612,4.765,9.149,1.142,75.47,67.55
591,4.057,6.477,1.542,77.69,75.384
932,2.926,6.02,1.686,75.754,74.699
856,3.323,8.55,1.93,73.99,65.976
485,4.572,4.828,0.971,83.244,87.705
1001,3.162,2.842,1.966,79.809,87.371
992,3.293,7.986,2.664,75.056,67.529
884,4.247,7.55,1.081,86.537,91.259
377,3.756,5.406,0.918,76.213,75.084
405,5.201,8.445,4.2,77.377,87.681
853,4.766,6.231,2.033,83.23,70.774
1495,2.056,4.173,1.662,75.616,67.803
365,1.913,4.959,2.295,76.12,75.141
475,4.777,5.771,2.013,76.298,85.407
461,2.901,6.38,2.248,75.059,86.572
469,2.303,8.282,1.491,75.391,72.533
555,4.004,6.63,1.637,75.286,69.044
1240,4.457,7.427,1.528,74.947,85.781
408,2.306,4.009,2.049,77.072,87.677
486,2.43,6.997,4.218,85.384,71.818
500,2.276,13.355,2.855,74.801,81.109
621,3.251,5.331,2.615,78.185,71.338
754,3.458,3.836,1.904,80.324,81.232
612,4.412,3.985,5.699,76.509,85.425
919,2.726,14.715,2.299,75.61,87.73
562,2.469,6.671,1.767,78.361,77.952
683,4.237,4.048,3.504,76.994,85.89
493,5.042,4.214,0.554,78.369,69.014
1048,4.063,5.387,0.843,77.715,77.316
753,2.615,5.977,1.594,75.523,74.361
700,3.193,7.614,1.711,76.396,74.093
743,2.819,4.418,0.94,75.994,77.023
866,4.545,6.762,0.971,84.207,74.989
666,2.008,3.056,1.328,77.231,74.548
619,4.903,8.235,6.096,75.689,80.176
1207,2.695,4.453,2.015,77.504,82.066
1120,2.34,10.058,1.579,80.032,76.458
731,3.577,6.907,0.917,77.341,79.217
589,2.051,8.369,3.142,75.229,77.641
695,1.983,11.774,2.162,76.491,73.486
738,2.292,5.836,1.542,84.376,76.817
534,2.827,4.187,3.334,84.283,74.815
601,2.707,4.511,2.702,75.483,78.511
444,4.607,18.752,3.065,74.839,75.778
990,1.97,10.029,2.586,75.772,80.371
956,3.54,5.792,3.666,75.071,83.594
687,3.404,7.055,1.27,72.795,78.806
894,4.433,6.814,2.685,82.336,82.568
771,2.963,10.567,2.431,76.093,72.33
830,3.69,5.65,1.51,76.087,71.552
811,2.557,4.424,2.364,75.925,75.853
1209,1.956,13.127,2.032,75.218,80.157
541,1.926,6.887,1.541,73.612,79.43
703,4.896,4.788,1.473,77.119,73.141
702,3.25,8.807,1.788,77.118,88.271
659,3.582,4.822,2.175,76.393,73.335
1229,3.91,3.908,1.518,76.314,80.87
1160,4.556,6.081,1.928,78.478,89.948
1164,3.845,7.093,3.146,78.373,84.029
765,2.319,4.878,1.178,77.723,82.683
1206,3.896,5.857,1.661,77.022,74.43
830,2.303,9.737,2.46,77.704,78.642
823,3.874,4.861,2.744,77.246,83.367
778,2.312,6.596,1.3,77.211,69.624
604,1.955,3.531,2.526,76.215,75.227
623,2.949,6.886,2.452,80.904,67.184
467,4.324,7.621,2.341,83.24,75.376
1520,3.9,6.611,2.235,76.43,76.802
814,3.306,4.99,1.578,75.491,86.177
1413,4.065,4.68,1.882,77.427,76.247
1044,2.652,6.115,2.908,80.274,69.38
742,2.498,6.012,4.852,86.06,78.284
539,3.584,5.898,2.562,76.693,71.764
481,2.472,5.481,1.689,76.889,80.954
607,4.074,5.13,3.311,82.848,85.334
667,3.409,9.507,2.886,76.855,71.023
1163,2.625,7.781,4.597,74.913,78.705
1326,1.102,7.4,2.406,78.278,75.437
840,2.389,5.911,2.867,77.621,85.872
586,2.365,3.91,1.373,77.71,90.924
643,3.776,10.919,1.607,74.488,84.555
904,4.975,4.722,2.287,76.596,76.234
554,3.058,4.234,2.721,75.925,73.091
686,3.017,11.305,2.609,76.828,83.566
1104,2.677,5.914,2.777,77.949,82.66
1017,3.401,8.49,1.653,74.548,85.896
767,3.498,4.521,1.542,75.32,73.735
884,4.614,6.523,3.183,76.747,87.806
1148,3.275,6.775,2.398,75.429,82.917
864,4.159,5.293,2.459,87.563,94.779
986,4.999,5.259,3.136,78.244,68.471
484,3.275,10.249,2.746,74.854,74.13
891,2.482,1.847,2.857,80.225,79.348
1054,4.152,4.892,1.145,76.626,78.778
376,2.153,2.975,3.266,75.299,89.693
585,4.936,6.469,1.262,87.632,74.329
436,2.571,6.754,2.549,78.475,81.301
833,3.46,5.453,2.418,77.797,83.685
416,3.016,6.97,1.819,73.845,84.651
978,3.363,5.529,3.214,76.627,77.142
1331,4.214,3.232,2.08,83.735,74.452
728,2.985,5.199,3.031,75.464,84.669
1185,3.765,10.674,2.25,78.488,75.174
877,2.879,4.829,1.464,75.723,83.613
612,3.754,2.97,1.524,83.142,76.159
779,5.22,5.285,1.04,76.969,71.049
509,2.265,5.517,2.547,75.218,75.053
1316,2.537,9.018,2.379,79.124,83.731
771,5.477,5.822,2.383,76.703,81.7
542,5.086,7.384,2.145,75.585,71.354
952,2.126,4.091,1.117,75.23,88.181
495,3.64,2.617,3.992,84.438,82.943
664,2.324,5.761,1.188,76.523,68.565
566,2.626,4.499,1.014,76.505,81.8
594,3.139,4.187,2.315,77.557,72.229
694,1.887,6.273,2.943,74.607,71.318
590,2.913,5.051,3.001,74.519,65.361
726,3.03,7.216,0.915,75.947,72.672
810,2.273,5.348,1.474,77.16,88.793
444,4.937,9.022,1.824,74.998,80.885
1160,2.165,7.001,1.997,76.11,88.069
658,3.256,7.598,2.5,74.914,72.019
954,2.839,7.842,1.961,77.768,76.559
882,4.535,14.992,2.601,82.512,74.259
1002,3.812,4.768,1.386,84.148,80.572
984,2.005,6.875,1.551,76.031,84.276
789,2.419,4.922,2.012,75.112,78.516
966,4.405,8.337,1.143,76.597,89.184
385,2.398,6.624,0.924,78.012,72.281
507,2.824,6.577,2.109,85.462,86.781
2011,4.318,4.836,2.483,75.413,71.094
548,4.719,4.141,2.902,76.976,79.718
738,3.033,7.744,1.43,76.211,78.767
1571,5.058,10.841,2.345,78.748,80.397
716,2.309,5.545,5.39,80.524,68.767
920,3.668,5.06,3.309,77.095,74.294
538,2.353,4.287,2.298,78.536,77.001
628,4.603,4.974,1.889,76.696,82.739
977,2.3,6.073,1.974,78.795,81.871
680,3.761,2.886,1.686,80.768,69.537
809,2.166,6.728,2.265,77.239,79.682
1244,2.53,5.838,2.752,74.371,79.671
997,2.875,5.428,1.892,77.481,72.573
639,4.414,7.109,1.946,80.209,71.651
995,3.536,7.91,1.879,78.296,78.763
425,5.278,11.49,1.632,75.758,79.521
887,2.461,13.206,1.616,74.757,84.131
775,2.114,6.159,1.904,76.721,76.363
823,5.815,5.733,2.773,78.044,75.671
824,2.915,3.918,2.365,76.308,76.86
732,4.289,4.73,1.911,77.684,85.616
468,5.051,4.323,2.279,74.985,66.257
500,0.686,7.655,1.83,73.415,76.4
631,3.421,7.824,2.062,84.91,70.828
608,3.606,4.606,1.709,77.489,81.188
560,3.502,11.962,1.905,75.972,74.194
907,3.833,5.348,1.513,76.749,73.608
501,3.562,5.902,2.219,75.976,76.083
1079,1.884,5.505,2.04,76.308,74.059
665,3.935,2.968,1.229,76.677,76.691
586,4.068,5.86,2.322,84.053,77.124
508,4.193,5.292,2.241,76.352,85.61
1019,2.423,4.403,1.14,77.213,76.087
1306,2.826,7.787,1.089,77.192,79.423
845,3.321,5.202,3.259,76.378,72.811
743,2.187,11.578,2.924,75.719,81.0
733,4.432,3.635,2.406,76.805,75.489
556,3.023,5.962,1.419,75.226,85.867
590,2.309,6.167,2.057,77.152,72.579
618,3.052,4.946,3.059,77.054,81.768
869,2.196,10.741,2.748,75.27,87.402
657,2.451,5.594,2.509,76.04,72.862
1104,1.958,10.552,1.873,85.541,70.762
2047,4.176,6.366,2.192,75.349,80.552
851,2.58,3.393,1.27,76.77,79.756
1041,2.618,6.031,3.444,75.874,74.213
905,3.095,4.013,1.873,81.671,79.748
983,3.182,9.4,5.25,75.675,76.863
885,3.778,6.779,3.203,76.972,88.778
571,4.88,5.857,3.009,76.071,72.102
717,4.603,7.165,1.559,74.965,76.596
1106,4.587,6.959,1.44,74.708,70.106
812,2.064,4.765,1.619,86.585,78.512
777,3.703,6.427,2.307,76.457,80.637
862,4.418,6.753,1.486,78.359,75.293
567,4.763,7.436,2.626,83.938,78.918
536,3.023,4.074,1.53,75.113,88.428
591,4.589,4.457,2.878,76.525,72.596
486,2.28,16.193,2.865,84.486,70.943
1301,1.895,4.959,2.56,73.96,71.558
611,2.733,8.368,1.58,78.259,78.301
1258,1.811,5.73,1.851,80.909,79.064
517,1.811,7.392,2.849,81.275,83.659
717,2.686,8.008,2.511,75.209,68.087
1205,2.035,6.295,2.741,76.116,81.346
511,2.068,7.399,0.219,77.817,72.636
463,2.574,6.25,3.076,74.409,68.769
527,2.815,8.433,0.808,76.351,75.496
1079,3.621,6.307,1.506,76.56,76.095
716,2.548,7.744,1.25,83.728,72.143
396,5.224,6.169,2.668,76.324,78.721
497,3.435,7.769,1.632,75.478,80.074
472,2.538,4.768,2.012,75.462,77.54
499,3.549,4.844,3.467,75.713,82.376
477,4.832,6.169,1.622,77.612,68.758
745,3.964,7.65,2.506,78.266,67.83
861,3.721,7.218,0.617,76.087,73.723
865,3.636,7.52,1.163,75.31,73.909
865,2.584,3.733,1.803,79.257,82.1
1581,4.101,9.697,2.124,77.213,78.504
1039,3.459,5.954,1.988,87.492,88.819
733,3.143,7.615,0.894,75.463,65.988
842,2.992,3.285,1.912,74.978,79.495
490,3.953,4.823,2.365,76.035,72.713
412,2.899,5.241,1.544,74.635,64.974
614,4.009,4.686,2.257,75.496,67.974
776,3.833,7.595,2.718,79.577,81.23
626,2.558,7.757,2.251,75.048,70.155
605,2.407,5.506,2.166,75.297,78.797
757,5.542,7.53,2.925,77.077,77.197
439,2.356,7.086,3.184,76.228,80.034
607,3.07,5.298,1.474,76.644,72.191
827,2.968,6.68,4.96,76.353,73.132
702,2.513,4.052,2.869,76.756,85.816
978,2.007,3.795,2.026,76.934,72.71
610,2.268,6.99,0.928,75.493,73.676
452,2.324,4.72,2.925,75.447,85.54
704,4.15,7.56,2.984,76.705,82.238
526,3.991,6.701,1.317,77.541,70.469
520,3.775,5.642,2.109,77.912,84.993
1040,4.193,6.529,2.554,76.963,82.927
563,2.217,6.035,2.624,78.604,77.731
934,1.4,5.884,1.327,75.597,83.949
442,3.18,4.725,1.973,77.219,79.357
584,2.757,6.78,3.351,76.491,69.654
849,2.263,5.773,5.052,77.247,72.277
655,3.049,8.559,2.136,74.355,79.545
758,3.738,5.595,1.646,76.471,70.953
1289,5.455,4.621,1.347,75.881,84.459
989,4.851,2.452,1.923,75.376,77.347
899,3.225,5.916,3.872,77.307,81.457
606,2.828,11.63,3.506,76.921,65.248
982,3.822,6.622,1.963,77.399,81.571
1294,3.748,5.762,2.53,76.449,72.889
1005,4.043,0.784,2.803,77.169,82.609
1187,2.593,6.89,1.833,78.102,84.967
712,4.074,4.382,1.659,73.86,70.722
755,2.744,4.763,2.846,76.316,86.938
643,2.551,0.437,1.328,77.439,76.146
907,1.106,10.133,1.534,74.887,72.937
903,3.945,6.88,1.501,76.588,70.026
1472,3.301,5.488,1.494,84.505,81.853
1021,2.693,12.715,1.861,77.126,81.024
585,5.182,4.232,2.472,75.286,84.135
892,2.4,5.301,2.563,76.964,81.723
483,2.743,7.667,1.281,78.172,72.053
898,2.586,7.089,2.646,77.728,75.352
966,1.865,9.708,1.906,77.209,76.153
1137,3.66,6.354,6.191,77.287,85.359
994,1.871,7.408,1.451,76.171,91.374
997,4.217,4.157,2.448,78.257,77.429
768,2.331,6.871,2.546,75.088,68.244
1162,2.731,5.852,2.456,78.636,73.033
757,3.84,5.302,1.555,78.059,80.872
1167,3.753,9.535,2.442,74.438,73.895
884,3.692,5.567,2.42,79.244,72.174
549,3.395,16.514,1.381,75.23,80.517
813,1.949,1.924,2.01,77.647,76.981
399,3.968,5.377,0.498,84.144,81.444
340,2.172,5.476,1.723,75.171,80.768
706,3.714,5.736,1.599,86.703,86.561
752,3.712,7.08,2.634,74.638,77.29
463,4.205,7.787,2.172,76.226,78.596
868,4.231,4.467,4.046,83.199,91.353
378,4.292,4.349,2.135,77.158,88.487
581,2.262,5.727,1.778,75.47,68.784
896,3.162,5.155,2.047,77.74,71.615
607,3.917,6.518,3.111,75.699,87.68
704,4.222,6.039,2.695,75.288,77.108
751,3.491,10.127,1.82,82.141,79.032
1168,2.671,8.067,0.272,76.968,85.47
877,5.074,12.688,4.749,82.739,83.398
673,3.356,6.791,2.671,76.312,89.399
533,2.497,7.028,1.779,75.648,74.072
749,3.232,3.833,3.502,75.251,76.534
571,5.172,7.442,2.281,76.505,68.764
996,3.489,6.673,2.772,76.754,79.702
511,2.822,6.233,1.5,78.333,73.895
530,1.955,4.858,2.436,77.248,83.89
714,2.905,6.64,2.048,75.496,75.342
1143,3.118,5.001,3.291,81.444,73.783
487,3.378,5.771,1.684,77.366,74.618
967,4.075,7.258,1.564,76.697,75.991
705,1.668,6.131,3.951,77.257,87.042
703,5.268,7.272,1.21,75.575,86.853
914,3.216,5.189,1.151,77.221,75.724
752,4.56,5.314,2.309,76.07,90.113
488,4.092,7.068,3.463,82.186,74.296
545,2.06,5.193,1.357,75.485,71.311
1613,3.853,4.804,1.719,76.873,70.603
1258,2.558,4.284,1.542,75.999,83.367
1062,3.799,2.663,1.654,86.167,71.588
967,2.483,4.64,1.405,77.147,85.541
777,2.43,2.659,1.269,81.969,81.58
599,2.004,5.553,2.427,77.251,68.123
956,3.802,5.681,3.222,77.899,73.157
603,2.789,4.255,2.071,77.932,83.468
645,2.434,8.999,2.795,86.928,81.066
465,3.548,4.56,1.752,86.431,78.464
602,2.414,6.673,5.756,75.308,79.883
1020,2.619,18.498,2.809,75.828,92.505
1381,4.209,8.09,1.771,81.853,80.181
626,5.063,6.779,1.085,75.847,79.996
858,4.888,6.099,1.519,77.783,77.629
517,2.256,6.923,2.009,76.812,80.988
621,2.485,5.731,2.239,76.877,77.288
671,4.996,5.198,1.739,76.798,84.257
660,2.644,9.003,2.539,77.835,81.9
981,2.027,6.676,1.614,78.483,83.25
752,3.655,13.182,1.736,76.904,71.007
659,3.546,7.353,2.739,78.469,82.422
1549,4.567,5.669,1.905,77.769,75.533
700,3.949,4.537,1.657,77.459,81.828
799,1.841,1.062,2.534,77.541,82.823
638,2.885,2.938,3.779,77.108,79.039
811,2.307,4.045,1.439,77.757,78.709
1083,5.209,8.059,4.728,75.973,79.34
631,2.634,9.126,0.929,76.717,74.725
526,2.386,4.445,4.48,76.932,89.972
774,2.831,11.689,2.175,75.451,72.563
984,4.31,7.528,2.754,76.235,68.037
473,3.82,8.029,2.534,75.632,89.613
1348,2.284,6.471,1.297,75.188,81.301
805,4.964,5.074,1.524,75.589,81.027
653,2.054,4.936,2.214,76.87,78.948
723,3.82,7.01,3.042,76.006,77.382
586,5.073,6.695,1.326,76.803,78.079
597,3.134,5.949,2.184,76.264,65.673
750,2.8,7.631,2.912,76.638,79.405
1358,3.555,13.217,2.712,81.551,90.503
697,2.449,4.424,2.041,75.924,87.295
909,2.959,11.419,2.025,82.867,71.514
557,3.97,7.753,2.338,76.583,73.581
651,2.354,3.281,1.742,76.251,70.487
929,3.228,7.963,2.832,74.298,76.386
899,3.199,5.743,1.367,76.799,69.69
954,2.204,5.388,2.36,76.87,78.181
739,2.297,7.007,3.109,74.575,65.287
1014,2.343,4.538,1.921,75.652,85.717
897,2.873,4.128,1.757,78.642,69.284
1190,4.053,4.612,1.273,74.137,77.737
733,4.658,5.121,2.792,77.813,80.459
641,4.583,4.772,2.413,76.017,74.648
471,3.456,5.164,2.983,76.973,65.421
717,3.072,6.452,6.048,84.996,82.974
939,2.006,4.767,0.924,78.425,71.92
463,4.904,3.436,2.427,78.091,78.781
1383,2.676,3.607,1.773,76.718,69.122
854,5.325,3.992,5.119,81.894,82.209
616,3.759,4.515,2.667,76.738,87.74
933,1.998,7.425,2.705,76.625,89.87
1219,2.096,6.129,3.259,75.926,86.903
689,3.915,5.424,3.556,76.62,87.52
861,3.032,2.269,1.243,76.291,72.024
502,4.284,5.825,1.734,77.302,88.412
586,5.449,5.631,1.877,85.792,80.258
546,2.133,3.285,2.001,76.696,72.993
567,2.37,17.417,3.664,75.92,74.993
643,2.626,8.452,2.91,83.808,68.86
872,3.403,12.997,3.6,78.165,77.113
1097,4.153,4.626,2.972,77.026,78.846
681,4.461,15.868,3.22,74.05,77.152
1051,2.026,1.579,2.244,77.355,76.791
702,5.366,5.701,2.453,75.742,78.594
699,3.031,7.541,2.801,74.789,81.203
1029,2.403,7.246,2.315,76.985,80.014
813,2.322,6.779,0.475,79.984,78.082
382,2.163,7.775,2.727,77.001,71.624
760,3.233,7.885,2.254,77.216,80.069
491,3.74,11.697,2.962,77.165,77.432
739,4.426,7.661,3.207,77.031,79.565
673,2.089,5.22,3.093,77.522,74.598
1509,2.52,7.68,2.114,73.917,76.307
696,4.44,4.253,1.867,77.049,83.348
1475,2.184,6.559,1.265,84.933,88.089
468,2.322,2.332,2.726,74.589,71.525
759,1.998,6.691,2.976,76.413,78.519
959,2.771,7.237,1.823,78.017,83.769
537,3.193,4.889,2.687,75.003,69.794
711,4.017,6.26,0.943,76.413,73.996
1563,2.867,9.016,3.12,78.005,79.777
649,3.464,6.824,1.599,74.086,70.706
633,2.212,7.716,2.244,76.325,81.734
669,4.772,11.388,2.462,77.318,80.487
972,3.124,7.208,1.338,76.425,66.757
661,3.061,7.428,1.909,77.794,81.797
697,1.912,6.0,2.987,76.319,82.304
603,1.271,6.759,1.269,77.802,70.684
746,3.108,5.577,3.268,73.353,72.238
634,2.87,5.2,1.207,80.343,78.147
642,2.85,5.141,3.057,77.514,82.045
517,2.69,5.211,2.782,75.524,80.06
1330,4.091,7.747,1.184,86.056,80.002
422,2.391,13.467,1.621,77.818,89.001
880,5.029,11.766,2.523,75.283,70.341
596,2.994,8.131,1.683,81.211,75.578
535,2.784,5.119,1.732,76.493,66.216
516,5.121,8.594,2.62,77.077,74.236
863,2.742,7.199,2.773,86.362,79.658
322,3.313,7.165,2.894,81.639,66.843
653,4.094,4.922,2.938,81.398,85.0
466,2.443,7.425,1.988,77.394,80.114
1160,1.938,5.514,2.079,76.704,74.458
1054,1.948,1.881,2.772,77.31,79.575
1117,3.831,9.481,2.273,76.638,85.975
974,2.763,10.87,2.817,77.019,80.246
1671,4.928,2.784,2.738,75.095,83.393
597,3.051,4.524,2.507,78.637,70.947
682,4.55,7.768,1.519,74.764,81.588
1597,2.888,5.406,2.129,77.721,70.991
835,3.637,9.141,2.755,77.046,77.347
929,5.201,8.031,1.337,76.977,74.468
710,3.187,4.332,1.442,78.66,86.261
1133,4.118,5.711,1.86,77.428,73.946
607,2.675,3.393,1.767,77.318,75.633
601,5.373,5.79,2.591,76.375,74.953
523,4.989,6.351,2.775,84.169,88.331
1064,3.318,5.184,1.617,74.687,80.103
1148,3.947,9.125,1.218,76.132,82.487
975,5.965,4.001,2.461,80.728,80.231
893,3.428,5.38,2.733,75.823,83.113
469,0.793,3.32,2.486,74.672,81.492
449,2.917,10.14,1.283,75.861,70.618
770,2.316,7.57,1.343,77.165,79.889
796,1.905,6.524,3.238,76.863,82.057
492,5.138,4.547,3.152,85.155,80.764
681,2.9,6.207,1.815,76.14,70.562
730,2.902,14.65,1.602,76.154,75.346
861,1.738,4.307,1.873,77.073,75.307
908,2.353,5.058,0.934,78.072,71.919
1278,2.898,7.014,4.31,83.778,81.242
414,3.752,6.529,0.383,78.02,87.235
889,3.103,12.383,2.817,79.79,77.229
483,2.876,6.278,2.876,80.809,72.764
436,3.897,6.915,3.366,76.392,88.815
417,2.316,6.956,1.537,75.78,68.639
759,2.479,5.442,1.912,75.719,85.333
812,4.004,6.956,0.774,77.16,79.89
578,2.923,5.182,5.597,79.469,78.392
701,4.734,11.168,3.295,75.677,74.705
1364,3.002,5.683,1.44,76.258,80.596
828,3.975,5.674,1.332,76.186,81.335
718,3.166,9.943,6.183,75.939,73.055
618,2.351,4.875,1.651,82.548,77.673
1349,2.611,0.353,5.112,76.655,81.689
552,1.92,6.849,1.693,78.619,78.878
1183,3.946,6.503,2.882,76.309,75.166
531,4.368,8.887,3.516,76.604,84.866
1027,2.235,14.616,2.418,77.019,77.063
807,3.519,8.635,3.447,82.842,85.925
461,3.758,4.045,2.156,78.298,67.841
602,2.687,5.505,2.626,75.129,80.261
1156,4.108,5.397,3.069,75.665,88.24
810,5.06,3.805,1.867,82.361,88.474
1464,3.141,10.761,2.219,76.653,71.952
605,3.219,12.7,2.148,75.508,77.089
663,5.478,7.052,1.227,75.432,75.043
898,2.174,4.549,2.926,75.818,70.412
901,4.422,6.412,1.774,76.619,80.606
437,3.153,7.875,2.233,76.809,91.384
794,2.837,5.995,2.8,77.566,75.616
927,2.75,7.241,2.203,76.643,85.062
645,0.855,0.786,1.941,77.069,73.296
1665,4.913,10.905,1.826,77.322,75.339
1084,2.495,5.146,2.853,76.049,77.398
838,3.562,7.301,2.014,84.301,75.003
1075,2.292,6.753,5.745,76.12,88.253
1356,3.87,2.358,4.907,80.8,75.003
447,1.907,9.515,1.579,75.195,74.25
540,3.538,6.91,2.845,75.262,87.381
660,2.435,3.533,1.395,77.603,84.566
605,4.98,4.009,1.878,82.166,75.312
854,1.09,9.663,2.146,76.348,80.924
786,2.723,6.905,2.783,75.146,71.741
626,1.254,5.345,3.521,77.405,81.271
639,3.332,4.76,2.703,75.878,74.498
925,4.419,2.942,0.906,75.311,71.421
845,2.977,7.608,1.843,76.932,84.421
662,3.113,4.042,2.884,76.79,85.352
649,4.301,5.779,2.639,76.803,88.308
597,3.414,5.845,1.652,76.18,72.874
923,2.938,5.743,6.221,88.401,68.773
521,2.571,6.798,3.069,76.509,86.484
540,2.232,4.068,2.689,78.251,77.779
849,2.989,5.956,3.327,77.795,72.245
965,2.396,8.135,2.123,76.743,81.642
1150,4.119,9.701,2.681,78.235,84.047
1376,3.533,7.869,2.391,77.072,75.065
1011,3.242,7.943,5.331,75.386,77.149
685,4.292,8.705,2.717,76.683,79.129
807,5.259,6.209,2.283,75.241,68.141
724,4.653,2.563,1.254,77.207,79.126
1141,3.025,8.088,0.816,78.934,82.86
913,3.066,5.14,1.953,77.71,85.146
973,2.349,5.715,3.34,78.822,77.507
605,1.286,6.658,2.116,76.662,76.744
877,2.645,4.907,2.879,76.551,78.944
980,4.02,7.74,1.327,74.699,81.056
1115,2.809,5.58,1.468,76.434,79.496
535,3.698,14.438,2.78,77.604,75.273
909,4.582,13.525,3.236,74.853,80.25
863,3.793,5.332,2.425,77.134,76.792
644,4.328,4.508,0.957,76.614,74.852
729,2.185,6.535,1.399,77.299,77.259
901,2.496,7.526,1.421,77.535,83.884
409,2.336,2.693,3.495,76.944,79.621
913,3.569,4.989,3.224,76.663,86.397
482,2.206,6.672,2.356,78.225,91.344
867,4.402,4.66,1.726,75.684,78.945
858,5.139,7.157,2.881,75.658,77.423
1263,2.758,11.111,2.312,78.031,72.797
745,4.024,4.603,2.595,86.027,88.743
549,3.412,8.03,2.9,76.0,85.402
720,4.144,7.702,3.334,77.078,76.72
1197,2.774,6.135,3.471,82.173,80.195
525,2.582,3.2,2.295,76.018,74.885
753,2.239,3.576,1.504,76.881,69.122
889,5.147,5.396,2.773,77.787,82.095
1018,3.712,4.664,2.775,75.338,73.663
774,4.023,6.081,2.579,75.613,66.096
808,3.21,10.595,5.376,75.003,83.996
477,4.252,4.655,1.637,75.18,77.527
628,2.054,6.794,1.274,76.909,89.344
887,3.084,5.589,2.131,75.43,73.464
1531,4.898,6.234,2.929,76.381,76.442
592,2.454,6.873,3.812,87.214,74.508
515,3.213,7.412,2.29,76.635,69.998
1051,2.472,4.46,5.834,76.931,77.434
518,3.955,1.53,2.343,76.056,68.059
929,3.236,4.826,3.003,83.469,91.265
471,2.623,5.963,2.46,76.023,68.013
978,2.446,6.875,1.259,76.827,86.048
783,2.945,11.508,1.98,76.904,71.311
936,4.305,4.956,3.001,75.205,93.891
521,2.615,5.121,1.529,78.837,70.406
825,4.149,6.886,1.159,75.879,76.762
1597,4.964,5.644,1.68,80.147,88.908
761,3.932,8.827,2.463,76.308,78.39
623,2.631,5.06,1.433,78.914,67.262
589,2.934,6.358,2.461,77.535,75.404
1023,4.219,5.715,3.056,74.542,71.785
725,3.089,3.712,2.045,74.846,79.855
890,2.928,9.082,1.524,77.567,84.528
817,3.705,6.191,1.397,74.532,68.818
907,5.392,7.71,1.072,85.18,76.099
932,3.571,10.813,2.7,76.49,83.696
817,2.714,3.204,1.785,76.692,76.84
644,4.158,6.251,3.117,75.753,83.483
654,2.852,11.89,2.462,76.293,77.24
496,2.991,5.767,2.399,76.768,81.13
417,4.35,5.714,2.004,76.284,91.57
825,2.968,6.451,4.719,80.863,88.975
589,2.512,4.676,2.066,76.468,79.276
772,2.001,4.943,6.039,75.147,82.696
409,3.916,5.922,2.48,78.576,79.042
872,2.449,7.049,2.303,75.305,78.864
652,2.471,6.687,1.477,75.657,76.425
1495,3.276,3.714,2.495,85.053,75.743
1078,1.913,5.17,3.131,75.975,87.566
614,3.358,4.6,2.195,77.087,79.401
1005,3.291,11.021,1.109,74.858,68.121
544,3.568,5.885,2.001,82.766,92.486
733,3.076,5.891,1.933,76.428,74.599
1109,2.129,8.779,2.135,76.84,81.768
532,4.16,0.951,1.484,77.186,76.044
673,2.942,13.742,1.106,80.362,87.586
890,2.941,5.764,1.176,83.769,88.977
800,2.934,4.269,1.982,77.118,79.905
1121,3.031,7.363,2.5,81.478,76.267
1327,2.552,4.102,1.475,77.425,71.973
458,3.77,6.081,3.639,75.862,85.216
1265,1.96,10.015,2.149,80.707,79.124
565,4.009,7.25,1.263,80.841,88.411
589,1.883,5.104,2.814,77.199,85.804
512,2.557,5.553,4.383,77.89,81.198
766,3.101,7.145,1.89,76.188,79.316
1027,2.764,7.494,2.729,76.399,77.328
924,3.508,5.932,1.886,82.979,80.413
637,2.696,4.207,1.895,73.875,84.289
838,2.01,5.751,1.678,77.162,83.218
859,2.983,10.49,1.862,76.022,78.778
509,5.016,7.996,3.537,74.637,66.114
895,3.385,4.359,0.767,82.632,73.464
1108,2.998,7.539,0.948,77.522,72.538
686,2.185,5.749,1.903,76.539,87.433
445,2.229,5.756,1.805,72.684,78.063
550,5.132,8.158,3.06,76.02,71.302
706,4.803,9.787,1.859,74.743,75.634
532,3.056,1.081,4.1,83.463,77.92
583,2.548,6.343,1.845,77.627,80.988
624,3.033,4.552,2.191,74.912,77.76
1013,4.578,6.215,1.293,76.141,71.598
643,3.88,7.233,2.449,76.925,78.885
495,4.596,6.536,2.983,74.914,88.456
583,2.904,5.885,3.346,76.627,78.164
1148,2.085,3.005,1.264,74.982,73.562
1193,1.732,4.576,0.797,77.562,75.599
469,3.373,5.753,2.811,77.665,68.105
512,2.491,13.162,4.083,77.675,82.542
888,2.925,11.688,1.045,80.072,75.681
811,3.439,6.646,3.467,75.817,83.657
1000,2.855,7.075,1.753,75.345,68.141
582,2.579,5.378,1.685,75.335,89.46
1062,4.297,5.334,2.065,75.792,70.786
589,2.127,5.116,2.639,77.501,75.829
1062,3.144,13.634,1.962,77.035,78.147
559,5.206,8.685,3.098,75.471,67.491
776,4.677,1.909,3.834,76.294,82.999
724,4.932,3.498,2.962,75.144,85.585
817,3.634,7.014,3.221,78.906,68.182
865,2.928,3.986,1.465,84.744,87.751
547,3.293,12.218,7.098,74.751,90.222
898,4.02,6.802,2.357,78.534,77.434
775,3.91,6.541,1.599,74.668,82.972
863,4.809,4.058,1.206,87.691,82.479
947,2.892,1.613,1.996,85.194,69.124
1060,4.066,4.788,5.174,75.806,79.552
728,2.327,4.433,3.068,76.781,72.831
543,3.147,6.502,1.998,84.884,78.157
1294,2.687,8.944,3.723,81.261,68.8
392,4.048,5.521,3.066,78.776,77.167
496,4.706,5.25,3.803,75.034,70.542
919,4.086,5.966,1.821,77.895,70.347
1471,3.747,6.902,1.544,75.261,83.379
1255,4.875,7.572,1.231,76.508,79.599
643,3.362,5.567,3.158,78.094,73.426
466,1.908,2.845,2.096,75.88,82.499
676,2.04,6.551,2.038,76.021,77.197
930,3.517,5.499,1.409,75.392,81.979
656,3.022,4.477,1.484,76.569,74.605
938,1.759,11.676,3.379,77.027,71.294
426,3.047,3.599,1.527,78.427,82.493
428,3.782,4.414,1.454,77.549,91.438
423,3.623,5.46,2.08,77.194,87.079
915,2.957,10.915,2.683,76.899,79.659
699,2.86,7.088,1.447,78.042,80.448
688,4.055,6.922,1.398,75.989,66.276
750,3.054,5.685,4.67,74.363,87.438
522,2.571,6.108,2.682,76.53,67.539
528,1.752,6.896,2.975,76.745,79.356
573,4.167,6.847,2.422,76.904,83.077
846,1.15,12.512,2.472,76.016,72.228
751,2.913,7.772,2.068,83.606,81.572
1156,4.144,5.198,1.63,77.129,75.284
560,2.956,4.523,2.444,74.584,75.449
588,1.867,6.855,1.512,76.588,85.09
817,2.205,5.182,2.915,75.6,85.794
810,3.717,5.829,1.086,78.249,79.941
409,3.933,1.513,1.252,74.2,81.347
636,4.473,10.846,2.767,78.665,72.126
1245,3.237,10.324,1.264,77.117,79.212
865,3.39,5.485,3.178,76.133,75.09
634,3.622,6.859,1.197,77.476,83.707
1001,3.201,10.754,2.712,79.156,86.346
581,4.354,3.531,1.244,77.248,74.33
1090,3.042,5.58,1.109,77.001,82.387
1218,1.865,4.31,1.463,75.363,73.27
823,4.337,8.548,6.02,74.049,83.341
753,2.229,8.254,1.43,81.759,74.978
791,1.83,4.681,1.719,88.659,67.452
1093,0.361,7.341,2.045,77.367,77.334
1285,4.476,2.267,2.149,77.602,72.108
841,2.123,5.605,1.996,82.501,84.388
421,4.793,6.049,2.238,76.374,80.974
1115,4.748,8.217,0.968,78.632,72.722
671,2.047,6.062,1.777,76.595,79.104
688,1.909,5.672,1.135,78.188,71.21
1100,2.426,6.776,2.835,76.472,76.944
1330,2.431,6.626,4.658,75.333,79.408
560,2.691,6.238,2.645,82.845,82.9
646,4.411,4.813,1.326,76.613,77.236
674,4.397,7.89,2.983,75.558,82.984
849,5.569,8.268,1.125,76.171,74.156
856,2.586,7.247,2.898,82.263,70.121
765,3.88,6.67,2.68,74.905,84.819
710,3.043,10.311,2.783,79.361,77.436
828,2.017,10.501,2.868,75.492,70.128
837,4.542,4.258,1.897,74.181,87.572
782,4.212,5.952,3.645,74.805,75.625
600,2.921,5.676,1.298,76.088,80.729
1003,2.836,11.458,2.064,76.836,88.575
616,2.801,7.745,2.239,74.903,77.024
973,2.68,7.487,3.424,76.13,79.794
1333,0.587,4.68,2.934,77.407,76.308
1069,2.056,4.454,2.015,76.136,78.305
663,3.188,8.717,3.486,83.171,73.972
659,3.287,6.605,1.613,86.402,83.247
925,1.909,10.187,1.554,75.833,85.381
885,2.411,7.308,2.567,74.397,67.072
1582,5.968,7.461,1.962,75.261,71.13
707,2.71,5.592,2.084,77.501,63.767
958,2.115,3.729,2.879,75.657,77.902
405,2.469,8.678,2.422,76.651,86.159
587,1.139,6.361,2.63,76.261,75.713
701,3.147,5.832,3.097,76.924,87.226
895,2.309,5.743,2.736,76.001,81.469
962,4.387,2.74,1.858,74.769,81.83
587,3.128,5.318,1.568,74.99,71.837
661,2.31,11.324,3.042,75.707,72.811
838,3.701,5.721,2.738,75.908,81.827
446,4.164,7.381,2.075,75.254,72.079
720,2.89,7.655,1.592,77.894,72.555
956,3.104,5.295,2.852,74.158,82.14
854,3.701,10.276,1.61,83.988,70.139
519,1.722,10.154,3.252,81.77,68.832
516,2.087,4.561,5.362,73.478,82.592
568,3.505,5.568,1.369,76.637,79.853
1856,1.836,9.359,1.609,77.782,82.48
1016,3.915,10.331,4.933,76.073,71.523
660,2.114,6.695,1.293,77.333,71.297
1172,4.851,7.367,2.952,77.276,78.377
959,2.31,11.407,0.879,74.932,86.299
1120,3.212,4.941,1.703,78.966,80.652
743,3.787,6.78,2.654,80.431,81.12
611,5.061,3.364,0.944,75.368,70.398
844,2.493,8.644,1.377,74.787,78.157
456,2.579,6.614,2.453,77.157,83.257
840,3.129,7.545,1.779,76.278,83.659
625,2.653,5.03,1.926,76.251,82.369
630,2.639,8.563,1.858,75.789,72.612
914,2.047,6.699,2.111,78.04,91.5
1011,3.79,6.921,2.158,73.878,74.891
634,2.683,5.422,1.535,77.154,69.152
555,4.106,8.479,2.378,74.247,77.079
938,2.397,7.823,1.854,74.614,81.978
387,1.429,8.162,2.554,77.663,78.192
965,2.441,4.469,3.163,75.272,79.407
452,2.901,8.871,2.714,76.562,73.309
753,3.021,7.619,3.174,73.356,65.484
554,2.508,7.579,3.044,75.66,88.356
790,1.858,4.58,2.821,76.318,88.037
704,2.354,4.91,1.232,77.224,82.852
728,4.23,13.037,1.243,78.507,78.554
812,4.409,3.111,0.759,77.571,77.706
880,2.648,5.968,1.709,76.869,78.148
591,2.385,5.302,3.251,85.655,72.219
1017,2.272,11.769,3.439,76.676,75.626
863,4.259,3.875,1.926,84.243,72.821
718,4.168,5.414,2.457,76.502,82.976
713,2.637,5.832,3.021,77.003,79.926
514,3.552,8.508,3.142,76.421,83.856
816,0.687,7.151,2.593,76.151,84.473
1337,2.678,4.39,2.962,73.798,86.064
1103,2.509,5.633,2.256,74.684,76.897
655,2.312,4.246,4.421,78.146,76.34
1377,3.301,11.55,1.603,77.527,71.992
984,3.795,7.728,2.663,76.689,79.142
1160,2.934,14.088,1.937,76.1,86.954
1074,3.738,10.968,1.626,75.354,78.732
597,4.154,5.57,1.586,73.939,71.39
567,2.827,7.507,2.295,75.079,76.877
1086,1.958,10.361,2.935,84.86,82.497
804,3.222,4.973,0.997,75.685,65.56
418,2.509,7.656,2.461,83.778,85.486
758,2.956,7.682,4.039,74.786,78.854
817,3.185,5.351,3.373,78.0,72.69
657,2.859,4.103,1.118,76.118,76.086
573,4.787,3.427,1.682,77.606,71.263
458,2.724,4.246,2.32,76.075,86.124
728,2.529,4.048,3.866,85.934,78.255
555,4.055,6.169,2.158,76.127,68.347
758,3.293,4.284,2.482,78.511,75.476
1420,3.13,10.191,3.158,76.133,75.801
767,3.393,14.79,1.391,74.999,67.075
814,4.964,12.812,2.588,83.225,79.412
458,4.303,5.801,2.42,81.302,66.987
1384,0.259,12.143,3.786,77.79,86.346
1143,3.029,3.85,1.839,77.565,77.117
943,4.574,3.682,2.259,75.212,69.951
991,2.447,5.164,2.422,76.118,77.923
825,5.251,4.788,1.089,75.804,71.373
690,4.78,7.812,1.346,76.169,76.617
797,4.004,4.948,1.772,78.51,80.885
1047,2.72,4.75,2.974,76.663,81.692
1058,5.14,7.152,1.043,78.147,80.111
488,4.112,6.503,1.177,89.275,70.908
711,2.005,6.802,2.918,85.096,87.445
863,3.454,17.172,2.927,75.054,73.631
435,2.015,7.186,1.889,75.864,85.001
429,3.379,3.558,2.693,77.957,93.981
524,2.305,9.02,2.231,77.831,69.057
488,5.032,7.108,2.272,77.875,67.729
760,3.862,4.819,1.945,76.695,74.791
537,4.157,4.95,2.971,76.294,80.982
945,2.974,13.663,3.078,76.94,68.563
518,2.324,7.252,1.215,76.321,74.08
792,5.325,4.407,2.928,76.118,87.362
508,1.959,7.992,3.044,75.862,86.512
636,4.457,4.834,2.44,76.135,72.652
398,2.312,6.256,1.673,75.873,81.613
1159,3.264,9.702,1.434,75.337,86.032
1102,4.2,8.594,1.262,75.558,82.041
606,3.019,7.025,1.975,77.415,70.541
576,4.91,4.557,3.936,74.598,78.116
692,4.964,5.972,2.072,79.613,69.332
854,4.315,9.656,2.849,77.216,76.118
422,2.809,1.849,3.471,75.988,74.167
844,2.111,8.118,1.311,78.221,85.749
588,3.031,4.448,2.844,75.773,92.318
874,2.987,5.136,2.225,75.639,75.081
1455,3.923,6.855,1.976,78.299,71.645
423,3.137,7.526,2.548,87.775,89.473
599,4.134,3.706,0.785,74.511,74.908
504,0.495,4.827,2.458,86.082,79.121
1053,4.292,9.691,3.289,77.009,81.927
551,4.548,4.996,2.128,78.634,73.442
1177,3.097,8.706,1.25,76.187,88.168
965,3.033,2.278,1.297,78.243,73.327
780,4.099,7.104,3.189,77.226,83.572
360,3.79,6.808,2.119,76.661,76.902
1484,3.274,6.096,2.628,75.644,82.572
763,5.065,6.508,0.94,77.415,78.231
537,4.794,6.473,1.493,76.184,72.567
845,3.299,10.555,1.789,87.7,89.312
759,3.665,7.023,3.281,74.039,80.375
864,3.111,6.212,1.176,85.897,76.308
747,1.722,8.207,2.307,77.186,82.756
567,2.707,6.553,1.684,86.115,76.232
726,4.165,5.178,1.546,75.094,86.802
854,1.885,5.8,1.972,74.785,83.667
663,3.384,4.289,2.477,74.872,76.101
464,2.085,6.893,1.632,74.108,80.112
509,2.525,5.062,2.194,77.111,87.674
512,2.467,6.344,2.302,74.502,79.481
739,2.849,6.073,3.102,75.891,86.746
418,5.205,7.971,2.328,76.175,79.739
685,2.987,8.714,1.93,77.304,84.291
611,2.413,8.741,2.923,77.561,79.384
1150,2.037,6.742,3.673,74.798,80.305
438,4.076,7.803,4.055,83.141,80.29
1340,3.33,6.506,3.572,75.768,79.817
739,4.167,7.624,3.125,77.731,74.488
931,5.018,5.499,1.683,78.142,75.16
442,5.419,9.54,2.428,76.895,76.124
496,2.65,3.86,1.854,76.756,75.795
1004,2.487,6.507,5.701,77.899,88.512
819,3.044,1.764,3.171,77.528,83.438
1580,3.584,6.079,1.753,74.053,86.361
459,3.147,4.09,1.79,78.209,82.166
974,4.071,6.676,1.165,76.476,73.331
1044,2.719,6.729,1.313,85.405,77.826
960,4.081,5.106,2.814,75.775,75.084
751,3.548,7.287,1.297,76.866,80.624
864,4.174,6.186,2.557,74.785,82.94
809,3.616,4.95,3.258,74.502,88.863
516,2.785,6.907,1.864,76.668,73.675
1173,3.071,12.503,3.812,87.674,87.673
818,4.087,3.529,2.16,77.153,77.395
643,3.96,5.833,1.793,84.032,90.658
548,3.08,5.738,3.368,74.333,80.431
519,4.118,5.072,2.932,76.298,86.229
1103,4.169,6.04,1.949,78.552,79.753
618,4.259,7.582,3.453,76.901,84.341
1220,2.878,12.18,1.636,84.863,75.924
580,2.149,7.55,2.794,80.906,81.233
664,3.92,5.411,2.246,74.374,71.108
365,3.264,2.975,2.398,75.369,83.268
710,2.59,11.505,2.018,77.403,68.932
951,4.412,6.313,2.594,76.506,80.868
925,3.729,9.965,3.583,76.278,74.888
498,4.253,9.332,2.052,78.168,85.653
702,3.978,7.037,2.326,75.528,71.496
1127,2.387,5.043,1.475,76.553,87.713
691,2.661,12.825,1.789,86.311,79.577
528,3.585,5.307,1.178,81.813,74.536
444,2.771,5.085,5.393,74.478,81.195
520,3.595,12.199,1.857,77.9,77.906
791,2.46,12.015,1.024,78.018,84.228
396,2.399,4.805,2.634,74.167,77.328
940,1.976,10.748,1.504,82.18,74.047
520,2.693,6.225,1.116,84.705,88.064
680,2.329,7.081,2.88,76.66,80.889
854,2.428,4.655,1.523,83.214,75.125
662,2.551,3.802,1.878,83.423,81.625
571,4.081,7.779,0.904,83.702,68.605
1034,3.443,18.1,3.069,75.08,73.29
1426,2.44,2.576,3.084,75.286,74.575
855,1.574,5.858,1.352,77.685,85.194
485,4.884,7.455,2.223,73.665,66.543
869,3.905,5.31,0.785,78.411,78.79
617,3.18,4.649,1.682,75.134,69.832
799,3.426,9.341,1.226,74.746,90.205
613,1.68,6.183,1.733,86.516,83.932
539,3.015,5.214,3.026,75.389,75.655
687,3.264,5.656,1.906,83.141,81.995
764,4.401,4.306,1.503,86.715,76.145
582,2.19,8.184,2.014,77.912,74.98
1019,2.026,6.205,3.455,75.0,79.586
836,2.663,9.938,1.754,76.5,78.739
571,2.509,5.403,2.945,77.964,86.522
672,2.497,8.857,2.572,77.685,86.948
1052,4.169,2.304,1.645,77.096,84.186
1131,3.507,6.663,1.176,88.308,77.794
1026,3.2,5.492,1.689,74.454,86.463
560,2.25,3.596,2.028,74.232,71.165
655,3.715,5.273,5.482,74.751,79.388
1058,2.641,7.874,1.349,73.975,76.867
686,2.417,5.577,1.088,74.618,75.839
1606,1.956,5.767,6.205,78.028,74.103
1104,2.464,9.302,1.919,79.77,81.585
563,5.186,9.985,2.665,77.332,73.276
403,2.624,4.35,1.438,75.551,74.124
811,4.498,3.795,1.58,81.251,86.608
835,2.348,3.634,1.363,76.55,75.54
439,1.919,7.453,1.888,75.299,89.402
532,1.967,4.14,1.376,77.746,75.217
701,2.319,4.763,1.849,74.38,84.223
929,4.253,7.079,1.159,75.862,70.452
886,3.65,8.226,1.772,75.748,89.068
405,3.664,6.996,1.685,74.655,91.412
914,3.583,5.309,2.352,83.735,83.448
872,3.596,4.474,2.158,77.078,81.071
975,3.182,8.551,2.682,77.857,87.502
817,2.192,6.263,1.415,79.817,75.214
808,3.961,4.504,0.969,86.933,76.272
693,4.522,1.683,2.162,76.591,72.291
827,2.487,1.84,3.262,75.198,66.653
936,3.428,15.033,1.992,75.543,78.98
1011,4.67,7.383,2.898,75.324,70.768
845,3.129,5.823,1.404,75.976,80.3
455,2.011,7.806,1.62,76.519,195.528
485,2.284,7.98,2.444,76.034,86.701
671,2.759,7.612,2.344,76.546,70.746
665,2.378,5.225,1.179,77.196,85.973
800,2.406,6.55,1.236,75.846,77.942
1253,3.09,5.634,1.597,81.76,70.834
1087,3.459,11.05,1.298,73.888,73.075
517,4.825,4.224,2.266,77.277,69.735
530,5.062,9.394,5.471,77.654,73.821
645,3.644,4.309,2.226,75.107,81.982
610,2.969,6.679,3.815,77.098,86.901
659,4.473,4.817,0.695,74.489,83.792
885,1.264,2.519,2.915,84.522,82.268
644,4.856,10.55,2.216,75.524,69.416
399,4.618,3.441,1.865,75.662,75.372
600,2.197,7.437,2.556,78.524,84.464
696,1.237,5.824,1.529,78.34,73.986
422,4.439,5.341,2.264,76.865,78.718
931,4.467,8.537,2.512,76.062,78.847
1339,2.519,11.112,1.521,75.259,71.565
456,2.616,6.634,1.568,77.931,86.818
839,4.374,12.535,2.844,83.461,69.323
539,2.748,4.712,1.802,75.936,66.843
511,3.018,6.829,4.827,73.968,68.866
496,2.72,6.718,1.307,75.967,66.536
519,4.884,9.52,3.509,76.001,71.611
884,2.324,6.038,2.067,76.276,77.5
658,2.223,6.896,4.772,74.883,82.279
664,1.894,3.412,2.994,78.581,79.471
558,4.119,15.09,2.512,76.344,83.877
590,3.972,9.84,1.786,76.494,82.045
666,4.569,6.574,1.442,84.324,78.148
613,2.293,6.897,2.686,73.686,80.304
571,4.159,7.754,2.729,77.455,79.013
442,2.907,10.852,1.341,86.291,71.263
594,3.033,4.556,2.248,77.863,73.742
604,2.958,7.558,3.694,74.429,69.006
836,2.827,7.377,3.127,77.39,69.848
497,3.626,3.271,1.968,74.943,74.772
493,4.373,3.849,3.801,76.241,76.107
461,1.923,6.812,4.433,78.001,87.166
774,2.86,7.488,1.289,76.681,72.437
1073,1.994,4.559,2.858,77.301,76.144
1346,3.537,5.784,2.628,77.604,76.778
765,2.905,6.633,2.98,80.657,74.464
853,5.115,4.513,2.069,74.582,71.013
695,3.354,6.135,3.018,80.604,88.134
1134,2.789,6.126,0.065,77.981,77.164
556,2.961,6.412,2.053,77.026,72.059
690,2.485,11.234,2.44,74.75,78.979
877,2.579,6.223,1.619,77.457,84.468
739,4.041,6.035,1.476,82.888,76.311
610,3.782,5.727,1.57,75.754,74.494
925,4.989,4.156,1.158,77.877,74.691
1119,2.312,5.475,1.56,76.809,75.378
491,2.075,8.376,1.826,76.485,81.112
933,4.659,9.264,2.037,77.722,78.361
1072,5.565,9.235,2.877,76.396,72.636
820,3.608,3.52,2.284,75.344,75.035
852,2.459,7.21,1.849,74.528,74.776
646,2.175,7.978,1.383,77.74,82.469
563,3.396,5.167,1.587,76.577,70.786
566,5.288,8.779,3.151,74.802,75.469
678,3.688,6.545,5.329,74.623,84.234
1560,3.326,9.35,2.152,76.266,84.043
491,2.718,5.88,1.739,77.068,78.83
847,4.909,7.496,2.187,74.56,81.933
971,3.293,2.741,2.889,78.801,79.937
1244,3.943,5.019,1.29,73.747,75.363
934,2.109,8.61,1.489,76.86,83.749
923,3.932,7.416,5.211,77.141,81.258
668,2.677,6.087,1.211,85.042,89.227
1174,2.84,7.889,1.202,77.857,76.693
614,3.945,15.128,3.216,77.418,84.985
690,4.335,4.096,1.74,78.873,82.968
805,4.146,4.132,3.242,86.309,68.548
1432,2.183,8.248,1.649,75.606,66.884
494,3.199,7.258,2.09,81.242,84.426
723,4.15,1.969,1.573,76.125,86.701
630,5.46,6.912,0.958,77.107,79.173
383,2.652,3.646,2.427,74.792,82.846
603,3.395,10.966,1.891,81.693,83.343
479,2.746,4.293,1.95,77.153,77.399
940,2.576,2.289,2.05,78.118,78.55
872,1.325,12.439,1.419,75.927,76.198
944,2.721,10.577,1.845,77.677,79.867
899,2.656,4.192,0.946,84.764,74.135
1292,0.191,3.438,2.803,83.429,79.756
706,5.025,9.398,1.169,77.062,80.107
1010,5.105,10.209,3.172,75.099,71.303
1010,1.657,7.007,2.088,74.828,82.26
1302,1.947,4.365,5.584,77.505,80.55
520,2.159,4.429,3.06,77.637,81.221
589,2.353,7.65,1.671,74.0,70.506
870,4.616,6.445,1.687,77.44,74.387
629,5.538,5.019,0.25,77.099,74.464
671,2.076,7.113,2.932,86.747,86.414
847,4.247,3.991,3.044,79.247,85.747
996,2.31,8.095,2.304,80.645,89.417
654,4.726,8.854,1.167,77.744,77.158
800,2.949,5.125,2.621,76.802,67.221
1053,1.979,8.657,1.637,80.977,83.747
1399,2.826,10.484,2.899,74.338,80.13
616,4.295,5.587,2.492,79.896,88.689
493,3.791,9.372,2.123,77.698,64.997
898,4.162,10.894,1.582,77.078,84.958
441,4.79,5.966,1.436,76.416,67.99
1277,2.368,2.488,1.275,77.555,79.449
752,4.254,6.616,2.672,77.422,72.851
888,2.094,6.236,2.105,74.409,67.182
391,3.933,5.581,2.255,77.176,69.79
983,3.941,11.174,1.897,75.446,80.764
987,2.814,5.775,1.32,87.464,86.983
719,2.363,10.284,2.761,76.589,72.016
695,3.144,6.838,2.228,78.549,82.618
982,3.001,6.648,1.546,77.427,81.561
545,3.295,12.914,2.597,74.752,79.285
762,3.407,6.768,4.928,76.722,82.998
496,2.244,4.785,3.104,77.57,77.061
905,4.24,6.143,1.112,85.568,88.374
1109,2.188,6.057,2.795,78.902,79.163
1380,2.733,5.326,5.832,77.431,77.958
618,3.766,1.549,0.927,77.827,81.137
892,2.786,6.018,1.516,75.01,74.292
569,1.972,6.766,2.237,73.351,75.269
609,1.82,14.614,3.152,74.838,77.908
639,2.972,1.452,2.049,77.333,85.402
1052,2.234,11.698,1.388,74.646,76.027
760,3.986,4.658,2.965,83.197,74.545
644,4.756,4.806,2.462,74.891,78.937
794,3.795,5.867,2.185,85.245,78.96
1073,4.24,6.3,1.686,80.644,82.471
992,4.295,3.271,1.863,78.96,66.117
595,2.581,15.79,1.42,76.33,72.86
698,2.766,8.174,1.589,76.66,73.176
533,3.936,6.202,1.378,81.115,74.831
1155,2.131,9.499,2.093,77.154,68.671
789,5.695,7.397,4.341,75.617,72.948
516,1.787,3.999,2.598,76.911,81.145
1358,3.056,6.335,1.697,77.859,92.854
619,3.595,6.973,5.498,76.517,85.628
509,1.962,5.534,1.671,79.035,68.704
734,3.561,7.54,2.354,75.253,73.039
1220,3.378,9.014,2.649,77.152,74.9
1464,2.396,10.974,2.383,77.052,72.306
406,1.961,6.668,1.84,76.62,73.096
403,4.013,8.609,1.428,84.111,73.147
739,2.979,9.662,1.791,77.214,73.05
538,3.073,6.685,1.604,77.874,78.862
1127,2.749,4.274,1.477,76.622,76.559
807,4.815,4.214,1.746,75.976,72.262
575,3.244,8.133,1.322,76.598,81.903
522,3.139,14.242,2.598,75.015,75.269
932,4.828,5.817,1.287,75.457,84.5
805,5.025,7.635,5.629,76.351,80.527
533,1.896,11.5,1.33,77.463,66.957
1077,2.579,4.634,2.95,81.286,71.638
817,2.604,9.145,1.265,77.01,72.567
544,4.017,6.213,0.183,86.994,85.241
931,2.497,5.328,3.357,76.991,71.945
710,3.64,4.561,1.625,77.906,71.715
673,2.07,6.279,1.379,75.195,77.034
675,3.561,5.164,1.795,76.682,72.205
625,2.134,4.507,2.81,77.999,79.603
794,1.923,3.693,2.211,75.601,87.837
690,4.302,8.54,2.681,76.913,80.348
1224,4.577,5.556,2.679,80.936,70.052
440,0.467,7.167,3.035,75.607,73.203
707,2.307,7.431,5.656,76.911,79.123
1287,4.146,4.238,1.474,76.42,82.925
539,4.19,9.141,2.292,76.225,77.494
1097,2.173,6.238,3.351,73.82,84.248
1049,2.089,0.716,2.253,88.178,75.818
858,3.218,8.28,1.652,77.825,85.562
773,3.448,6.349,1.503,74.941,82.201
1114,4.648,4.565,2.377,77.791,76.679
583,3.137,7.113,4.878,75.907,77.801
1189,2.218,6.033,2.921,77.074,69.409
760,3.29,5.461,2.192,79.207,72.876
571,3.029,5.86,2.074,74.696,84.729
656,2.761,5.485,1.545,75.949,75.489
776,3.462,8.928,1.227,86.282,80.146
956,2.169,7.677,5.166,77.795,74.611
702,0.492,4.646,2.4,86.147,82.38
810,2.123,5.97,1.675,83.624,86.663
633,3.968,8.283,1.184,76.355,75.192
845,3.267,12.861,2.848,74.369,66.977
1482,3.29,5.083,1.95,75.427,88.659
892,4.202,4.18,1.779,77.81,86.685
738,2.822,5.642,1.692,77.06,78.199
792,3.865,7.12,2.599,76.241,78.076
515,2.829,6.581,2.425,75.015,76.838
1511,2.463,4.319,1.522,77.166,83.966
780,3.739,7.457,2.241,76.466,80.151
677,4.332,5.295,1.647,76.452,78.318
1011,3.084,5.812,3.176,74.254,77.619
625,4.403,5.017,1.738,83.154,79.511
523,5.02,5.812,3.038,80.077,80.962
926,2.857,13.125,1.087,76.698,67.606
966,3.196,7.453,2.633,76.828,84.343
793,2.262,5.35,2.551,78.62,71.669
600,4.279,2.002,1.985,79.88,86.593
1694,4.732,13.201,0.642,76.25,81.032
919,2.914,7.806,1.637,77.504,71.172
1350,3.663,7.483,0.934,77.459,86.523
579,4.666,8.566,2.179,75.114,77.035
691,3.922,8.737,3.118,77.83,75.667
572,4.425,6.433,2.668,77.225,83.121
606,4.531,4.695,1.221,75.21,74.851
589,4.83,5.838,1.08,74.5,87.092
680,2.923,2.813,1.517,75.788,76.41
770,2.543,5.616,3.134,75.241,83.338
660,2.519,7.772,1.145,77.509,80.021
989,2.227,4.805,0.817,74.858,77.094
1378,4.444,6.286,2.96,79.57,71.0
879,4.413,6.669,2.145,78.168,71.695
591,3.894,5.649,3.334,74.732,76.893
1484,2.855,5.572,4.441,81.469,76.669
762,3.236,11.014,4.718,75.886,79.55
746,1.876,4.425,2.541,74.97,80.452
624,3.178,11.27,2.122,73.484,70.714
518,3.191,5.889,3.8,85.056,78.115
760,5.663,5.478,1.795,76.991,88.546
847,4.092,8.9,1.975,76.828,72.443
676,3.558,7.326,1.359,76.277,79.233
478,3.698,4.802,2.292,74.781,73.647
1021,2.151,2.592,1.942,75.661,85.553
524,1.441,6.818,1.786,77.268,73.979
599,3.772,5.146,1.755,77.866,75.279
949,5.632,5.459,2.014,76.134,78.417
506,4.028,7.681,5.187,79.465,68.092
751,3.493,7.075,5.418,77.138,78.09
499,3.939,4.605,1.578,81.062,74.473
591,3.917,3.799,2.942,75.461,75.52
662,2.131,4.169,1.389,74.988,70.856
446,4.905,3.364,1.151,76.055,85.608
547,4.797,5.175,3.341,77.638,88.714
713,1.919,5.933,3.002,76.859,81.122
506,2.194,6.597,1.286,76.102,77.789
727,2.808,5.747,1.136,78.332,84.401
1122,3.38,5.253,1.464,77.49,75.316
1042,3.729,8.26,1.727,80.596,74.653
714,3.793,8.923,1.673,74.065,80.071
809,2.465,3.389,1.503,75.636,76.239
847,3.395,2.712,2.306,80.454,77.627
431,4.334,10.042,3.097,77.773,70.786
838,3.425,6.716,2.592,76.742,70.723
654,2.801,5.336,1.733,78.402,72.273
777,3.89,12.74,1.303,77.701,77.624
594,3.824,12.613,1.708,75.689,78.933
382,4.65,8.004,3.05,77.184,75.509
474,4.057,7.177,2.883,75.683,76.329
632,2.325,6.041,1.849,75.477,85.866
694,2.929,4.656,3.315,77.899,82.371
558,4.286,6.469,3.029,78.579,81.277
652,4.462,3.905,2.867,75.28,79.296
617,2.332,6.262,5.272,73.502,70.041
548,3.935,5.986,3.068,76.5,74.345
989,2.533,3.896,1.082,88.66,69.434
615,2.947,7.548,2.715,80.604,76.446
892,2.981,6.0,2.407,76.928,67.201
603,2.812,8.454,1.449,76.829,77.358
1307,3.771,2.955,1.845,77.864,81.624
470,4.499,5.674,2.993,77.957,67.079
978,3.164,7.138,2.047,77.186,77.788
561,3.638,5.429,4.129,86.356,67.985
1118,2.829,9.017,2.368,77.511,81.017
774,3.027,6.001,3.016,75.206,82.932
1227,3.941,10.921,5.099,76.785,80.765
1185,3.102,5.353,2.376,75.114,72.786
602,3.38,6.287,0.538,75.431,71.395
865,4.365,10.23,1.556,77.651,86.205
1458,2.822,9.648,1.487,77.124,82.46
784,5.34,2.019,4.956,85.032,75.523
794,3.424,5.682,3.237,77.51,83.846
771,3.615,8.281,2.025,76.936,85.011
545,2.199,5.147,2.137,79.343,85.509
771,3.436,5.193,1.539,77.655,71.005
733,3.575,10.329,1.633,77.274,82.169
504,3.775,3.962,2.039,75.564,80.421
738,2.772,8.3,1.195,76.085,79.279
531,2.554,4.084,2.416,78.014,77.916
586,4.116,7.72,1.989,75.45,70.583
612,3.004,7.534,2.641,75.505,79.511
1292,2.842,7.669,1.789,86.079,72.814
492,4.178,10.581,3.106,76.648,85.5
643,3.281,11.122,1.878,74.302,72.981
1264,3.661,8.158,2.236,75.148,73.323
674,2.622,6.31,1.69,77.604,70.87
530,5.142,6.49,1.142,77.776,76.748
928,2.099,7.34,3.719,81.938,91.215
794,2.341,12.426,2.794,74.196,78.723
999,2.4,5.559,3.137,77.09,69.589
932,3.535,6.098,1.809,76.413,77.664
448,2.365,6.677,1.277,75.757,69.077
810,2.768,7.715,2.155,78.345,68.99
876,3.495,6.031,2.269,78.138,78.977
652,3.353,6.324,1.991,75.694,80.598
444,2.788,6.706,3.247,76.381,76.654
916,2.397,5.687,1.029,76.377,78.243
922,3.78,6.457,2.416,74.725,82.189
484,2.308,7.964,1.717,76.422,77.566
1483,3.355,9.97,2.352,76.627,79.727
493,2.702,6.414,2.388,76.791,71.234
688,4.453,12.154,1.782,74.84,84.58
1108,3.907,10.76,2.255,75.013,77.043
450,0.7,4.112,0.95,74.869,72.89
993,4.045,5.731,4.483,76.948,78.97
615,2.811,4.221,2.149,76.767,76.643
480,2.932,9.265,1.792,75.388,80.922
559,5.154,5.918,2.788,75.653,76.358
741,4.499,4.361,1.193,76.581,82.606
757,5.065,6.964,1.884,76.936,73.491
1047,5.275,15.146,1.59,76.463,75.621
916,2.47,8.022,3.453,77.144,73.313
930,2.257,1.802,1.283,77.59,84.757
992,3.891,12.288,1.18,84.291,84.695
941,2.629,12.161,1.063,75.54,72.598
934,4.441,12.606,3.196,74.314,73.452
750,2.873,6.067,2.729,76.229,84.093
583,2.617,3.789,1.213,77.788,71.0
797,3.439,13.977,1.002,77.805,87.768
513,3.266,13.728,1.57,77.887,75.651
526,3.598,5.157,1.322,83.964,74.341
943,2.958,5.756,2.207,82.619,81.725
688,1.961,7.795,2.202,77.314,69.623
359,3.976,4.491,2.536,77.404,65.001
912,4.17,5.225,2.76,74.519,73.135
833,2.505,6.895,4.878,77.692,78.135
727,5.207,6.52,1.422,86.147,85.598
1225,2.031,7.593,1.224,77.033,83.994
798,3.649,7.311,1.198,75.67,68.914
1322,2.631,5.044,2.104,87.6,82.225
1571,2.319,3.068,1.752,84.82,79.069
675,2.703,4.259,2.464,78.635,92.465
1158,4.757,7.019,1.237,76.724,77.713
642,3.421,3.1,1.704,83.136,68.686
1285,3.917,4.747,2.056,76.034,82.838
990,3.46,6.252,1.185,75.895,68.077
438,4.189,7.779,1.252,76.603,71.978
488,2.301,7.536,2.428,77.364,80.632
659,4.26,4.176,2.572,79.962,83.007
798,4.668,4.34,2.486,76.166,79.594
1057,3.042,7.143,1.15,80.919,86.94
908,5.257,6.781,2.418,76.139,81.447
1122,2.348,11.418,1.871,74.788,73.726
681,3.11,1.846,4.944,77.865,77.733
361,1.923,10.394,2.557,84.983,72.709
701,3.095,8.524,1.866,74.719,77.528
812,2.14,8.068,3.289,82.417,80.831
718,3.01,4.176,1.364,84.003,73.322
1045,3.462,7.262,1.663,74.548,70.75
902,4.117,4.981,4.347,75.952,87.925
705,2.929,4.753,1.616,75.956,80.63
1028,2.994,4.795,1.908,77.679,71.279
1089,2.688,5.597,2.11,76.992,69.08
885,2.035,15.5,1.523,78.96,80.818
517,5.492,4.888,1.044,74.976,77.496
827,3.616,5.013,1.235,76.608,79.941
1032,2.751,4.566,3.03,75.397,83.402
1457,4.114,5.754,5.951,75.248,77.232
798,3.318,4.683,2.311,73.939,69.175
500,5.4,13.96,3.027,82.932,67.523
461,2.648,7.529,2.29,82.313,65.747
1311,2.926,7.507,3.53,75.738,70.608
522,3.777,4.576,2.682,72.922,72.021
435,1.985,4.449,2.149,81.742,83.645
1433,2.43,9.107,1.718,77.883,81.317
829,1.702,3.936,1.802,79.655,82.649
566,2.885,13.889,2.91,74.227,76.262
564,4.466,12.281,2.251,76.233,84.045
658,3.763,7.274,4.465,72.438,74.858
1116,0.019,8.583,2.721,76.899,81.693
508,3.591,3.889,2.655,75.232,78.543
819,3.517,6.008,0.985,76.156,74.46
874,2.433,1.178,1.49,83.062,81.265
785,2.888,6.886,4.678,75.112,69.368
566,2.509,4.597,2.344,74.593,80.347
787,4.453,7.141,3.206,75.376,70.9
823,3.025,7.046,2.566,77.632,75.506
562,0.159,4.889,2.75,84.303,82.334
761,2.26,6.11,3.147,77.7,73.747
937,3.934,4.616,2.248,76.776,77.59
610,2.451,7.248,2.779,77.679,90.352
581,3.777,4.293,2.236,77.064,78.283
724,3.274,5.286,1.33,74.983,74.548
752,3.586,7.361,1.491,78.824,71.035
737,4.621,5.909,1.832,77.613,70.896
812,3.244,5.076,1.042,76.435,75.246
819,1.964,8.281,2.356,74.879,68.061
1280,3.419,7.509,1.569,79.938,85.197
949,2.979,7.778,3.482,76.392,75.054
855,0.073,5.103,1.492,74.857,74.389
387,4.408,4.718,2.328,76.801,75.647
398,3.955,7.846,2.296,75.619,76.47
1181,3.372,2.85,0.844,81.526,83.927
714,4.575,6.076,1.076,77.865,76.899
414,2.41,8.355,2.921,75.706,71.334
942,3.085,5.729,1.464,77.335,69.79
527,2.33,6.907,2.383,76.986,87.282
972,3.803,4.965,1.559,76.614,76.546
1135,5.504,7.55,1.05,76.433,77.715
761,1.908,10.833,3.913,84.866,82.097
757,3.967,6.578,1.958,80.52,78.184
378,1.982,7.761,2.909,78.05,79.836
493,4.908,6.489,2.327,84.121,79.774
1219,4.177,7.86,2.37,77.94,80.773
924,2.298,5.988,1.086,74.672,76.787
923,4.457,4.86,3.327,76.995,84.525
512,4.179,4.532,2.324,76.363,79.625
471,2.619,7.076,2.538,76.202,77.613
724,4.586,9.082,1.827,75.133,74.949
891,2.763,4.209,0.967,76.946,85.92
968,5.069,10.739,2.974,80.474,80.645
673,2.64,6.812,2.212,76.401,67.449
743,4.223,16.084,1.682,85.848,76.288
460,2.507,1.666,1.86,74.578,69.419
443,2.629,6.532,3.187,73.702,89.509
511,4.129,4.654,3.56,76.524,79.726
1203,2.888,12.512,1.204,77.055,68.554
520,1.94,10.468,2.7,76.356,88.975
1029,3.883,6.934,1.692,76.707,77.709
758,2.071,5.57,2.046,77.765,76.975
1376,3.095,4.06,2.496,77.64,90.101
993,2.696,9.31,1.618,77.012,88.287
513,4.832,10.263,1.161,75.808,65.907
770,4.645,11.167,2.357,81.958,64.659
463,2.862,5.499,4.607,76.997,71.947
765,3.668,11.882,1.999,75.488,76.669
560,4.7,6.728,3.252,75.651,73.767
554,4.033,4.153,2.391,76.729,82.349
865,2.167,4.971,1.357,76.139,73.056
647,3.487,4.357,2.856,76.495,90.321
418,3.234,6.637,2.726,78.387,81.79
940,4.31,8.594,1.12,76.341,73.199
724,2.227,4.247,2.299,77.222,75.119
1079,4.632,11.979,3.621,78.442,82.709
1128,2.317,5.769,3.837,72.945,81.998
568,3.859,4.497,0.709,76.416,79.159
674,3.899,8.057,2.32,76.87,81.713
537,2.762,4.635,2.337,77.883,75.965
602,2.079,7.066,2.715,76.629,81.262
958,4.007,7.951,3.168,78.424,89.089
722,4.516,7.795,1.501,82.334,84.968
669,2.939,6.655,1.362,77.277,70.761
719,2.14,5.773,3.438,75.103,83.779
602,3.968,5.992,1.766,75.374,83.375
839,5.533,6.226,2.468,75.686,79.132
1062,2.788,7.103,2.436,75.808,73.442
949,3.738,8.508,2.36,76.323,71.494
961,2.768,4.414,2.285,76.446,77.153
481,3.967,8.721,2.213,78.309,81.366
993,3.805,5.179,1.764,75.505,76.568
748,3.649,5.65,3.169,77.649,69.853
741,5.267,9.674,1.377,75.764,78.208
652,3.295,4.748,1.84,75.169,73.217
582,4.331,10.298,4.252,77.582,87.897
468,3.505,4.566,0.964,74.408,81.355
603,4.519,4.346,1.384,78.776,74.253
541,2.322,10.079,6.45,76.651,85.358
950,3.293,7.948,1.264,77.029,81.405
748,2.0,8.126,2.047,76.361,76.121
402,4.398,5.749,2.18,75.067,78.122
471,5.341,5.156,5.827,75.851,78.243
637,3.245,7.322,1.278,74.563,70.586
611,3.317,4.675,3.291,77.16,87.71
790,3.728,9.261,2.207,85.157,83.733
471,5.009,5.211,5.4,77.365,71.5
922,4.91,6.104,1.325,88.01,83.799
675,3.427,9.247,2.378,76.439,75.792
801,2.921,6.284,1.858,76.336,67.979
802,4.118,6.483,1.732,87.64,90.777
689,2.801,6.405,1.619,77.321,72.371
397,2.538,6.527,2.631,74.873,85.045
640,2.547,3.871,2.414,78.019,74.309
847,3.938,6.985,3.359,77.644,69.543
1038,4.21,6.599,4.822,84.568,85.189
533,4.539,10.312,1.6,74.693,73.275
1087,5.029,5.622,1.408,73.38,83.784
872,4.812,3.247,2.32,73.831,66.781
551,2.46,3.442,3.509,74.136,79.488
670,3.679,8.395,0.005,74.783,75.935
511,1.069,3.859,1.522,76.687,87.246
658,3.547,9.309,1.89,79.637,86.919
681,3.034,5.511,2.567,79.138,72.293
1077,2.35,9.083,1.553,75.597,82.301
837,2.254,6.229,2.852,74.382,78.819
597,3.246,8.117,3.216,76.468,73.888
1260,5.016,5.664,4.067,78.355,76.344
799,2.299,7.708,2.339,78.069,82.544
1075,1.801,3.094,4.208,76.168,76.713
653,2.464,5.119,2.75,87.032,77.172
1558,3.338,4.852,2.139,77.521,68.337
792,4.879,3.922,2.942,77.272,85.565
466,3.936,4.923,2.266,74.982,88.969
747,5.273,11.02,3.351,78.113,72.87
1082,3.199,7.844,2.72,76.385,88.991
433,4.929,5.862,0.908,77.408,80.565
685,3.598,10.007,1.757,78.476,85.509
798,4.33,8.733,1.888,76.824,85.907
834,2.856,5.473,1.946,76.003,77.079
811,5.453,5.08,2.68,76.546,90.086
835,2.063,7.514,1.942,77.082,85.537
516,2.49,4.66,3.162,77.215,80.161
991,3.925,4.3,5.896,77.446,76.467
768,3.192,4.494,2.583,78.097,84.971
1050,2.485,5.188,1.707,76.451,75.446
664,2.907,17.532,3.415,74.371,85.918
691,2.945,6.1,5.835,76.71,79.974
1047,3.858,1.044,1.127,76.951,81.874
958,3.141,4.744,4.965,76.718,80.583
1288,2.552,4.88,3.774,84.044,73.609
709,3.385,7.466,2.938,77.576,76.032
641,3.417,9.352,2.859,76.175,84.518
814,1.306,4.714,1.701,77.536,70.212
660,3.913,4.416,1.167,85.533,73.036
721,2.695,4.577,2.917,76.714,77.743
516,1.962,7.65,2.595,76.722,85.487
680,2.344,6.192,1.545,75.563,70.726
1187,2.722,5.958,2.341,77.555,89.434
644,4.399,3.913,3.354,77.778,83.63
774,3.178,5.638,2.048,74.419,74.559
1176,4.006,5.246,2.929,77.701,85.381
543,4.133,5.381,1.309,74.906,83.387
937,3.884,4.817,2.067,79.305,91.999
832,4.505,12.183,2.051,78.169,73.262
471,2.782,7.681,1.775,78.56,86.576
840,2.827,10.715,5.301,80.642,94.934
568,2.338,4.348,1.296,79.295,77.943
838,2.406,4.894,1.188,76.164,79.874
1606,4.473,3.704,1.172,81.966,84.508
1022,5.004,12.419,2.925,74.997,76.833
920,1.932,7.938,3.459,74.14,69.898
551,4.156,8.573,1.342,74.817,65.226
726,3.357,5.189,1.359,86.641,69.719
819,2.236,5.32,1.66,77.823,85.187
423,2.558,7.252,1.772,76.478,86.269
675,3.141,6.207,1.753,77.58,76.916
1428,4.647,3.964,1.389,73.729,73.535
633,3.272,4.541,2.378,77.597,68.346
822,3.287,11.768,3.049,83.566,71.776
1267,4.12,8.26,2.096,74.637,76.782
751,3.524,6.491,2.313,77.558,83.158
770,5.198,5.159,0.484,73.953,81.907
1160,2.497,4.635,1.861,74.027,68.692
539,4.763,5.619,2.712,81.874,85.786
883,2.263,5.189,3.772,75.483,83.799
584,2.648,4.176,2.841,82.873,86.65
751,2.384,6.374,2.621,82.701,88.336
612,2.645,5.584,2.147,79.682,90.309
1084,4.412,4.431,1.523,84.752,79.092
803,2.079,9.489,4.171,85.47,77.341
942,5.286,12.535,1.152,75.494,72.757
597,5.031,5.131,1.767,74.793,79.14
793,2.928,4.195,1.334,74.979,80.613
775,3.205,7.581,1.241,76.428,71.212
599,1.97,3.978,3.247,72.982,70.856
807,4.16,7.929,1.809,83.934,82.965
1477,2.469,6.622,1.938,74.576,86.708
1412,3.182,10.533,2.357,74.783,76.792
611,1.953,6.92,2.125,76.755,76.208
756,2.589,5.017,2.334,76.473,77.959
652,2.258,3.093,2.501,75.878,75.568
517,2.35,7.402,3.135,77.701,83.515
711,3.383,10.248,3.077,73.554,80.53
740,4.673,12.087,2.753,74.374,83.369
591,4.826,7.361,1.371,75.491,82.841
915,3.792,5.86,3.283,78.299,78.098
827,2.077,7.527,1.334,75.853,74.761
744,3.173,4.235,1.514,77.301,76.675
1762,4.388,7.024,2.124,77.136,69.893
529,1.858,4.143,1.445,76.077,75.24
929,2.472,6.597,3.539,75.609,75.881
793,3.514,7.138,2.486,77.074,77.991
847,2.279,4.836,2.095,76.176,79.464
782,3.691,6.466,1.73,77.125,67.331
1294,3.178,4.776,2.196,74.657,70.735
627,4.818,3.778,1.83,80.915,86.66
534,2.429,5.263,3.835,76.45,75.782
861,2.506,6.83,2.287,75.843,88.919
551,3.748,3.906,2.337,77.175,84.343
1481,2.328,5.842,2.715,76.456,86.306
464,3.757,11.501,4.259,77.026,88.3
739,2.874,4.156,2.496,78.654,86.871
892,3.697,6.04,1.216,76.52,77.61
1480,4.794,10.584,2.009,77.284,74.861
868,3.617,6.699,0.998,78.23,74.706
760,2.723,2.782,3.76,77.119,85.912
718,3.09,3.991,1.83,76.919,70.219
792,2.965,8.443,0.804,82.805,82.24
761,3.729,6.294,1.252,77.638,75.465
507,2.83,7.74,2.324,76.559,80.843
886,2.588,7.32,1.658,75.332,74.01
529,2.691,9.861,1.757,76.702,80.213
748,2.358,3.291,1.761,75.834,74.659
745,4.105,4.946,2.856,77.553,89.756
860,3.747,7.7,1.971,89.286,89.098
523,3.123,7.694,2.129,76.175,86.081
397,5.066,5.454,1.877,78.581,71.591
935,2.352,5.293,2.546,83.318,77.725
422,3.883,6.379,1.858,78.265,73.296
629,5.011,5.033,0.91,75.809,72.6
466,3.239,6.137,2.297,75.356,82.994
705,2.641,5.288,1.165,77.115,91.852
878,3.237,3.56,1.769,74.441,84.797
515,4.476,10.311,2.412,77.721,71.123
1082,2.201,6.716,2.523,77.118,88.18
486,2.725,4.449,2.288,81.213,75.868
522,4.723,10.449,3.374,76.964,70.664
754,3.748,3.675,2.438,76.211,67.581
574,2.454,8.335,4.188,76.343,72.686
681,2.67,4.894,1.973,77.167,86.456
498,2.343,4.892,2.191,77.436,73.022
563,1.902,6.654,2.597,80.957,84.13
1254,3.336,7.233,2.172,75.776,74.787
610,2.12,3.257,2.473,83.581,69.45
599,4.31,5.286,2.185,78.235,85.278
550,2.174,14.326,2.974,75.068,81.801
1048,4.705,7.861,1.856,75.597,88.95
1247,2.916,8.004,1.503,75.534,68.217
446,2.266,6.328,5.042,77.822,79.483
1284,4.934,6.026,1.457,78.004,85.323
551,3.446,5.006,3.543,77.411,85.541
714,2.815,4.878,2.977,73.781,85.103
637,4.778,5.327,2.8,77.065,88.398
869,2.733,5.348,2.653,75.883,80.72
993,3.377,5.093,4.751,76.329,80.02
913,2.135,5.545,2.592,82.129,76.188
578,3.26,6.615,1.698,76.987,78.471
491,5.306,9.221,2.025,75.362,73.495
907,2.421,18.764,3.325,74.229,79.395
407,2.881,8.858,2.505,77.319,78.538
780,1.968,5.473,2.959,77.118,76.117
928,3.203,7.157,2.133,85.323,72.843
1384,2.163,0.754,3.425,74.104,80.504
812,3.033,7.364,2.843,77.214,77.552
811,2.678,7.747,2.137,81.712,77.145
795,3.657,6.082,4.644,76.285,68.684
1193,2.418,3.363,1.471,73.76,79.701
664,5.712,8.069,2.553,76.152,88.835
1476,3.141,9.463,3.195,75.763,78.538
607,2.083,7.593,5.807,75.049,80.973
587,4.05,6.092,1.695,77.683,63.087
919,3.167,5.558,2.226,85.172,75.303
549,3.409,14.681,1.536,77.604,71.287
718,4.028,4.439,2.312,76.402,74.392
746,6.062,9.387,2.636,78.048,77.731
540,2.31,7.558,4.309,74.447,73.219
585,3.993,4.749,3.53,75.174,74.483
530,2.799,6.761,4.322,79.806,84.192
1152,2.25,7.32,5.736,77.635,71.524
1052,4.927,9.25,1.328,76.429,69.905
701,5.141,4.191,2.653,78.347,79.377
434,4.576,11.388,2.723,83.46,78.223
597,3.412,9.483,3.338,73.429,77.853
688,2.872,4.568,2.589,86.545,83.797
650,3.1,4.529,2.093,86.038,74.227
554,4.437,5.434,1.092,73.936,72.907
508,4.752,7.068,2.46,76.242,92.496
877,3.631,7.089,2.558,77.524,77.084
788,2.936,5.524,2.986,76.373,85.162
503,4.209,3.612,1.026,78.166,79.093
627,2.834,5.854,6.97,76.683,83.888
425,3.006,2.775,1.339,77.804,73.648
1692,3.563,4.443,2.225,78.194,77.785
629,0.724,6.468,2.046,77.728,75.767
823,2.606,12.601,4.766,76.747,85.021
1131,4.33,9.744,5.719,75.173,74.243
857,6.668,6.814,1.541,74.859,77.111
1138,3.427,5.932,2.734,74.686,72.42
1149,3.907,5.361,2.362,77.361,77.367
1495,1.917,6.765,1.856,86.401,84.984
658,3.507,5.332,2.546,76.704,77.768
685,5.43,5.439,2.842,77.965,90.401
801,3.848,5.256,3.342,77.619,81.391
780,2.442,6.24,1.243,83.314,78.978
839,2.751,12.219,2.191,77.731,82.141
963,3.495,7.367,3.273,85.055,75.804
687,2.786,3.599,3.208,77.215,81.025
388,1.854,3.082,5.914,76.369,82.29
408,4.553,5.688,2.342,78.318,89.402
1024,3.254,4.417,2.131,76.072,84.15
810,3.816,4.646,2.525,83.552,74.912
697,2.505,7.639,2.39,76.572,64.377
744,2.715,3.535,5.719,74.181,72.067
522,3.214,5.102,3.679,73.854,71.241
1004,2.64,4.6,1.482,77.698,70.674
575,2.766,5.249,2.167,76.686,80.048
769,3.546,6.984,0.998,76.588,72.427
1184,4.363,7.394,1.818,80.045,83.745
476,3.34,9.302,5.649,77.33,79.591
863,5.524,6.927,5.544,77.633,68.757
1025,2.42,5.204,2.047,75.432,80.665
1060,3.993,4.13,1.665,82.921,70.924
504,3.12,13.905,3.941,76.526,91.66
541,2.647,6.415,3.092,76.788,80.708
708,2.558,4.578,1.761,79.755,78.597
1123,3.597,5.056,3.05,83.482,79.141
1148,4.289,5.107,2.855,76.613,75.08
557,1.694,6.851,3.313,75.164,82.913
905,3.981,5.122,0.817,78.409,79.103
605,2.088,4.234,1.737,75.179,75.089
735,3.756,5.028,2.278,77.047,73.996
809,2.591,5.565,1.826,78.156,78.25
533,4.805,4.464,1.223,77.207,76.257
1198,3.453,7.82,1.896,82.829,80.863
962,3.376,4.389,1.934,73.467,73.145
1449,2.844,6.064,2.112,80.785,87.328
606,2.465,4.186,3.041,85.136,80.948
1312,3.534,4.122,2.098,75.821,88.653
473,3.105,7.374,1.104,77.591,75.593
875,2.138,6.308,3.225,74.308,85.797
523,4.038,6.64,2.15,78.428,90.308
423,2.985,9.495,2.123,75.566,71.561
859,2.881,7.648,1.187,80.922,79.835
1268,4.888,6.345,2.689,74.901,81.687
669,2.935,5.227,1.364,76.11,73.224
698,4.679,8.786,1.998,74.239,77.959
691,3.79,5.527,3.159,77.928,77.148
595,4.41,7.789,6.534,86.918,71.693
818,4.408,9.985,2.808,79.572,75.188
872,3.598,7.987,1.667,75.91,78.579
606,2.479,6.17,1.934,74.364,74.143
435,2.705,6.9,1.182,77.669,73.296
502,4.159,6.76,1.232,76.616,81.764
504,2.056,5.475,3.15,75.559,84.257
1450,2.529,6.085,2.706,76.536,78.434
585,4.355,4.114,3.03,75.271,77.52
713,1.864,5.23,1.257,76.808,72.563
859,2.5,7.29,1.4,77.648,67.01
814,4.405,14.423,4.529,75.763,81.773
726,2.708,5.671,2.171,75.837,69.586
852,4.102,11.675,1.671,79.048,75.44
546,2.162,7.121,2.015,76.884,86.206
1055,3.245,6.809,1.623,76.265,78.658
404,3.714,11.102,1.446,74.328,85.138
795,5.622,5.189,1.711,78.035,79.753
844,1.058,3.259,1.692,83.337,69.491
731,4.087,6.765,2.712,81.792,75.622
727,4.191,7.896,2.311,76.455,81.635
670,4.344,3.876,2.736,78.255,87.362
751,2.939,7.395,2.484,77.608,72.195
996,2.559,4.837,1.908,75.14,79.481
1178,4.53,13.088,1.432,77.845,78.822
818,2.499,8.811,2.661,77.023,86.181
669,3.819,7.459,1.977,77.12,78.777
1325,2.481,9.759,2.904,75.369,86.25
1279,0.822,5.142,2.368,76.291,87.408
915,4.716,6.048,3.071,75.601,84.693
615,3.829,1.287,1.585,74.806,86.744
704,3.101,6.2,2.506,73.849,73.094
1349,1.999,7.345,1.602,77.741,78.982
464,2.609,4.718,1.115,88.052,80.524
587,2.581,9.508,2.601,84.574,78.164
371,2.489,5.075,1.9,74.843,75.32
903,4.778,6.323,1.344,77.901,84.314
953,4.849,5.461,2.404,77.604,89.794
798,3.634,8.268,2.682,77.819,87.578
831,4.853,5.891,2.776,75.706,70.671
663,4.437,5.546,1.25,74.313,83.171
818,2.851,6.522,1.05,73.767,85.682
620,2.099,4.509,2.762,76.425,80.979
582,3.469,10.769,3.093,81.048,83.662
821,5.031,7.164,1.821,75.089,69.307
627,4.531,8.557,5.359,78.377,82.211
642,4.174,18.671,2.067,76.181,74.594
655,2.637,3.668,2.13,77.737,76.772
623,2.211,10.751,1.262,81.448,77.546
943,2.843,2.655,1.732,78.255,88.002
615,2.888,6.24,2.786,74.212,80.614
391,2.245,4.02,2.703,81.184,88.858
1201,4.438,4.617,1.617,85.073,77.174
815,3.487,15.835,3.589,77.153,70.665
768,3.234,5.58,1.401,76.041,83.299
1064,3.732,4.422,1.139,77.863,88.581
901,2.818,5.298,1.693,77.077,79.701
952,2.223,17.366,2.578,80.226,89.188
932,4.876,3.554,3.041,78.111,79.866
1139,3.893,5.938,2.943,76.915,88.012
984,2.492,7.562,2.026,75.953,74.482
521,2.83,8.888,1.892,82.105,74.438
1113,4.278,8.37,1.836,75.955,91.644
797,2.441,5.729,1.705,76.235,66.083
520,4.234,2.377,2.776,77.68,85.787
454,1.826,4.996,4.587,77.18,70.876
699,4.061,8.533,2.248,76.947,84.685
876,2.993,7.814,1.55,77.429,70.919
467,2.467,8.664,1.819,76.381,73.696
717,2.195,4.019,1.824,81.118,71.622
469,2.374,8.441,2.068,75.0,79.773
809,2.257,6.594,1.421,76.526,82.611
1358,4.336,5.233,1.096,77.458,86.304
1136,3.242,5.671,1.523,75.664,80.624
851,2.511,4.911,5.834,76.557,86.042
821,5.229,6.57,6.603,77.566,84.199
651,4.529,10.548,1.712,75.947,85.906
649,1.757,0.671,2.948,77.947,77.752
865,3.222,10.646,2.961,77.419,80.147
737,4.525,5.342,3.061,81.034,74.87
326,3.437,5.991,3.01,74.45,82.004
992,3.812,8.002,1.914,88.346,81.517
450,3.078,6.61,3.09,75.062,68.065
653,4.346,6.16,1.879,85.144,72.428
1043,2.905,5.627,2.392,80.627,83.906
685,4.296,7.343,2.434,80.449,70.699
581,5.044,5.461,1.468,76.359,77.099
661,5.266,6.005,2.88,81.006,76.616
682,3.039,3.991,2.419,74.787,77.72
610,3.7,2.994,1.465,76.601,82.496
990,1.562,11.064,2.89,75.717,88.716
547,3.532,6.651,2.793,75.255,78.736
842,3.024,8.074,2.504,77.526,75.154
878,4.525,18.529,2.654,84.084,77.522
730,2.472,6.64,1.98,75.788,82.904
398,3.73,5.343,1.318,75.101,85.739
638,4.535,8.091,0.98,74.65,75.094
1084,5.173,6.102,2.693,86.371,79.643
704,3.263,4.964,1.475,87.509,73.533
722,3.007,7.694,5.343,77.864,71.846
967,3.028,7.558,2.973,78.958,75.574
1517,3.209,4.542,3.573,77.516,68.374
773,4.276,4.368,2.174,77.073,76.736
834,4.236,8.516,1.593,76.737,78.791
777,2.396,3.568,5.149,75.784,72.402
458,5.093,13.362,1.606,81.581,85.601
761,3.893,6.416,2.749,76.141,73.16
975,2.851,3.436,1.414,81.857,89.611
844,2.582,3.65,1.663,80.47,86.745
721,4.919,15.318,2.867,76.454,76.115
751,2.967,7.896,2.097,76.789,77.328
1059,3.6,7.085,0.778,80.944,75.752
1166,2.314,6.729,1.413,77.675,75.25
683,2.723,7.933,3.906,76.295,86.288
801,2.913,6.535,2.043,78.306,79.642
742,5.462,8.513,1.556,76.682,85.927
916,4.116,4.822,1.652,77.097,81.362
552,3.145,4.855,2.85,75.453,65.673
1411,4.683,4.238,2.348,78.203,73.16
549,3.783,7.145,2.93,84.56,77.756
1898,4.288,5.272,1.005,75.05,73.633
819,2.326,4.473,1.765,75.029,77.552
549,3.379,5.621,3.539,77.729,66.355
1000,2.138,1.773,2.024,80.169,87.421
516,4.373,1.428,1.462,84.068,72.221
618,5.392,11.56,5.492,77.109,86.504
647,3.203,4.658,6.096,82.628,66.322
862,3.823,3.588,1.655,79.247,67.406
537,3.715,13.68,2.639,78.579,66.728
768,2.965,5.399,2.203,75.285,93.735
1089,1.898,9.354,1.507,76.725,71.126
667,2.92,4.93,1.289,82.284,82.125
745,2.867,7.98,3.455,74.901,76.582
948,5.009,7.621,2.25,79.519,73.95
336,1.973,5.667,1.746,76.215,79.115
1416,2.81,4.403,0.971,75.596,78.029
442,4.007,5.547,2.72,86.32,71.91
926,3.07,3.922,2.749,77.499,82.39
646,2.97,11.051,2.516,76.093,83.634
632,4.449,7.13,1.479,82.894,84.011
701,2.383,6.877,1.889,77.317,79.6
1349,5.379,5.313,1.91,75.562,88.604
949,3.346,3.167,1.995,76.467,71.396
797,2.674,3.341,1.488,84.019,84.188
646,3.718,6.404,1.157,77.579,77.206
518,2.754,4.456,2.453,78.169,77.878
786,2.475,4.828,1.306,76.735,77.495
989,3.321,8.305,1.595,75.855,71.213
804,2.004,5.443,3.579,76.462,75.944
1436,3.7,4.248,1.633,78.072,76.658
1303,2.894,10.73,1.402,78.107,65.693
1012,4.48,4.673,3.345,84.243,66.897
734,4.324,3.428,1.667,74.213,67.486
878,3.957,5.099,1.687,76.335,76.432
755,2.585,5.361,2.526,75.684,83.082
1011,3.564,4.398,1.801,77.86,71.963
826,3.715,11.307,1.732,77.547,82.096
825,2.27,6.036,2.573,77.043,78.916
1163,2.732,3.704,2.952,76.785,81.4
478,4.573,7.134,2.755,73.291,74.93
512,2.734,16.217,2.797,76.063,79.02
487,1.933,6.817,0.954,75.623,74.803
795,3.051,4.968,2.572,76.903,88.317
720,2.271,7.764,2.257,74.886,73.347
1143,2.251,5.312,1.65,84.25,81.238
934,3.294,10.355,2.334,75.717,73.351
646,5.349,4.869,2.92,77.019,80.343
504,4.164,3.858,1.574,78.154,78.914
369,1.839,5.537,2.391,75.123,72.639
1110,3.033,5.608,2.106,78.089,78.786
401,2.598,7.166,1.544,83.205,79.089
977,4.011,2.604,3.868,76.639,68.168
767,2.403,7.84,2.716,75.724,81.313
510,3.966,6.241,2.391,77.02,70.8
1065,3.924,3.365,2.665,76.597,75.314
706,4.153,5.898,1.797,77.872,81.201
527,3.062,11.075,2.867,76.243,84.739
655,4.224,4.89,1.358,76.489,86.189
763,2.48,5.497,2.447,74.515,75.239
855,4.178,8.711,2.794,82.411,86.384
763,4.26,5.23,2.932,74.745,77.264
713,1.996,13.322,1.446,74.408,89.47
411,2.364,8.902,1.224,76.027,87.193
377,3.149,6.462,1.389,75.655,78.538
550,5.106,5.934,1.998,77.012,73.552
521,5.023,6.798,2.744,75.994,76.481
856,2.416,10.005,1.825,77.574,84.226
649,3.675,7.491,2.662,77.239,68.451
877,2.032,4.136,2.454,76.259,75.972
883,3.091,6.112,2.149,77.197,72.529
1624,3.676,7.793,1.887,80.104,70.558
583,2.51,3.446,4.137,77.805,82.966
1295,3.371,4.306,3.303,82.34,82.173
1286,5.123,3.826,3.255,77.368,71.865
564,2.377,7.011,4.684,73.34,66.867
1333,4.716,4.164,2.518,74.935,86.973
979,3.954,14.736,2.153,76.257,82.308
1318,2.257,9.158,1.702,77.798,72.991
562,3.605,5.295,3.245,86.801,77.544
697,3.275,5.006,1.853,76.187,70.265
766,2.663,12.27,1.945,75.402,65.908
499,2.486,4.57,1.179,87.129,81.465
1048,3.093,6.505,2.572,73.232,79.169
543,5.215,5.153,3.663,75.334,66.878
613,3.418,5.591,3.3,74.239,78.105
1039,4.124,6.402,1.655,78.147,78.45
641,3.538,4.708,2.676,74.404,86.8
769,3.537,10.655,3.003,78.005,83.021
449,1.764,6.542,4.0,75.419,81.117
1038,5.436,10.959,2.054,77.201,76.667
1045,2.673,8.071,2.337,85.137,67.833
847,2.332,3.176,0.901,76.479,82.124
1023,4.309,3.781,1.606,74.294,88.515
474,2.57,9.048,1.654,76.561,74.506
944,3.536,5.685,1.85,75.268,72.718
874,3.056,7.546,5.728,84.938,75.685
629,2.583,6.48,1.487,77.082,80.105
780,5.137,6.696,1.905,79.623,81.39
1046,2.981,6.289,1.117,77.704,83.555
682,2.53,7.796,1.216,75.272,78.679
450,3.621,11.246,1.993,75.896,79.194
598,2.947,7.24,4.159,75.501,74.274
761,2.752,8.067,2.954,81.166,70.387
701,4.981,4.482,1.513,75.098,84.114
501,2.37,2.171,3.025,76.757,73.971
638,4.9,6.228,1.353,76.82,70.642
478,3.984,7.71,2.54,76.125,81.344
1036,5.336,10.112,3.212,77.628,75.067
718,5.473,7.19,2.633,83.774,85.194
1398,3.975,6.205,1.437,77.402,81.81
918,4.79,3.596,2.555,77.173,67.902
1171,2.175,4.499,1.433,74.836,70.741
1042,1.948,10.762,2.245,81.288,76.774
252,2.76,11.21,2.362,75.691,72.197
773,3.483,6.998,1.799,76.119,74.662
721,2.482,4.359,1.47,78.136,76.735
541,3.29,7.111,2.57,75.57,76.254
669,2.567,4.836,2.507,77.343,86.722
817,0.327,5.215,2.902,76.32,78.756
1041,2.086,7.164,1.022,77.939,79.048
932,4.758,3.437,2.289,76.013,70.238
825,2.79,5.136,1.776,76.342,66.435
496,3.862,7.578,1.55,75.551,78.034
887,4.193,6.798,1.064,77.906,75.124
669,3.38,4.839,3.38,72.895,83.95
1052,3.47,4.762,5.925,77.3,72.084
519,3.357,8.002,2.735,74.947,78.346
395,2.419,4.977,2.613,76.925,86.841
626,4.073,8.224,1.669,76.464,84.843
836,3.328,7.901,1.699,75.289,76.578
565,4.293,8.968,1.628,75.551,82.423
671,3.247,8.242,2.719,73.983,76.125
534,0.425,6.804,1.429,76.137,85.442
1053,3.302,6.116,3.167,77.45,87.65
713,5.112,8.197,1.679,76.553,89.827
705,2.415,6.022,1.864,76.722,86.575
505,2.905,6.246,1.89,75.786,79.507
552,5.518,12.968,1.533,76.231,76.225
891,4.677,5.879,0.9,78.19,78.25
715,3.392,6.977,3.127,76.87,87.901
705,1.642,4.544,3.521,80.586,89.719
947,4.107,10.045,1.608,79.311,79.194
561,4.805,5.573,2.415,74.954,75.468
814,2.313,9.318,2.876,84.321,75.474
566,2.923,5.407,3.875,76.396,82.643
511,3.465,6.728,0.975,83.197,68.715
730,2.5,12.154,1.229,78.146,78.894
891,2.951,10.782,5.022,74.065,82.095
637,3.797,7.103,1.985,73.478,71.174
1181,5.048,8.548,2.461,73.292,68.799
1319,3.654,5.198,2.626,77.519,82.953
887,2.637,5.879,2.212,77.989,68.89
681,4.425,6.759,0.107,76.739,76.153
1132,2.623,4.786,1.213,76.251,73.668
834,4.636,7.276,1.317,73.873,74.977
1073,3.996,8.006,3.533,77.206,79.897
648,2.69,4.447,2.527,75.637,69.668
752,2.786,4.987,1.382,77.572,83.333
627,2.402,6.791,2.149,83.182,75.992
895,2.28,6.079,0.914,77.768,76.541
710,2.109,6.545,1.797,81.231,75.157
549,2.963,7.869,1.175,79.17,70.827
1104,1.782,5.858,2.239,77.366,75.387
988,2.926,4.48,1.752,75.479,70.074
894,3.238,8.619,0.824,74.519,76.306
821,2.475,4.558,3.021,78.832,79.229
842,3.973,5.893,0.985,76.362,81.239
518,3.198,6.634,0.998,75.656,81.428
707,4.71,7.683,2.082,80.344,79.505
566,2.945,7.214,1.778,75.114,79.603
394,4.147,5.352,4.023,74.4,81.269
910,3.606,6.755,2.204,74.72,80.54
1176,2.052,1.529,1.683,78.6,82.943
415,4.449,9.233,1.895,76.447,81.265
583,3.388,4.736,2.924,83.936,78.012
630,4.362,3.164,2.9,86.042,72.592
519,3.241,8.636,2.615,77.158,77.167
1322,3.09,4.921,1.629,76.085,91.106
990,5.775,8.647,2.454,77.682,80.196
636,2.949,8.241,1.604,78.863,75.693
606,4.211,5.892,2.424,82.805,70.941
821,2.593,1.662,3.384,84.867,72.631
809,0.802,6.577,4.068,77.548,77.702
397,1.884,10.452,1.443,73.759,89.252
1340,2.38,5.886,2.225,77.499,82.406
1085,5.379,10.633,2.87,75.198,80.047
504,0.06,5.258,2.049,77.212,82.539
1236,3.95,5.792,1.907,86.211,75.609
902,3.939,7.667,2.686,76.68,68.95
424,3.545,6.08,2.998,75.419,71.669
868,2.271,3.159,4.903,75.791,83.581
764,2.144,6.614,1.395,84.068,82.849
1374,3.286,7.235,2.587,76.539,81.308
381,4.965,10.445,2.41,78.101,77.868
376,4.11,3.999,3.106,74.211,76.223
910,1.967,6.356,1.219,75.721,72.269
430,3.216,10.517,1.61,76.785,63.805
710,2.625,12.285,3.033,79.148,79.582
788,3.271,9.215,1.323,74.244,72.718
539,2.756,3.964,2.48,77.709,86.069
626,3.258,12.667,4.928,74.275,84.835
714,1.954,6.61,0.886,75.797,78.664
521,3.073,5.495,2.278,77.14,84.668
670,4.08,6.377,2.512,77.042,78.442
983,4.319,6.398,2.974,74.533,73.164
350,2.621,7.16,5.626,75.279,70.462
471,4.835,7.126,1.366,76.014,76.552
692,4.353,4.605,2.56,77.133,67.223
471,2.402,2.608,1.377,74.303,85.403
644,3.376,6.326,2.774,73.861,66.724
1119,3.566,8.505,2.08,80.971,82.573
1012,5.128,12.773,1.605,77.711,81.692
659,1.929,6.953,2.496,76.875,76.327
1057,3.751,9.8,3.042,73.078,90.155
394,3.758,4.874,5.019,78.305,84.235
887,1.464,7.417,1.865,76.308,81.653
778,2.296,4.974,1.511,76.127,71.243
507,2.966,7.545,3.164,75.642,79.952
1620,1.537,6.398,2.424,75.163,77.34
661,2.435,7.915,3.039,75.12,75.42
1231,2.712,8.048,2.848,76.662,68.718
1387,5.207,5.012,1.336,75.389,73.383
402,3.459,4.905,2.96,75.72,87.483
507,2.586,0.449,2.742,75.969,76.258
610,4.83,12.446,1.452,76.855,81.336
761,4.32,6.416,2.466,76.192,76.409
790,4.014,4.601,2.575,75.913,81.74
1071,3.68,14.93,1.785,86.819,71.922
737,4.7,6.176,1.932,75.018,86.78
735,2.118,4.244,2.582,75.189,85.671
434,2.971,4.172,2.965,76.299,84.367
1061,4.063,6.41,2.564,77.266,83.627
420,3.22,4.833,1.194,78.687,72.485
899,3.375,4.997,2.753,76.402,79.138
521,2.887,6.871,1.764,74.982,82.825
748,2.728,8.695,1.993,75.631,85.963
876,3.834,2.74,1.945,77.452,72.452
913,2.669,7.856,2.288,75.522,69.51
921,3.918,5.207,2.211,77.595,80.706
1161,3.544,6.224,1.733,77.04,87.935
987,4.6,3.87,2.417,78.593,73.645
692,2.892,14.22,1.798,76.723,79.73
727,3.49,6.934,2.307,74.964,80.329
530,2.722,6.592,1.568,76.714,85.379
572,5.046,8.934,3.11,75.489,78.737
1045,2.779,12.083,1.722,76.033,74.927
919,5.191,3.855,2.996,80.362,90.576
540,4.117,9.049,2.516,77.252,81.545
500,2.689,13.706,2.725,74.204,85.62
739,3.529,8.57,2.776,78.345,68.486
646,3.788,10.025,2.662,75.52,69.081
553,1.943,5.551,2.751,77.35,87.96
789,3.201,8.668,3.289,76.356,87.84
657,1.954,5.188,2.858,79.882,76.18
1034,2.509,4.445,2.792,77.378,78.029
906,3.781,6.096,2.34,76.039,82.726
1132,2.787,5.138,1.555,76.427,74.797
1170,4.533,6.53,2.415,77.245,75.296
466,2.708,3.72,2.262,75.652,83.376
1194,4.705,4.991,1.383,75.563,74.672
881,4.592,4.549,1.836,75.95,75.288
1416,2.147,5.118,2.107,75.227,87.54
677,2.269,2.411,2.863,78.598,87.225
1097,2.916,4.237,1.192,75.328,80.507
682,2.392,4.617,2.849,76.272,69.885
385,5.43,7.458,1.65,76.213,88.632
567,2.523,7.335,2.592,76.497,72.616
701,4.815,3.734,1.741,76.953,64.132
1072,2.174,6.84,2.478,75.729,75.506
609,2.4,3.572,2.736,77.458,81.427
638,2.571,8.725,3.626,74.685,80.612
619,3.863,4.374,3.864,82.479,85.292
707,3.401,3.929,1.977,77.361,81.125
728,2.645,1.172,2.09,75.562,83.432
569,2.404,1.941,4.974,77.053,76.857
724,3.871,4.742,1.57,78.085,72.646
610,4.668,5.931,5.436,77.481,80.982
419,4.859,7.125,3.439,75.081,81.347
1556,2.187,4.858,1.467,81.915,75.023
862,5.44,5.679,3.204,74.378,77.47
882,2.699,8.505,2.788,81.813,87.697
745,2.464,4.422,1.927,78.021,78.581
1019,4.479,4.031,2.006,77.797,79.447
463,3.393,7.29,1.539,79.991,77.728
815,2.264,6.548,2.1,77.098,79.915
905,4.079,8.148,1.553,78.167,79.434
959,2.509,4.144,1.845,74.258,79.466
920,4.879,4.576,1.346,87.068,75.562
898,1.753,6.93,3.714,78.763,88.961
500,3.26,6.392,3.067,76.068,86.473
885,2.573,4.638,4.143,80.028,83.971
852,2.662,6.43,1.967,76.049,86.095
857,3.547,10.302,1.523,76.666,70.331
895,2.978,8.528,2.712,79.68,83.623
616,2.975,5.946,2.633,74.096,70.988
580,3.923,5.271,2.033,77.545,74.781
831,4.536,8.017,1.106,77.284,81.596
842,2.51,5.207,1.138,76.52,80.405
883,3.383,6.09,1.635,73.548,83.699
876,4.213,6.616,1.768,76.09,79.82
705,2.737,10.402,3.562,76.466,85.646
929,4.952,6.321,2.23,84.902,81.487
1006,4.166,7.499,2.552,77.172,74.126
658,3.434,3.681,1.679,88.09,78.705
844,5.245,6.993,1.546,75.86,68.593
1036,5.636,4.329,3.978,77.138,78.352
1155,3.474,13.001,2.403,75.739,78.347
652,3.704,4.817,1.226,75.945,89.527
723,2.308,4.83,2.927,76.466,88.894
597,2.354,4.275,1.523,74.77,83.557
541,3.756,5.297,1.296,74.216,80.2
1138,2.808,4.903,1.432,76.519,67.382
1182,2.171,3.86,1.577,77.386,84.033
586,2.18,6.723,2.732,82.491,75.875
605,2.699,5.726,1.47,76.712,82.345
850,5.052,6.559,2.64,74.357,74.938
801,2.267,6.793,3.173,74.191,65.635
560,2.596,13.446,1.907,78.265,82.713
1271,2.208,6.365,1.509,76.254,89.808
575,3.266,9.568,1.295,81.125,73.297
444,3.124,9.316,2.802,79.796,84.931
739,3.23,6.5,2.136,75.421,75.568
665,3.458,7.775,3.061,75.814,78.853
540,3.178,9.412,2.013,77.422,66.768
525,3.21,10.073,1.887,76.98,68.598
953,2.397,2.539,4.226,85.596,75.346
435,4.098,6.399,2.409,86.998,79.001
1047,2.705,4.946,2.97,79.74,81.643
1418,2.652,6.742,1.537,83.163,83.502
680,5.004,4.754,2.671,77.28,82.887
367,2.395,4.404,1.813,82.359,82.588
939,2.428,5.983,0.958,78.565,84.015
801,3.641,5.279,1.366,75.415,83.096
610,2.741,12.885,1.087,74.777,87.581
520,3.07,6.356,1.09,73.7,69.173
494,0.545,10.58,1.477,81.491,76.212
1166,3.156,7.487,1.487,76.866,75.759
1087,4.136,6.5,1.447,85.56,88.064
863,2.71,6.893,2.146,88.424,75.849
642,2.612,16.954,2.651,76.408,91.724
1123,2.58,7.781,2.122,77.948,81.758
543,1.923,5.531,2.435,77.616,85.346
642,2.871,16.356,2.152,77.717,80.658
740,3.042,16.163,1.311,76.866,73.814
651,4.111,0.73,1.799,76.593,88.688
552,3.471,6.799,1.66,86.336,84.861
664,2.295,4.082,2.841,75.743,75.768
597,3.933,4.991,4.287,82.639,76.333
612,2.495,7.098,3.36,75.118,71.846
639,2.272,7.739,2.6,77.115,74.62
736,2.673,6.969,1.61,76.92,86.45
536,3.822,4.091,1.335,77.352,81.901
844,2.245,5.635,2.39,76.324,71.413
1381,3.532,3.777,1.568,77.894,80.42
490,4.63,5.303,1.565,77.202,73.081
542,4.255,8.099,1.635,77.848,82.566
501,4.707,8.398,6.238,81.619,88.373
947,1.949,5.686,3.07,79.625,81.026
1186,2.804,7.689,2.565,75.025,76.256
848,2.474,5.649,3.26,76.355,77.661
608,4.218,4.504,2.057,76.451,86.941
631,3.814,5.91,1.584,76.972,74.891
1312,5.963,7.564,5.932,77.739,88.662
860,4.987,10.902,2.751,76.95,74.724
1312,2.382,4.043,2.82,79.224,78.226
976,2.558,4.444,1.007,78.129,74.644
938,4.029,8.196,2.587,77.518,77.054
522,4.349,9.31,1.587,74.645,71.388
460,5.353,15.67,5.069,77.6,84.647
1100,3.644,9.254,2.833,76.014,88.634
541,3.106,6.357,1.723,76.654,86.091
1494,2.443,3.548,1.953,82.235,83.954
623,2.455,4.78,2.487,77.222,86.904
975,4.326,6.302,2.074,81.038,80.269
464,2.049,7.2,1.99,79.93,73.193
519,4.012,8.666,2.544,77.245,65.82
580,3.636,7.122,1.514,82.243,77.988
1083,4.867,4.985,2.496,81.908,81.064
1306,4.53,5.349,2.677,75.643,72.773
551,2.851,6.124,3.243,76.109,74.757
1292,2.23,5.937,1.88,83.673,77.248
782,2.973,4.798,1.85,82.143,78.754
652,2.253,7.415,0.516,76.253,91.602
748,2.202,5.899,2.646,80.993,72.876
938,5.449,10.424,2.606,77.259,83.227
640,5.562,8.327,1.368,75.166,76.163
1045,2.425,5.791,2.859,77.293,75.9
634,4.145,8.879,1.954,74.047,80.937
540,2.906,6.409,3.557,75.151,72.146
597,1.739,6.865,1.623,76.444,76.68
651,3.596,4.866,1.977,76.732,73.911
374,2.795,5.862,0.876,84.06,73.447
1047,4.531,6.645,4.008,74.642,72.628
895,2.966,2.963,2.579,78.025,91.338
539,2.561,6.417,2.934,75.18,80.369
634,4.43,7.067,2.141,74.938,80.774
1079,2.529,4.311,2.031,76.47,79.434
882,3.697,5.674,2.787,74.559,66.746
471,3.162,3.879,2.258,78.349,79.766
1008,2.326,6.903,2.696,75.748,85.202
490,4.219,14.002,1.375,74.801,78.26
661,2.903,9.764,1.374,77.111,82.146
605,2.695,10.174,2.201,74.551,70.194
666,3.418,5.677,1.044,79.63,87.134
786,4.178,10.815,0.867,78.351,74.144
1093,2.562,4.609,1.751,85.734,92.204
477,4.029,7.7,2.468,76.462,70.285
742,2.019,6.494,1.64,77.309,78.23
712,4.372,8.236,4.637,76.763,82.255
1050,2.608,0.283,2.231,84.859,77.635
552,3.741,6.726,4.744,87.727,87.543
1075,2.93,6.872,2.361,77.577,77.514
1168,2.625,8.227,2.581,76.72,83.42
853,3.116,6.136,1.747,73.896,83.678
728,2.577,6.122,3.051,77.748,85.787
540,1.742,6.912,1.248,71.59,75.661
698,3.469,5.277,2.034,73.451,65.583
1061,1.85,7.929,2.804,81.926,87.8
693,5.052,5.793,5.395,76.881,81.994
883,2.403,7.643,1.195,76.752,78.963
890,3.28,4.78,3.176,77.294,69.713
952,2.816,11.465,6.134,75.126,72.945
439,3.019,7.511,1.475,74.273,66.27
398,3.698,4.816,1.971,77.308,75.774
1125,2.695,12.265,3.206,73.672,70.498
657,4.242,6.383,3.47,76.12,88.198
366,3.683,13.089,2.614,74.122,73.07
576,4.796,8.315,3.235,83.491,90.117
853,4.082,3.706,0.27,86.629,73.171
653,3.08,7.673,3.201,77.578,80.553
628,5.94,5.231,2.001,75.24,86.527
1405,4.098,3.587,5.441,75.704,83.382
718,3.889,6.587,2.946,74.909,75.087
900,2.292,5.169,0.945,75.772,83.923
835,2.471,4.753,0.908,79.247,74.949
892,4.902,1.021,2.262,76.212,79.788
615,3.44,8.396,5.322,75.453,73.209
576,0.372,6.928,1.312,74.264,75.733
437,4.104,2.988,1.137,78.919,74.851
1503,2.881,8.398,3.364,75.362,83.579
769,4.087,14.459,1.106,76.652,82.8
526,2.617,6.075,3.067,77.821,84.83
682,0.587,4.202,2.169,77.283,80.999
936,3.314,4.678,0.853,77.71,66.775
1530,3.972,5.693,1.693,84.156,80.085
887,4.261,4.055,2.744,76.574,74.105
534,2.433,8.0,2.751,77.369,87.906
692,5.279,6.323,1.509,75.249,77.252
769,2.718,8.623,4.518,76.942,88.945
464,4.352,5.834,1.533,74.123,72.253
552,3.768,6.629,1.463,76.198,76.911
363,3.804,3.892,2.328,82.819,88.614
568,1.97,4.39,2.269,76.408,87.776
805,3.809,8.235,1.969,76.878,86.31
1265,2.212,17.563,1.742,76.755,74.426
612,4.732,5.585,1.889,76.802,81.422
804,4.818,6.035,2.248,76.773,82.494
731,2.749,5.869,4.542,77.953,87.898
976,4.994,4.869,1.273,76.123,81.937
653,3.276,8.185,2.459,76.185,74.574
580,3.887,4.837,1.856,88.288,80.779
1033,2.705,8.561,1.632,83.26,80.601
997,4.0,5.765,1.74,75.907,79.497
601,5.011,5.32,1.096,85.013,76.646
651,4.672,5.257,2.722,79.449,75.236
770,3.904,8.946,2.876,76.63,67.737
496,2.783,7.016,2.081,76.681,75.461
592,3.2,7.491,3.226,76.293,70.531
805,3.236,11.767,1.77,76.687,76.285
967,5.02,7.792,2.458,76.729,71.571
1045,2.583,7.473,2.042,77.525,80.418
593,2.474,7.465,5.51,77.852,83.008
670,2.719,4.538,2.241,80.558,89.712
739,2.327,7.281,1.402,81.655,75.761
858,2.741,12.219,1.114,80.603,85.453
1488,3.774,6.925,2.18,77.06,73.261
1192,5.385,4.031,1.419,78.438,84.745
449,2.179,6.457,1.86,74.162,70.616
916,2.652,5.668,1.728,77.339,73.154
1272,2.688,3.04,1.542,75.343,78.366
1032,5.061,6.326,3.123,77.214,70.225
838,2.186,2.301,1.804,82.054,79.711
581,2.338,5.707,2.556,84.436,79.884
1070,2.376,5.539,1.362,76.878,74.094
999,2.875,6.108,1.402,83.422,81.23
644,3.291,13.453,1.809,77.276,74.305
609,2.98,8.67,2.728,77.057,86.52
872,3.314,7.337,1.632,77.83,81.083
818,2.989,14.207,2.401,77.752,75.026
821,3.572,9.759,1.529,76.736,80.608
703,2.406,4.829,2.841,76.879,75.574
616,2.326,4.565,1.576,77.08,80.724
818,2.212,7.36,3.201,76.097,73.509
667,2.557,7.254,1.474,77.106,81.029
1124,3.785,3.145,1.09,86.25,85.125
651,2.016,3.594,2.752,77.487,80.833
537,3.371,5.568,0.754,77.654,72.056
1192,2.901,8.949,4.705,72.878,85.108
754,3.841,6.983,4.561,75.005,76.654
656,2.558,9.366,2.69,81.898,74.126
798,4.731,6.096,1.41,77.449,85.494
689,3.535,5.398,2.181,73.438,79.988
725,2.766,4.128,2.539,76.125,70.677
846,4.883,5.585,2.261,81.508,85.11
802,4.289,6.193,1.727,75.848,76.106
649,4.354,5.488,2.821,74.68,86.286
654,4.431,5.998,3.009,77.145,67.146
1320,2.325,7.381,2.38,75.803,76.507
424,2.888,5.537,1.23,73.988,76.901
1088,3.232,8.077,2.229,77.513,87.104
978,3.499,5.81,1.663,75.257,72.147
437,2.55,9.38,1.775,75.105,76.001
1200,2.615,11.862,2.584,74.263,72.413
595,4.005,7.34,3.195,74.642,79.539
776,4.907,8.525,1.224,80.017,78.055
731,2.039,6.023,3.34,75.403,79.265
1244,4.236,15.712,3.181,78.799,75.098
620,2.158,5.764,1.822,83.243,91.184
1312,5.874,6.753,1.195,76.943,74.967
465,3.65,9.689,1.846,74.005,72.199
681,4.833,8.714,3.792,75.969,73.862
462,4.01,5.705,1.313,76.038,72.435
997,4.416,6.088,1.997,84.131,81.285
603,3.788,4.73,1.608,77.139,69.014
897,4.343,1.914,1.337,76.425,71.559
513,3.22,5.091,2.239,77.969,65.862
717,2.6,2.57,1.283,74.952,73.922
1040,3.004,7.399,2.86,83.099,81.732
681,3.599,7.301,1.083,76.207,69.849
1197,2.369,7.69,5.589,75.992,92.125
1122,2.673,12.108,1.459,76.643,81.865
787,3.997,12.112,2.394,76.624,78.526
1047,4.247,4.027,1.038,76.42,80.335
1270,1.799,4.832,3.385,75.106,80.638
403,3.536,1.127,2.776,77.235,76.87
633,2.572,5.074,2.266,77.641,72.307
594,4.04,6.673,1.549,74.1,77.344
895,2.963,0.631,2.806,75.497,86.308
693,3.058,9.904,1.647,74.685,71.902
649,4.279,5.3,2.403,73.486,73.078
1529,3.813,1.239,1.232,76.708,66.356
727,3.38,6.096,3.022,75.252,79.408
505,3.863,4.882,2.703,88.025,89.832
753,1.039,6.423,2.653,76.159,71.921
691,3.517,5.771,6.367,75.766,84.102
1085,2.224,5.451,2.189,76.045,82.49
1178,4.071,6.368,2.733,74.223,70.862
502,4.16,5.495,2.412,76.132,84.759
826,2.1,6.091,3.209,83.923,77.089
1207,4.087,7.14,1.219,76.579,80.516
1370,3.721,16.268,2.091,86.126,81.932
502,5.17,5.956,3.377,75.499,84.685
857,4.491,6.571,2.421,75.529,78.362
645,4.025,4.701,1.834,74.503,82.927
448,5.729,5.003,3.371,77.427,79.613
381,3.931,6.987,3.58,84.114,83.264
874,1.835,6.348,1.28,76.214,74.633
1461,4.163,10.03,4.071,85.928,78.85
620,2.661,3.873,2.439,73.85,76.904
659,4.74,13.294,2.555,76.978,80.526
453,2.243,5.852,2.755,77.175,86.16
590,4.015,4.127,1.667,77.86,81.385
426,4.339,5.629,4.16,79.63,86.737
418,2.34,5.769,1.51,79.315,79.257
806,3.86,5.066,1.739,80.765,67.32
559,2.908,10.116,2.188,77.506,83.963
717,4.508,3.226,2.954,76.929,79.899
771,3.222,4.834,1.704,74.283,74.186
1007,3.873,6.393,0.991,85.357,71.0
357,2.277,6.615,2.694,80.664,86.879
795,1.774,3.096,2.789,76.12,85.023
688,2.835,5.206,1.187,84.999,75.865
627,2.517,3.52,1.466,78.115,80.229
872,2.823,7.136,2.124,74.184,88.644
830,2.417,5.667,1.342,76.807,87.641
1050,3.625,3.011,1.394,78.201,80.523
807,2.223,6.581,1.529,77.293,76.503
538,2.41,11.457,1.727,74.034,70.798
437,2.694,11.038,1.327,76.753,77.067
426,2.446,7.658,1.518,76.843,78.985
589,2.507,12.499,2.999,74.392,79.831
854,3.129,4.839,2.933,76.044,79.488
726,5.076,6.717,2.78,76.159,74.194
1048,4.586,5.969,1.485,75.736,73.783
484,4.549,8.993,1.196,77.526,75.755
680,4.613,3.925,2.271,87.167,81.628
1024,2.974,6.481,0.775,76.849,72.464
579,2.313,6.106,2.438,76.6,71.845
557,1.948,2.837,1.681,84.84,76.912
749,3.096,6.136,1.844,75.714,75.409
821,5.278,5.108,3.342,76.394,72.285
986,5.082,5.974,1.667,75.608,76.715
635,1.828,12.148,3.042,76.93,88.276
862,4.424,4.504,1.563,76.332,71.205
1113,2.588,8.253,2.978,78.473,86.361
1142,4.909,5.603,2.087,76.255,81.43
464,3.041,5.997,2.384,83.534,76.219
557,3.913,6.807,1.622,83.722,74.31
516,2.707,5.216,1.525,85.03,78.189
1158,2.654,4.956,1.127,76.704,82.822
522,2.648,5.817,3.158,76.14,81.682
466,2.542,11.413,2.333,79.008,67.874
691,2.477,5.556,2.572,75.555,75.146
967,3.768,10.156,3.454,77.931,74.426
694,3.07,6.212,2.064,77.599,78.519
1092,2.446,7.495,2.083,74.134,91.618
1071,2.528,9.804,3.583,77.337,79.842
402,2.604,13.139,4.907,76.619,67.766
1026,4.607,6.244,3.082,77.467,79.653
1019,2.311,5.989,2.549,76.449,76.464
623,3.66,5.924,1.77,77.791,70.272
913,2.578,5.169,2.085,83.063,86.056
792,4.683,6.574,2.594,77.51,76.806
480,2.779,4.363,1.446,76.843,87.053
701,3.364,7.592,5.068,83.794,73.527
666,4.872,8.25,1.455,82.229,71.848
710,3.298,6.492,5.548,78.19,86.398
755,3.506,4.964,2.006,81.747,89.319
830,2.685,6.959,2.026,75.931,73.461
958,3.209,9.475,2.826,77.613,79.256
927,2.684,5.205,2.357,74.718,78.07
953,2.863,5.099,1.595,77.123,76.536
551,4.574,6.821,0.336,81.799,82.018
598,5.029,6.817,1.793,84.223,81.051
899,4.062,4.665,2.002,84.965,78.111
693,2.094,4.722,1.781,77.828,84.22
784,1.923,8.754,1.25,75.29,84.065
801,4.719,15.767,1.523,81.754,72.884
847,4.153,9.805,2.95,76.422,72.291
535,2.666,7.28,2.422,74.943,83.081
874,4.391,4.126,1.521,76.006,78.419
833,5.13,6.103,3.552,74.129,65.156
713,4.793,3.369,2.032,77.395,83.356
746,2.16,3.874,0.944,74.635,83.267
765,2.648,4.289,2.61,84.913,75.199
1211,5.477,6.384,1.085,76.065,71.234
846,3.917,2.686,2.431,74.601,75.611
1144,2.002,7.976,2.876,76.064,82.574
498,2.63,5.173,4.298,77.372,72.637
811,4.613,5.807,3.155,77.371,74.644
836,5.259,4.226,2.704,74.976,72.695
647,2.527,5.467,4.555,76.267,82.288
933,3.791,5.899,2.511,77.133,79.319
735,2.523,1.792,1.153,75.838,73.923
571,2.432,3.953,2.526,78.48,70.342
648,2.823,7.994,3.436,75.026,76.653
931,2.176,3.304,2.704,74.949,86.103
813,4.505,5.057,3.322,77.843,89.337
989,0.726,3.19,1.571,76.809,84.739
932,4.343,4.704,2.156,77.883,86.927
774,2.5,5.424,5.819,75.197,89.317
1064,5.891,3.597,3.647,78.552,74.596
861,4.247,4.386,2.337,85.903,82.914
1080,2.694,4.283,1.637,77.685,77.996
1502,3.665,4.559,1.099,77.021,84.295
393,3.997,6.38,2.159,76.419,74.933
990,3.036,5.65,0.841,77.011,75.664
705,3.448,5.245,1.827,76.713,69.177
562,3.487,10.502,1.4,78.135,86.515
972,5.021,4.705,1.06,76.209,69.751
799,2.945,4.509,3.181,74.823,75.996
1187,1.923,6.736,1.357,76.525,78.46
626,5.129,4.249,1.545,78.257,78.961
524,2.559,6.156,5.843,76.324,82.616
526,3.824,6.724,1.127,74.739,82.752
1127,3.944,1.588,1.17,76.492,85.127
634,2.22,2.99,2.57,86.673,85.278
576,1.655,6.678,1.919,77.643,77.759
1506,4.581,6.981,1.641,75.316,73.612
632,2.159,3.396,1.543,83.513,79.8
530,1.969,4.633,2.03,76.022,90.677
1360,3.766,6.231,1.821,77.553,81.58
525,5.602,3.598,2.77,78.4,65.625
503,4.041,5.235,3.398,74.618,66.29
1008,5.57,3.99,1.406,78.681,82.571
1052,4.148,10.188,2.75,75.156,84.789
668,5.6,6.941,1.02,75.82,67.286
617,2.124,5.684,0.351,75.39,74.917
839,3.89,5.726,1.984,77.488,77.333
470,3.72,8.326,2.748,77.568,80.416
1458,3.086,6.664,2.068,75.913,82.317
744,4.059,9.679,1.54,75.604,82.094
866,3.085,6.641,3.27,78.028,89.958
776,3.321,5.675,1.316,77.873,72.763
787,2.529,6.94,2.723,75.512,82.573
853,3.018,6.88,4.965,77.295,74.197
768,4.307,6.623,5.856,76.49,84.053
797,4.2,5.854,2.374,76.07,63.289
699,1.888,8.051,3.166,81.515,79.547
1248,3.213,8.139,1.583,85.038,86.023
713,3.809,13.148,5.69,74.241,77.806
477,4.548,7.623,1.859,76.62,88.464
722,2.278,11.142,3.268,76.82,81.878
552,3.507,4.891,0.116,74.297,73.22
835,2.468,6.094,1.986,76.511,80.271
433,4.826,11.165,2.544,83.587,81.696
542,2.447,5.62,2.644,76.533,74.459
776,2.371,6.773,1.896,76.925,77.374
955,2.745,6.924,2.132,77.726,70.184
1168,4.384,4.402,2.26,85.536,76.041
706,2.817,5.381,2.249,76.423,74.891
512,3.49,4.105,3.716,76.752,71.971
563,4.795,7.624,1.687,76.927,71.517
583,5.162,6.359,3.492,80.166,74.144
472,2.063,4.061,1.721,77.52,76.958
685,4.613,6.233,2.408,77.23,83.386
952,5.187,11.544,2.012,78.135,79.846
854,0.125,6.593,2.975,74.852,70.277
600,3.735,6.054,2.216,77.62,83.897
801,2.971,6.573,2.07,75.469,78.326
829,4.267,3.053,2.654,77.389,85.274
1571,4.739,10.941,4.533,75.923,81.274
351,2.693,4.591,3.746,88.894,86.374
796,5.448,4.195,3.269,76.814,84.293
963,2.594,6.773,2.283,76.743,72.815
716,5.199,4.975,1.145,77.611,77.471
1180,2.547,4.117,2.066,77.248,79.205
609,2.511,1.386,2.82,76.986,92.319
572,2.148,5.111,1.745,77.663,80.52
1204,1.912,6.917,1.536,74.314,76.743
673,2.732,5.065,2.894,76.715,84.183
710,3.404,17.001,1.831,77.579,79.752
919,4.395,7.033,2.426,75.129,83.692
840,2.574,5.268,2.091,83.441,79.624
855,1.934,4.637,1.935,80.263,79.045
848,2.718,7.66,2.687,75.546,65.099
528,2.561,6.206,1.855,77.218,82.93
820,3.156,9.826,2.661,75.92,74.714
706,2.265,3.707,3.311,78.388,78.111
626,4.709,6.509,2.186,83.415,79.955
472,1.854,5.596,2.744,75.812,81.28
668,2.747,7.757,1.423,81.304,78.121
564,2.113,5.609,1.767,78.015,86.625
845,2.665,4.893,1.265,77.2,87.158
704,5.264,2.488,3.094,74.656,89.362
740,3.909,1.538,2.201,75.743,70.273
404,2.939,4.707,3.459,77.199,87.815
787,4.55,4.146,1.507,77.66,77.491
571,2.328,10.58,2.455,76.387,74.215
806,4.641,6.426,1.837,73.961,76.835
770,2.53,5.465,2.946,76.979,75.884
545,2.788,7.483,1.471,77.37,90.247
493,2.903,8.435,1.935,79.192,81.902
620,4.053,11.636,2.574,79.505,68.046
701,2.777,9.598,0.653,74.842,81.943
761,2.147,6.031,1.809,76.545,73.397
982,3.251,5.696,2.523,81.181,70.417
1130,3.858,6.49,2.09,75.959,70.888
486,4.38,8.672,3.405,77.364,78.48
1116,4.572,7.082,1.237,75.804,87.46
1644,4.177,10.136,1.359,77.811,88.311
733,2.847,4.225,2.521,78.562,79.049
463,4.367,6.63,2.92,75.653,69.964
604,2.897,6.29,1.98,74.964,70.18
623,2.054,6.806,2.861,82.164,79.349
733,4.944,7.587,1.351,76.135,82.283
889,1.756,9.969,3.057,74.472,82.205
1011,5.564,6.181,2.935,76.582,77.553
723,2.543,7.628,2.655,80.863,81.563
821,3.803,5.413,3.209,74.87,79.636
623,3.586,4.424,1.566,75.871,85.176
912,4.096,8.035,2.402,79.927,75.971
693,4.647,6.552,2.052,74.187,79.983
963,4.442,4.201,1.137,74.997,75.435
916,2.234,6.418,2.658,80.906,78.618
1559,3.722,12.552,1.978,76.729,76.125
495,4.797,4.833,2.644,76.344,86.669
618,4.702,6.587,3.014,75.185,78.567
678,3.697,11.132,3.294,75.317,75.89
956,1.801,6.075,3.968,80.102,84.411
750,4.208,5.771,1.146,76.919,75.712
290,2.205,5.905,2.806,79.285,67.488
784,3.284,8.186,1.591,77.443,68.663
1257,2.898,7.332,4.52,75.822,76.267
583,2.619,4.137,1.884,76.439,89.396
789,4.696,6.857,1.25,82.56,77.319
544,4.798,4.785,2.055,77.905,83.573
544,2.049,4.292,4.914,75.711,94.073
758,2.455,6.874,2.062,76.842,79.303
415,4.806,15.924,1.193,75.351,69.178
703,3.318,6.743,3.172,78.149,85.743
867,3.69,4.967,3.891,75.395,74.002
390,2.837,5.552,2.245,74.608,80.534
649,5.029,5.084,1.631,76.752,75.22
497,3.872,9.48,1.112,76.069,66.227
858,2.83,5.392,2.028,76.276,82.172
776,2.378,6.758,1.229,74.757,87.754
533,2.796,4.235,2.255,74.957,84.571
732,4.305,8.516,1.777,75.888,80.88
1025,1.927,5.958,4.158,75.301,85.983
451,4.08,3.401,3.658,76.01,85.67
580,4.784,5.389,2.641,76.568,85.243
572,3.289,6.55,2.069,75.007,80.78
471,4.007,17.029,3.193,76.244,85.344
1303,3.967,4.326,2.53,76.432,89.764
1320,2.27,14.557,1.447,75.62,74.135
790,4.612,4.556,1.253,78.659,85.455
868,3.376,7.104,4.502,77.568,77.259
780,4.717,6.542,1.303,87.793,79.388
129,3.207,7.384,1.018,85.672,85.255
603,3.937,6.872,3.544,76.759,66.553
1216,2.813,7.575,2.6,75.567,88.505
513,2.184,7.842,1.631,74.239,72.49
373,1.935,15.583,2.998,76.053,68.82
1009,4.053,4.889,1.451,73.194,68.769
1058,4.177,10.446,1.533,77.384,87.722
829,2.453,6.16,5.069,75.45,77.057
641,4.318,4.797,2.357,76.169,79.745
840,3.953,4.358,1.02,78.29,73.171
740,3.242,7.91,1.111,75.656,88.252
680,2.708,6.802,1.945,76.065,75.268
769,3.844,7.105,1.891,85.926,84.962
523,2.662,8.78,2.077,86.397,74.071
592,2.258,4.432,3.552,86.724,87.295
753,2.107,3.876,3.638,82.256,74.892
1087,5.624,8.443,2.138,77.093,67.703
939,3.913,14.283,3.186,76.058,73.325
508,4.001,6.125,4.905,82.378,82.975
524,0.81,7.939,2.078,76.049,90.958
1033,4.016,4.045,1.369,78.411,69.726
846,2.553,6.812,1.831,80.149,74.923
1568,2.14,4.762,3.905,82.759,78.391
839,2.607,4.136,1.944,77.887,83.973
694,4.818,10.867,6.187,75.281,74.928
396,1.599,6.414,2.096,75.734,76.321
918,3.728,5.726,1.252,85.3,88.198
922,3.689,3.549,1.776,77.782,72.662
431,2.014,8.444,4.017,78.186,71.903
583,3.291,5.312,1.712,77.705,80.128
1124,3.016,1.813,1.8,75.138,66.885
756,4.076,4.854,1.334,75.476,72.029
852,4.824,4.778,2.792,88.741,74.506
593,4.221,5.202,2.937,75.901,72.735
375,3.578,5.827,2.042,76.754,85.236
492,2.033,5.736,6.942,81.553,71.257
373,4.544,6.268,1.338,74.263,66.257
924,3.593,6.934,3.314,74.342,77.591
604,3.606,6.853,1.798,75.879,84.657
1324,2.701,4.145,2.245,81.29,78.727
879,3.677,5.717,1.988,78.479,81.073
882,4.393,5.038,2.232,77.47,72.319
1405,5.337,1.359,2.594,75.628,82.16
646,2.157,8.455,3.034,75.206,86.29
657,4.932,2.792,2.954,77.255,76.531
568,3.162,6.2,1.975,78.178,82.947
478,3.682,6.431,3.046,74.075,70.077
983,3.889,5.445,3.232,84.733,72.443
1502,2.61,2.586,1.059,77.52,75.599
1422,2.845,4.969,1.518,77.214,74.41
626,4.633,9.455,0.458,86.205,79.933
570,2.906,7.424,3.265,75.405,75.153
927,2.21,4.883,1.544,77.207,86.704
935,2.548,3.315,1.17,77.53,88.549
453,3.648,3.746,2.925,75.458,80.311
1443,3.807,6.899,3.283,77.449,79.251
650,2.998,5.765,2.49,75.143,72.346
530,2.122,3.796,1.808,83.195,72.78
848,4.339,9.803,1.033,75.6,76.707
835,2.499,7.108,2.458,74.618,80.414
814,4.279,7.475,3.01,76.181,78.067
489,0.069,6.425,2.892,75.152,79.599
406,3.643,7.166,1.756,77.724,78.912
818,3.038,11.679,1.788,75.275,70.722
822,3.552,7.904,4.883,77.182,73.922
571,3.92,6.079,2.874,76.935,72.498
701,3.073,2.875,1.531,76.372,77.333
1660,3.539,8.947,1.772,88.452,77.264
984,2.789,4.609,1.28,77.322,67.315
853,4.14,4.314,1.602,84.206,76.918
656,4.152,6.293,3.178,75.572,68.318
1368,4.524,12.732,3.485,80.518,80.465
974,3.906,4.784,2.658,74.997,77.682
603,2.432,6.188,1.438,81.328,82.678
846,2.891,6.15,3.1,76.164,88.673
872,3.575,10.974,2.582,87.14,89.362
656,2.972,5.522,4.98,75.871,86.464
502,4.352,5.079,5.869,74.735,75.913
482,1.419,5.866,3.012,77.118,90.434
553,2.999,11.204,1.699,75.394,75.806
1709,2.592,5.897,2.01,77.258,81.249
511,2.703,4.825,1.267,85.795,75.76
544,3.285,3.715,2.03,76.424,82.548
646,5.681,1.336,1.191,77.946,73.475
1081,3.686,4.685,1.724,81.154,80.938
1106,5.029,9.453,1.722,77.547,67.987
1438,2.369,6.319,3.158,77.3,74.538
1026,4.222,7.791,5.789,76.053,82.987
1234,3.3,5.845,3.207,76.759,72.999
681,5.047,5.262,1.421,77.895,72.455
866,4.222,9.86,2.873,76.291,76.242
1245,4.606,4.416,1.067,76.674,71.266
463,3.207,8.018,2.918,76.585,67.095
1028,2.726,7.456,1.074,76.619,86.067
1214,4.104,6.296,4.385,78.053,81.554
543,4.962,12.6,3.216,77.095,74.401
576,2.662,6.501,2.415,75.13,85.875
622,2.356,8.846,2.187,74.55,85.388
680,2.896,6.128,2.552,76.428,75.421
1036,4.414,6.861,1.169,74.906,80.613
600,2.871,7.615,1.116,79.942,69.917
700,2.364,6.134,1.493,74.822,76.004
479,2.833,5.317,2.173,84.945,90.564
524,2.875,4.71,2.815,74.417,77.085
544,2.83,16.167,1.331,76.549,73.159
609,2.552,9.888,1.819,77.129,77.793
996,2.608,6.801,1.945,78.017,73.007
847,2.867,7.279,1.299,75.154,64.598
885,3.491,5.678,2.473,76.693,87.228
1002,2.191,6.664,5.414,78.298,78.755
982,3.457,5.982,2.39,77.857,72.566
664,3.939,4.877,1.583,76.891,80.327
728,4.96,10.059,1.22,78.006,70.349
955,2.605,6.864,1.778,76.824,86.662
619,4.171,6.555,1.735,82.525,67.228
877,2.125,2.586,1.956,78.592,84.577
804,4.428,5.129,0.969,85.9,76.08
309,2.999,9.378,2.215,76.243,73.734
1122,4.269,3.872,1.516,75.858,78.08
559,3.103,4.06,2.988,76.579,77.667
676,5.397,5.527,2.284,75.401,73.0
608,5.339,7.21,1.652,74.942,72.483
1221,4.223,4.325,5.649,83.8,76.747
778,1.817,3.485,4.932,76.969,93.599
1175,3.06,10.679,1.165,76.768,83.758
1047,2.236,4.14,2.382,76.441,73.587
521,2.921,3.035,2.378,84.408,86.355
1521,0.189,9.035,3.198,76.083,82.796
809,2.995,6.779,1.966,84.926,82.969
857,3.742,6.524,5.405,77.324,74.499
769,2.788,4.623,3.161,77.085,81.048
1046,1.7,5.905,2.591,79.57,67.405
1188,3.193,5.985,1.483,79.492,80.984
1764,3.001,8.406,2.883,87.708,74.531
953,2.299,5.995,1.884,77.886,76.21
875,3.19,5.706,3.03,75.994,77.52
841,2.031,7.826,1.726,78.328,87.59
719,2.017,5.834,2.695,75.942,78.828
936,2.687,4.307,4.106,76.446,80.994
675,2.341,13.18,2.324,77.867,79.601
1175,2.07,5.545,2.648,84.681,90.453
673,4.541,7.942,1.897,76.391,78.885
656,2.676,6.345,2.529,75.812,66.33
853,2.965,4.428,2.632,75.462,75.931
535,2.44,10.896,2.8,74.328,79.597
712,4.174,4.592,2.21,79.055,82.86
719,2.114,3.917,2.466,75.707,73.735
636,2.544,4.235,1.81,88.327,84.791
616,2.83,9.231,3.367,75.785,72.693
550,1.996,7.093,1.92,76.819,80.498
836,2.472,10.685,0.003,76.084,75.93
442,2.207,6.96,1.39,83.346,79.331
604,0.09,5.454,3.434,74.332,78.266
1230,3.825,7.135,2.012,76.897,91.232
1227,3.554,5.379,1.706,75.67,78.631
523,3.752,5.065,2.337,76.685,82.665
518,2.166,5.537,3.266,76.044,82.071
1249,0.298,6.774,2.399,85.184,86.336
551,4.594,3.725,1.619,76.57,83.558
451,2.245,13.077,2.551,74.54,71.704
825,4.154,7.029,1.294,78.418,79.146
525,2.504,4.782,1.005,76.728,75.547
728,3.507,6.206,1.433,75.858,77.319
1454,3.754,6.419,5.087,88.61,87.551
904,2.143,3.979,1.491,77.718,81.753
864,1.896,5.826,2.85,77.413,79.469
1174,4.447,6.124,1.443,81.792,80.368
565,5.418,8.58,0.854,77.529,74.316
654,2.242,10.549,1.914,77.302,74.748
703,2.052,6.489,2.225,82.995,77.52
913,3.579,3.161,2.806,78.065,70.212
1308,1.959,3.71,2.207,77.987,87.117
730,1.825,4.345,2.846,75.851,84.67
770,2.204,7.691,2.186,73.469,71.413
731,3.437,4.543,2.777,78.757,76.806
688,4.958,7.306,1.726,78.363,65.216
1501,2.805,6.669,2.778,83.456,74.03
457,2.677,7.874,2.465,73.963,81.678
789,4.627,7.567,2.236,74.355,66.054
495,3.872,5.045,3.177,75.976,82.702
836,3.333,5.056,2.674,75.123,79.063
818,4.508,3.296,3.019,77.517,74.743
370,1.896,16.511,3.551,82.654,76.128
718,4.868,10.161,2.662,76.074,73.681
681,2.152,6.145,1.717,75.873,77.663
404,0.739,4.382,1.118,76.64,81.703
794,5.008,5.407,1.546,77.179,75.791
794,5.058,6.783,2.213,76.136,72.947
729,3.701,7.876,1.698,77.889,85.013
724,4.986,9.526,1.264,74.993,79.275
617,3.265,5.356,2.955,75.245,73.305
486,4.243,4.352,1.707,83.553,83.036
1098,2.608,4.757,2.091,77.778,73.421
835,2.166,6.201,2.473,85.054,81.053
765,1.89,7.439,1.531,73.999,75.719
976,3.912,14.722,2.576,76.389,74.408
859,4.141,6.329,2.165,81.916,73.288
726,2.196,7.466,2.607,77.205,79.123
1035,2.432,4.313,1.616,75.439,75.722
831,5.004,6.063,1.499,75.345,66.99
807,2.875,8.595,1.367,75.593,75.368
637,3.31,7.602,1.083,83.921,82.417
653,3.869,4.459,2.456,84.874,73.156
902,4.257,5.985,2.491,76.745,72.648
596,3.204,6.558,4.706,77.534,79.372
618,3.663,6.971,2.616,77.131,79.492
1137,2.719,9.03,1.44,79.434,70.463
1321,2.528,7.042,2.906,75.901,78.861
933,4.95,2.67,1.337,77.671,75.225
1033,2.167,5.538,2.019,85.784,67.597
522,3.191,4.113,3.09,76.623,80.166
511,3.206,6.079,3.57,76.796,75.523
755,3.411,10.093,5.3,76.902,82.657
991,2.994,7.358,1.839,85.198,84.292
667,2.29,8.126,1.612,77.557,81.715
686,5.046,2.976,2.064,77.423,81.158
436,2.353,3.308,2.512,76.901,84.075
511,2.006,3.652,2.03,81.793,70.999
1257,3.033,4.487,1.054,77.334,79.374
967,3.883,6.823,2.347,82.065,89.239
1185,2.858,8.166,1.625,82.927,78.727
551,2.88,4.753,3.072,75.462,77.098
567,3.881,5.604,2.039,74.337,82.765
739,3.451,6.903,1.322,77.749,77.658
976,2.473,4.206,2.661,77.284,84.506
1021,4.724,5.862,2.398,82.428,75.938
856,3.21,3.65,2.71,76.831,81.536
1312,2.478,6.6,3.716,77.899,80.457
516,2.081,7.914,1.338,77.621,75.803
478,2.588,6.355,1.542,75.906,72.748
1126,3.906,4.874,2.01,77.417,78.307
985,2.539,7.744,3.221,73.449,82.414
658,3.686,6.035,2.221,75.808,72.472
842,2.265,3.143,1.155,77.943,84.734
925,2.442,5.565,1.358,75.182,78.992
879,4.035,12.045,1.345,76.091,73.777
543,5.244,8.415,2.606,75.916,75.886
499,3.841,8.256,2.94,75.481,68.645
960,3.135,12.796,1.877,76.151,72.323
458,2.424,5.024,2.748,76.77,90.173
850,2.178,6.194,1.106,75.46,77.607
985,5.114,4.219,1.209,78.215,73.043
480,3.318,13.614,2.656,82.117,83.538
778,2.782,1.491,1.635,76.463,83.421
646,3.119,6.14,1.249,77.46,80.396
743,2.402,6.781,1.63,82.75,79.883
819,2.167,6.935,1.96,75.649,91.645
1395,4.378,12.723,0.923,76.97,73.598
777,2.321,0.835,0.985,76.867,70.42
1141,4.184,4.066,2.086,76.609,81.899
1469,3.36,4.833,2.418,85.228,74.379
1348,3.658,5.395,0.479,74.878,67.198
718,4.63,6.875,5.449,74.94,84.502
542,2.164,5.829,2.025,77.754,82.523
731,3.384,6.905,2.8,75.238,78.444
611,2.362,13.131,0.883,80.037,71.198
863,2.456,4.089,1.939,81.325,83.227
439,3.4,4.8,1.884,77.156,77.041
726,2.758,4.667,2.001,77.865,86.142
653,4.109,10.044,0.653,75.495,77.165
764,4.224,9.768,1.662,82.646,75.889
938,4.595,4.883,1.247,82.143,83.358
1064,5.038,8.362,2.145,77.368,74.58
781,2.262,8.048,1.708,83.877,66.527
527,4.339,7.522,1.197,85.715,77.289
968,0.397,6.558,2.356,77.811,82.998
904,3.829,5.032,1.197,86.849,78.74
918,2.73,5.481,2.351,75.981,78.129
1177,4.625,8.015,1.232,84.495,80.297
729,3.937,14.979,1.328,76.029,85.464
768,2.815,6.102,0.033,76.031,82.379
648,3.544,7.598,2.498,74.288,68.744
478,4.354,4.179,2.867,75.979,84.228
610,3.526,5.825,2.836,75.864,80.252
458,3.684,6.568,2.188,79.279,83.418
690,3.756,5.706,1.902,75.787,83.994
944,2.736,6.204,1.976,73.88,77.087
500,2.12,1.668,2.21,78.428,89.132
874,2.834,7.61,2.378,77.231,73.507
1073,4.157,1.434,2.298,76.958,76.878
765,3.663,5.6,2.906,77.403,81.487
946,2.835,7.296,3.178,73.982,80.753
654,2.887,3.35,1.273,85.706,80.997
984,4.914,7.823,1.589,86.49,65.738
591,4.404,6.015,0.988,75.372,79.646
715,3.236,5.5,1.515,77.561,74.139
789,2.909,5.436,1.645,76.903,89.556
816,2.999,7.686,1.466,76.047,79.502
959,4.342,2.965,1.69,81.846,69.648
811,2.482,8.264,1.354,77.1,87.374
434,4.643,5.583,2.373,75.591,77.585
846,2.992,5.912,2.706,74.758,85.495
1140,3.533,5.96,0.745,75.352,70.442
842,2.452,9.529,2.388,78.231,85.85
1025,2.649,5.472,2.195,76.7,82.474
1279,3.018,6.537,1.493,76.639,67.5
844,2.431,4.238,1.166,77.937,86.856
997,4.698,5.158,0.281,74.767,74.766
822,3.043,5.452,1.389,82.222,77.511
630,3.647,4.623,1.504,75.526,87.16
672,5.852,6.092,2.219,77.812,68.727
656,4.161,7.467,4.678,77.992,84.316
753,2.577,6.761,0.725,77.756,72.622
1495,2.247,5.502,2.813,76.957,73.189
803,0.253,5.021,2.174,76.582,83.532
553,2.6,8.405,7.417,77.183,80.011
565,5.255,9.795,1.951,76.215,74.09
848,3.141,4.935,0.902,76.343,76.217
903,4.73,6.541,2.456,75.186,78.056
632,3.484,17.959,2.991,74.685,83.913
771,3.917,5.137,5.593,85.757,69.278
1138,4.249,4.784,1.96,77.953,80.426
668,4.038,4.742,2.109,81.286,72.602
741,2.552,4.222,1.912,86.418,84.508
725,2.262,4.846,1.68,75.398,77.184
828,3.299,9.515,2.264,76.804,77.861
609,3.615,6.549,4.757,81.126,82.382
762,3.396,9.29,3.571,77.386,81.669
857,3.831,5.561,1.785,75.858,87.513
933,4.993,4.361,1.476,77.07,87.663
698,3.06,5.81,1.866,75.31,81.888
428,3.698,11.26,2.406,88.688,75.888
730,3.201,8.042,2.327,78.88,82.746
804,2.354,5.369,2.455,77.326,76.965
919,3.421,0.901,2.032,77.105,73.788
590,1.843,6.301,1.852,76.359,76.903
858,3.633,8.09,3.042,77.2,83.329
922,2.547,5.231,1.951,77.881,75.805
805,2.267,6.698,0.156,81.947,82.363
585,4.392,10.202,3.092,78.36,77.241
1478,2.505,2.396,2.713,76.628,74.588
933,0.629,3.297,1.623,83.65,78.921
1029,4.429,5.316,2.049,74.877,71.472
762,4.317,5.081,1.564,83.857,75.985
1022,5.088,5.831,3.681,77.909,70.617
515,2.277,5.903,1.455,85.057,78.065
580,4.453,1.396,1.799,75.169,87.248
628,2.576,7.924,3.701,75.573,81.074
1048,2.604,7.1,3.769,82.133,80.491
894,5.714,11.399,1.363,75.818,76.851
718,2.461,6.986,5.528,76.607,80.892
406,4.378,6.102,2.432,85.108,76.47
718,2.907,5.943,1.79,75.295,75.924
532,2.28,4.441,1.779,74.221,74.035
668,2.58,3.861,1.903,75.981,78.923
669,2.935,12.81,1.726,75.765,74.169
656,2.965,4.522,2.791,79.123,80.749
661,1.608,16.181,2.15,75.0,76.515
590,2.726,8.262,1.692,74.074,78.806
1341,2.419,11.666,3.446,84.923,74.073
1023,2.009,6.637,3.41,86.486,77.355
653,2.417,10.729,1.431,74.979,66.675
575,4.855,7.868,1.084,82.736,70.971
455,4.759,13.971,2.449,80.6,75.812
928,2.043,4.031,5.241,78.055,72.238
524,2.561,11.222,3.18,75.924,83.159
1159,5.488,6.002,2.429,78.019,76.218
839,2.567,5.591,2.149,84.593,74.73
1005,4.554,3.195,4.447,78.796,75.281
715,3.362,6.875,1.525,75.589,77.628
710,0.49,7.488,2.509,80.581,74.432
985,3.734,6.217,1.565,85.8,84.726
1071,4.818,1.538,2.563,80.709,81.517
574,3.811,7.186,2.012,72.758,75.035
923,2.974,3.869,1.463,75.87,85.363
741,3.878,5.18,1.302,75.597,78.187
861,2.801,4.493,3.053,85.259,66.763
947,4.806,8.067,3.317,76.892,76.461
466,2.869,7.26,2.346,74.372,69.672
1130,3.239,6.499,2.38,80.613,71.123
744,3.208,6.961,2.587,76.432,75.15
629,2.433,3.926,2.916,75.811,70.165
855,3.619,3.675,1.917,78.264,81.665
725,2.98,10.372,2.881,85.112,86.573
511,4.189,5.754,5.899,75.867,73.048
702,2.842,4.837,4.516,75.599,83.118
712,4.794,12.783,3.142,75.071,69.747
539,3.144,4.609,1.87,75.219,69.557
761,3.895,6.026,3.519,75.897,72.62
556,3.875,5.594,1.708,75.672,78.171
852,3.044,3.497,1.691,80.985,76.237
1408,2.274,8.205,2.155,75.878,74.736
1082,2.211,3.869,1.366,77.088,78.301
488,3.308,5.809,1.2,75.115,84.085
670,2.128,6.182,2.546,76.104,76.426
618,3.964,5.344,2.014,73.667,67.344
1186,3.626,7.057,1.698,80.646,68.319
563,3.226,1.568,2.827,76.668,71.906
626,3.311,9.5,1.904,76.115,72.663
765,3.778,5.98,1.28,76.851,73.794
963,4.684,18.917,3.341,73.884,68.703
824,3.467,6.218,1.341,76.935,80.769
2106,3.554,8.029,5.539,75.575,79.703
822,4.986,7.08,1.11,75.545,70.308
614,2.087,14.022,1.249,82.289,75.204
495,4.438,5.888,1.343,78.863,71.172
602,4.635,6.37,1.572,85.173,78.59
838,1.88,5.814,1.954,76.632,82.389
1026,3.25,8.756,0.806,77.834,67.355
590,2.715,2.746,1.082,84.986,79.015
711,3.554,4.073,1.896,77.695,79.913
896,3.474,3.118,1.498,77.627,76.158
883,2.944,8.174,2.141,81.356,71.534
601,2.559,5.487,1.355,77.123,75.103
997,1.744,7.179,1.402,77.308,76.905
537,2.645,3.299,1.205,75.665,73.871
388,3.685,8.416,2.7,81.184,65.508
635,2.94,4.86,2.589,82.503,78.94
989,4.959,6.153,2.351,74.045,71.921
580,2.723,7.175,1.849,83.588,84.768
498,3.853,8.128,3.202,76.397,75.031
1176,1.933,7.696,1.119,75.827,88.387
1376,3.018,3.257,1.782,76.59,73.904
619,2.505,6.887,3.409,74.848,72.689
690,3.323,7.422,1.895,75.924,73.492
917,2.432,4.869,1.574,78.05,83.833
599,2.701,5.042,3.047,77.551,74.878
649,2.477,5.283,1.371,80.144,68.685
645,2.863,6.011,3.373,74.441,91.146
663,2.964,7.001,1.558,75.117,71.402
583,2.138,6.524,4.798,76.596,81.577
576,3.802,5.162,3.089,79.029,92.424
918,3.75,6.006,2.362,80.337,79.349
713,3.397,6.141,1.318,75.879,70.323
1187,3.98,4.125,1.15,78.814,77.067
532,3.266,4.588,2.898,75.92,76.681
920,4.88,6.171,0.986,76.316,82.299
816,3.82,7.275,0.913,77.28,82.411
1106,2.024,5.064,1.816,77.559,90.539
928,2.429,8.357,1.94,74.984,76.112
698,2.572,3.417,3.207,74.801,81.307
583,4.297,5.706,2.458,76.79,75.008
540,4.178,4.4,2.62,77.08,91.762
734,3.344,5.173,1.868,77.349,74.121
806,3.452,7.449,1.846,73.347,69.058
917,4.949,3.763,2.647,78.463,83.051
346,2.426,5.633,1.884,75.163,68.236
984,3.692,5.295,1.663,78.402,65.332
574,2.857,12.445,2.494,82.575,81.133
487,1.765,5.88,2.021,74.736,86.158
733,2.892,8.158,1.705,74.784,80.641
1236,3.496,4.279,2.435,78.174,75.83
1129,2.292,7.224,3.423,82.246,77.303
535,2.335,6.438,2.669,77.086,69.847
649,2.041,4.584,3.325,74.888,81.892
899,2.036,1.558,2.923,74.935,86.044
666,1.657,6.67,3.145,74.718,71.678
567,3.074,8.55,2.931,75.344,76.003
719,3.962,4.216,2.613,74.375,79.645
484,3.946,6.544,3.131,81.502,88.499
388,2.96,12.829,1.518,81.946,70.632
604,4.501,9.271,1.82,75.872,79.836
748,2.753,5.716,5.261,75.185,79.107
996,2.195,12.022,2.709,77.862,80.495
875,4.738,7.358,1.513,85.3,84.153
797,3.017,6.771,1.914,75.581,69.253
435,2.269,7.103,1.763,76.022,79.665
414,2.209,5.253,1.912,77.276,80.863
899,2.295,5.3,2.51,74.458,81.888
628,4.999,3.471,1.369,78.259,72.037
915,2.802,7.624,2.509,76.135,73.3
1069,2.207,14.997,1.896,75.296,71.009
485,3.797,5.074,2.318,76.532,82.76
1487,2.146,16.127,3.132,82.845,79.936
753,3.579,7.607,1.775,74.554,77.097
677,2.901,1.037,1.683,84.455,71.068
1253,4.012,4.156,2.399,75.029,76.421
687,5.658,8.713,2.57,75.361,75.649
963,4.322,5.149,1.446,74.917,72.888
940,2.486,4.467,4.654,75.524,87.45
774,3.426,7.341,1.851,76.084,83.521
1309,2.232,6.845,1.633,79.617,72.851
530,3.847,8.666,3.087,77.876,70.595
1223,3.921,7.014,1.493,78.04,76.941
1069,2.175,14.87,1.473,73.876,83.397
815,5.032,3.471,1.127,76.859,85.255
649,0.09,6.018,3.241,73.882,80.819
669,3.852,4.772,1.979,76.951,78.374
458,2.248,4.818,1.828,77.852,80.616
425,4.785,7.517,2.985,76.366,86.797
868,3.079,5.266,1.817,77.535,69.251
656,4.901,4.287,1.296,77.453,79.158
1365,4.307,8.691,1.342,80.062,82.198
1105,3.98,3.066,1.924,75.689,65.378
853,4.892,4.106,3.571,77.345,71.1
887,2.916,0.297,1.359,77.795,74.697
727,3.503,7.402,2.966,81.721,74.428
577,4.334,4.668,2.88,82.043,77.052
856,2.999,12.957,1.306,74.691,68.392
828,3.316,7.299,2.476,75.543,83.401
887,1.924,5.962,1.471,83.197,72.791
879,3.268,6.949,3.368,74.178,87.324
964,2.477,12.403,3.041,73.639,78.218
1250,5.537,2.846,1.845,86.666,80.061
464,3.635,5.954,3.386,76.565,83.177
880,3.881,7.998,3.295,77.954,85.743
568,4.378,5.244,1.757,74.588,79.075
1024,5.111,7.64,1.355,78.401,81.089
1076,3.661,5.551,2.293,75.752,69.068
689,5.021,6.147,2.261,83.306,78.697
975,2.709,7.358,1.844,75.323,66.596
787,2.497,6.363,2.727,77.814,75.548
711,4.879,8.186,1.658,75.214,73.705
680,3.651,9.817,3.202,74.725,89.293
830,3.547,7.149,2.341,76.928,72.94
642,4.702,6.815,4.455,82.861,84.766
413,2.785,4.447,2.418,73.825,90.718
495,2.842,4.035,1.048,75.388,71.286
419,2.546,9.346,2.911,77.778,80.441
1322,2.991,9.119,2.019,72.959,84.976
567,1.965,3.385,2.471,76.463,77.132
800,2.765,5.1,0.957,77.326,79.297
731,2.955,7.736,2.242,75.062,84.561
486,4.941,5.726,0.889,77.859,67.565
595,3.433,11.027,0.534,76.097,83.686
680,4.109,7.237,1.16,75.721,78.349
970,4.347,3.744,1.172,84.507,87.992
942,5.736,6.017,1.459,75.956,71.826
710,4.288,16.166,2.561,73.81,71.075
741,2.794,5.254,2.576,75.306,73.946
898,2.874,8.775,2.338,77.931,83.016
689,4.716,8.157,1.835,76.192,80.122
995,4.686,8.697,1.806,75.087,73.577
1059,2.937,5.911,1.367,78.834,81.565
663,3.4,5.45,0.984,75.927,78.712
794,2.102,2.61,3.479,75.871,85.138
1006,5.785,9.74,1.194,76.472,74.181
1229,2.289,3.561,1.987,77.083,73.982
1190,4.151,13.065,1.088,77.61,72.939
473,2.376,5.119,1.945,75.973,73.388
632,2.637,6.128,2.852,87.143,82.318
820,3.276,6.228,4.182,76.815,83.862
639,4.012,5.685,1.815,84.085,87.809
745,3.732,6.296,1.776,75.733,77.568
1106,2.176,10.027,2.175,77.136,84.808
517,5.043,7.93,1.42,76.81,78.304
1000,3.315,2.01,5.498,83.492,82.127
741,4.3,7.654,2.955,77.068,85.789
654,4.244,4.489,2.168,76.347,82.901
871,3.598,7.96,2.605,76.287,69.483
838,2.466,4.41,3.837,77.098,75.238
537,5.065,5.873,4.546,84.903,67.769
469,2.492,15.852,1.54,73.946,85.433
450,2.814,6.066,2.485,76.818,81.263
1443,2.375,4.177,1.981,76.935,79.361
611,2.434,5.712,2.64,78.306,75.955
557,2.32,6.098,1.693,76.597,73.092
648,2.925,5.213,1.915,87.437,68.169
1207,3.084,6.54,2.837,80.4,76.79
1015,4.767,8.269,1.009,75.76,74.66
794,4.468,6.523,2.413,76.172,68.832
648,3.223,6.952,0.907,75.498,65.429
648,2.661,4.875,1.768,75.327,70.659
508,1.981,7.148,3.376,84.251,80.12
1161,2.912,4.767,1.729,76.458,73.758
739,4.867,5.401,1.671,74.826,76.558
454,2.127,5.38,1.581,75.532,83.085
1246,2.555,3.703,4.298,78.343,73.449
501,2.877,6.562,2.274,77.081,83.314
904,2.778,7.97,5.183,75.244,78.193
889,4.526,6.507,1.653,76.061,79.38
1000,1.956,4.979,1.576,78.62,85.977
859,1.918,5.266,3.582,77.076,72.435
586,2.47,10.622,2.637,84.302,66.835
667,2.329,8.209,2.788,74.361,81.142
434,2.824,4.465,1.776,78.938,72.899
926,2.163,11.175,0.87,76.477,79.582
517,4.412,6.759,1.464,75.918,77.408
816,3.778,12.065,1.337,87.977,69.429
891,4.514,15.545,0.767,80.15,81.824
631,4.539,2.302,3.612,76.328,80.707
987,3.846,10.567,1.309,73.855,68.919
897,4.637,7.451,1.148,82.103,82.826
697,2.567,6.003,1.527,76.778,75.598
1255,2.936,12.989,1.837,74.873,81.408
984,2.219,6.683,4.065,75.73,70.306
946,4.652,3.863,1.45,87.251,64.581
870,4.639,5.342,1.977,74.517,77.963
559,4.418,10.066,2.356,81.962,72.678
1046,2.426,5.413,1.444,76.343,85.52
804,2.103,6.789,1.659,73.614,75.113
726,2.543,6.797,3.783,75.606,71.802
737,3.056,13.116,4.272,76.73,83.051
623,2.189,5.139,3.02,76.022,74.926
906,5.219,5.912,1.27,79.995,85.461
1016,3.161,4.384,2.249,75.696,85.835
493,2.152,6.815,4.613,78.109,78.574
1016,4.148,4.783,3.326,75.967,69.488
513,3.403,6.9,2.829,77.057,65.493
667,4.101,8.379,1.213,77.563,83.877
478,2.188,5.821,6.151,76.953,76.716
479,3.913,12.313,1.6,76.471,83.243
740,3.057,3.684,2.125,81.965,76.278
1336,3.213,8.223,3.053,75.797,86.062
610,4.426,3.665,1.92,77.7,70.943
1109,5.052,4.695,1.699,74.102,74.613
370,2.382,4.374,3.021,76.73,84.843
675,2.982,6.745,1.219,74.983,80.963
963,2.299,5.47,2.512,76.083,64.903
816,4.816,7.794,1.89,75.034,74.215
1003,2.569,5.026,4.326,76.384,79.476
615,3.964,4.461,1.446,76.702,73.033
415,4.431,8.899,3.827,77.424,68.716
362,3.952,8.425,1.307,73.5,77.394
944,2.766,5.496,1.468,84.32,79.136
491,3.229,8.22,4.487,74.78,80.116
364,2.218,4.066,2.74,75.936,76.231
772,2.448,6.905,1.175,75.672,82.836
927,2.875,4.133,2.846,84.623,85.278
549,3.415,4.921,2.197,77.267,84.902
1213,1.738,6.957,1.823,76.813,93.326
536,2.419,4.059,1.231,76.058,80.126
415,2.242,3.895,5.407,76.626,75.466
915,2.514,5.917,2.021,78.251,79.895
1033,0.684,2.263,3.854,77.299,76.558
631,3.003,4.961,2.771,76.274,78.911
430,2.432,5.245,2.029,76.344,85.289
476,3.773,7.756,2.183,75.833,86.673
1090,4.515,6.686,2.833,77.898,80.624
925,4.785,4.985,2.435,76.832,85.982
1205,4.693,4.86,3.088,76.789,85.367
679,0.884,5.31,2.866,75.944,74.104
862,2.999,11.226,1.831,76.82,75.802
554,4.787,10.407,2.684,76.884,83.156
1375,3.165,10.671,3.279,76.485,76.742
891,4.528,3.573,1.946,82.843,72.021
857,2.529,4.961,0.179,75.279,84.783
570,5.054,7.137,2.397,75.752,67.285
664,2.88,12.936,3.009,76.014,70.436
448,2.234,9.142,1.784,75.676,67.298
520,2.962,6.553,1.064,77.752,79.646
1390,5.325,5.566,1.507,81.701,84.702
430,2.519,10.991,1.776,76.549,71.556
651,2.158,6.059,2.292,76.959,82.267
461,3.155,7.274,2.905,76.503,68.536
1472,5.031,3.829,2.339,75.046,69.701
901,4.943,13.687,5.064,85.378,74.992
915,2.481,6.747,5.507,76.876,79.94
697,3.178,4.322,1.972,76.476,73.142
765,2.322,7.768,2.476,77.425,85.204
1005,3.657,11.147,1.348,76.181,80.811
980,3.055,5.813,1.492,80.119,82.291
967,2.868,12.009,1.503,76.673,82.117
578,2.562,7.444,2.434,73.881,74.836
965,2.918,4.493,2.884,75.161,71.677
609,3.025,6.839,1.074,73.712,83.185
1729,2.454,5.754,3.969,83.982,79.165
826,3.156,5.461,4.447,87.232,76.862
708,2.953,2.742,2.404,76.035,81.355
800,4.571,11.157,2.49,75.596,82.307
706,4.018,6.129,2.106,76.7,81.838
766,2.73,6.527,1.15,74.007,78.03
568,4.605,6.56,2.722,75.966,84.418
513,3.252,7.278,3.126,75.409,70.653
787,2.441,11.364,1.886,74.623,75.234
456,2.26,9.135,2.609,75.925,78.839
1158,2.746,5.576,1.322,74.766,78.653
686,2.846,7.773,3.969,77.385,68.751
1038,5.091,7.26,1.459,77.881,83.242
893,2.404,4.398,1.48,76.488,82.328
913,3.386,10.281,1.203,76.826,77.791
403,1.964,5.337,2.789,89.42,85.977
683,4.354,6.025,3.333,79.952,80.579
659,2.62,3.477,1.222,79.486,77.545
1155,3.956,7.073,1.42,76.028,78.456
911,4.583,6.37,2.522,77.889,79.589
928,2.717,6.812,1.444,82.426,84.804
692,2.766,7.739,1.432,76.975,76.504
540,2.714,6.559,3.255,76.524,82.046
571,2.538,5.814,2.085,77.247,77.167
449,3.01,11.299,2.207,77.447,76.582
1673,2.545,5.415,2.353,75.323,81.54
850,2.543,3.813,2.939,72.949,85.853
893,2.572,7.472,1.725,86.552,75.999
734,3.906,7.57,3.152,76.893,85.811
1009,4.155,7.46,3.038,82.522,87.007
1088,2.348,7.018,3.258,76.522,76.063
456,4.478,3.791,1.281,74.502,91.143
497,2.549,6.554,3.32,75.973,74.023
1378,3.977,5.017,1.851,75.072,80.625
533,3.738,3.72,3.273,85.943,81.85
881,4.272,10.662,2.276,84.42,85.697
683,1.943,4.456,1.977,83.444,67.704
601,2.434,11.747,1.974,76.41,71.913
566,3.721,6.374,2.124,78.115,73.344
540,2.71,5.518,2.284,77.677,83.703
790,2.738,7.542,2.778,76.32,70.882
646,4.182,3.798,1.718,75.134,80.278
976,4.617,7.894,3.381,75.144,89.743
432,5.614,5.324,6.799,76.949,69.4
735,3.258,4.983,1.633,87.952,73.235
1180,2.766,5.409,1.847,77.914,72.02
1389,2.296,5.681,1.824,76.706,85.16
574,3.933,7.193,1.953,75.139,70.253
789,2.359,7.468,1.547,78.248,85.168
458,3.054,8.15,3.099,76.013,80.465
786,4.642,16.617,2.945,75.531,68.032
517,4.181,5.445,1.249,77.638,79.015
724,2.371,3.523,1.808,78.34,84.689
927,3.48,5.058,2.278,75.752,74.362
756,2.795,4.142,1.541,74.591,76.427
649,2.923,6.587,1.29,77.881,76.993
1140,5.08,4.73,2.937,76.607,68.194
994,3.76,9.967,1.896,78.037,81.58
715,3.344,7.75,1.344,76.594,69.507
443,3.752,7.441,1.127,77.915,81.724
510,2.118,7.296,1.458,77.341,71.075
459,5.625,9.14,1.294,84.817,68.026
655,2.269,5.261,1.178,77.634,81.62
784,2.366,5.571,2.554,84.181,77.411
1051,2.493,4.124,2.199,81.209,76.988
508,4.107,6.135,2.607,77.004,84.85
938,4.258,5.077,3.267,76.758,77.611
713,3.598,4.457,3.259,77.017,76.263
1092,2.598,6.189,2.923,75.357,72.516
556,3.878,6.945,1.733,75.983,80.614
821,4.379,2.833,2.524,83.6,84.828
1008,3.981,9.157,5.579,81.177,77.282
421,4.098,5.181,3.088,76.709,81.277
1470,6.575,8.037,1.77,79.537,80.185
1035,4.276,4.622,2.623,87.466,86.684
870,2.381,8.437,6.227,74.897,68.71
653,1.885,3.501,1.608,75.937,80.961
612,1.88,6.132,3.004,74.984,69.186
845,3.129,8.751,3.806,75.679,79.784
570,4.079,9.866,2.267,76.919,87.596
1576,2.772,4.736,4.525,75.435,83.615
940,2.858,4.848,5.07,75.443,79.64
663,2.169,5.38,3.312,75.266,79.588
989,3.422,5.058,1.938,77.587,81.245
1117,2.768,1.85,1.432,84.999,71.373
585,3.635,5.104,1.918,77.146,74.179
811,2.548,6.624,2.341,78.719,77.857
1106,5.477,4.688,1.326,83.666,87.837
475,2.619,15.614,1.282,77.747,68.902
568,3.252,2.15,1.43,79.963,82.694
1429,3.265,6.996,5.317,84.846,81.959
640,4.913,8.011,1.441,76.599,87.198
459,2.676,5.413,2.567,76.595,88.251
864,4.444,6.751,3.245,77.013,75.963
739,4.476,4.753,2.102,77.026,78.287
986,3.201,6.088,4.133,75.712,81.195
816,4.221,6.785,3.181,76.93,76.537
683,2.183,5.746,6.393,76.855,77.576
772,5.623,3.859,2.506,77.0,73.565
645,5.331,8.958,3.04,75.542,77.363
633,5.426,7.314,3.22,78.343,79.724
1043,3.969,3.976,3.07,85.167,81.313
686,5.003,0.218,2.434,75.981,90.388
613,2.993,4.51,2.262,79.418,79.887
623,3.365,5.695,1.419,80.751,83.663
1151,3.856,4.76,1.951,74.926,68.446
1083,3.392,5.95,1.844,79.716,65.84
634,3.282,6.977,2.169,76.322,68.91
770,3.469,5.95,1.455,76.67,86.711
925,3.375,5.872,1.658,76.964,73.433
729,2.398,7.928,1.809,76.17,68.298
760,3.652,6.4,5.939,75.812,84.742
411,2.579,8.694,2.885,75.849,80.81
694,3.068,6.148,1.673,76.977,80.989
772,4.759,7.351,1.99,81.717,72.465
1024,2.966,5.425,2.703,75.552,84.191
772,1.814,7.97,2.942,75.47,73.869
698,4.454,1.402,2.867,77.277,73.047
922,3.786,6.956,2.698,75.739,87.357
874,2.994,7.21,2.766,77.821,82.277
778,2.732,4.519,1.111,78.124,76.609
591,3.622,10.356,1.372,76.869,87.474
737,2.859,12.168,1.044,81.396,80.291
854,2.299,9.094,1.371,77.929,86.14
491,1.983,5.628,2.487,77.187,88.779
446,2.321,3.988,1.473,77.209,81.696
836,3.269,4.624,0.998,75.91,73.897
922,3.028,7.138,1.559,77.32,76.251
712,2.403,6.294,3.235,76.68,85.546
1010,4.291,5.149,1.512,74.875,88.073
508,2.002,1.611,2.914,74.823,82.3
1400,5.875,4.593,1.859,77.044,74.608
522,4.026,1.193,3.236,74.632,73.347
598,1.166,8.209,2.452,77.886,72.898
924,4.896,12.001,1.223,84.658,77.087
608,5.556,6.092,2.304,79.991,64.704
1411,1.897,4.621,2.56,75.585,77.7
834,1.918,6.782,1.319,74.105,86.712
444,2.415,7.015,3.158,74.226,81.696
560,3.625,6.846,1.229,87.513,67.616
577,2.559,8.008,1.844,74.723,80.445
711,4.145,0.281,3.211,76.126,80.388
1023,2.918,9.005,3.217,75.439,93.871
780,3.121,5.467,1.786,76.939,69.865
787,3.472,6.329,3.734,75.178,74.077
702,1.743,7.881,3.199,81.567,78.799
805,3.173,12.018,2.594,75.502,76.947
1070,2.816,5.916,2.449,88.425,92.284
407,3.507,4.727,2.228,77.341,70.847
665,2.655,12.976,1.835,76.201,82.205
476,1.175,6.522,1.52,77.557,73.647
678,3.817,4.428,1.621,76.537,71.831
620,2.047,6.215,1.037,74.944,81.747
759,4.801,5.965,2.56,77.336,80.101
716,3.044,6.908,2.887,79.957,72.069
851,0.197,5.739,3.172,85.445,78.103
776,5.132,5.914,1.18,78.644,80.294
1391,3.118,8.852,2.216,77.284,80.453
431,5.297,5.92,1.704,72.603,67.317
774,2.972,12.658,3.349,74.642,66.952
886,2.928,2.862,2.822,76.894,79.563
604,3.224,6.87,2.886,73.401,66.597
763,4.323,4.027,2.815,86.596,71.437
423,4.653,7.759,3.091,73.216,69.979
546,4.454,12.468,2.626,76.749,84.579
671,2.577,5.125,1.965,75.613,78.336
553,2.802,11.323,2.559,73.675,75.84
616,4.259,15.005,3.67,76.991,70.972
809,2.525,7.397,2.54,78.506,86.336
532,4.876,9.234,2.741,83.988,87.928
1394,2.427,7.197,2.666,80.138,81.863
1237,2.075,7.726,1.576,77.887,70.44
1000,4.164,7.576,2.549,75.811,85.66
496,1.874,7.725,2.341,76.2,75.117
467,3.288,6.484,0.988,76.456,72.491
459,4.377,4.432,1.554,75.186,66.38
916,0.243,5.252,6.594,76.637,86.223
482,2.313,7.688,3.192,77.791,67.105
704,3.681,6.163,1.664,76.992,81.52
1613,1.765,9.026,2.634,76.191,78.316
681,3.794,3.765,1.747,78.267,76.272
704,1.826,7.464,2.553,80.383,74.37
1068,3.704,8.209,5.832,76.702,85.648
839,2.889,7.318,6.072,78.211,77.665
783,4.498,4.253,2.884,76.105,81.984
409,3.177,4.796,4.298,74.556,84.352
1025,3.615,7.025,1.448,83.77,89.233
762,4.36,1.241,2.196,76.326,76.833
890,4.747,11.196,1.91,78.538,79.724
907,4.758,6.351,2.018,74.821,65.349
1197,5.802,5.386,0.997,84.437,74.912
717,3.426,4.028,2.245,76.668,82.078
610,3.921,8.231,3.335,75.692,75.668
1322,2.593,5.092,1.458,75.977,77.163
539,4.618,6.701,2.679,77.852,81.95
881,4.509,1.824,2.611,73.631,86.224
575,3.536,6.736,1.155,77.156,86.879
514,2.56,6.122,1.165,80.341,85.475
454,0.017,7.234,1.275,80.559,67.932
470,4.109,15.312,1.007,79.461,72.554
1144,3.071,6.803,2.855,77.446,82.127
755,2.968,7.504,5.633,75.662,76.3
1178,2.791,8.853,4.401,76.751,86.397
811,1.836,11.731,2.457,76.926,76.04
542,2.244,5.893,2.21,76.046,79.236
531,2.394,3.651,3.521,75.522,84.011
511,2.549,10.779,1.947,85.643,67.22
565,3.683,6.686,2.622,76.694,71.569
560,2.423,2.359,1.816,80.789,83.282
851,2.369,5.968,4.232,86.007,77.722
651,2.456,4.644,1.638,82.965,85.246
495,4.218,1.585,1.987,77.426,78.068
1076,3.127,11.43,1.61,75.264,78.141
534,2.087,6.621,2.391,81.464,80.32
466,4.455,12.545,1.578,80.341,76.506
870,5.107,9.066,2.962,77.586,82.962
455,3.377,11.77,1.527,83.189,77.217
643,4.08,7.129,1.837,75.151,80.21
456,2.111,4.515,2.101,73.818,70.303
808,1.991,6.126,2.745,78.163,87.867
981,4.756,5.127,2.247,77.899,75.484
459,2.021,3.474,2.575,77.642,84.711
469,4.328,5.217,6.626,76.093,78.952
587,3.031,3.001,3.018,76.344,74.809
586,3.058,12.152,3.007,74.849,70.691
964,5.855,7.272,1.996,75.342,83.723
393,3.047,6.794,1.772,77.752,75.107
793,2.166,4.298,1.813,84.626,77.232
913,3.965,4.636,2.052,76.176,76.146
705,5.454,6.817,1.936,76.651,66.744
1265,4.428,6.279,1.783,86.119,87.339
916,1.952,7.013,1.723,76.017,80.843
1203,4.412,6.612,1.683,76.115,79.879
1209,4.128,4.562,2.426,77.54,79.007
659,2.181,6.572,3.362,80.839,86.699
972,3.087,5.126,2.483,73.911,80.001
499,3.843,5.846,3.18,77.876,77.961
1272,2.542,6.377,1.784,81.009,88.112
657,3.781,3.852,2.687,77.132,67.755
735,3.601,1.754,2.772,76.682,81.064
668,1.902,2.824,2.243,75.361,75.779
732,5.446,5.124,2.476,76.887,85.784
462,4.37,17.007,4.744,77.438,75.748
392,3.791,5.877,2.178,74.138,74.947
1032,2.819,4.825,4.756,76.593,80.839
487,3.722,15.7,3.502,75.798,81.033
517,2.537,15.42,1.527,75.777,77.732
846,3.857,1.757,2.192,77.607,85.169
599,3.833,6.315,2.26,75.824,78.047
465,4.206,8.549,2.487,77.836,87.796
934,3.376,4.978,3.038,76.478,73.021
1265,5.366,6.021,2.309,76.338,70.324
771,3.655,5.698,1.695,76.298,75.79
1096,2.225,4.53,1.355,81.883,83.308
815,4.139,5.79,1.284,76.034,76.779
471,3.667,5.577,2.626,75.778,72.451
737,2.246,6.705,2.816,75.309,72.862
911,3.665,5.358,2.346,83.588,79.217
699,4.552,0.941,1.344,77.404,85.707
413,3.492,6.194,1.769,82.126,78.464
471,3.072,4.606,2.564,77.182,88.899
580,3.89,7.272,1.65,83.173,85.004
1242,3.885,6.145,1.773,77.42,75.829
625,1.84,3.521,1.627,77.889,90.078
656,5.407,7.119,4.566,74.228,75.39
984,2.428,3.547,2.245,74.499,74.921
999,3.121,7.593,2.823,76.481,79.065
985,2.634,7.815,3.497,75.194,74.278
670,2.633,4.592,1.934,75.541,76.587
961,4.332,4.069,1.634,77.206,71.034
925,2.175,6.522,2.964,77.937,71.144
414,3.694,3.497,2.186,86.432,78.645
933,5.153,8.12,1.268,76.749,63.124
987,2.844,2.818,3.988,75.951,77.249
831,1.837,6.155,1.883,77.018,82.661
736,4.779,7.93,2.695,75.899,78.813
507,3.073,14.894,1.627,82.372,86.302
572,3.889,8.009,2.696,76.253,76.515
293,2.758,7.187,1.356,74.185,70.164
650,3.346,12.623,1.186,75.288,82.419
499,1.955,8.796,7.479,75.1,69.62
552,5.319,3.989,1.751,76.591,73.852
694,2.871,4.828,2.0,76.832,74.891
929,3.128,7.018,2.603,76.601,80.551
866,2.346,11.706,3.439,75.449,71.88
552,3.103,9.452,3.142,74.755,80.826
515,0.992,7.37,1.571,76.01,73.242
641,2.302,5.149,3.354,77.286,77.096
522,3.864,8.419,1.241,75.254,84.249
941,2.722,6.626,1.099,75.026,69.314
887,3.954,5.603,2.796,77.142,82.632
985,4.143,5.222,4.334,76.989,77.373
535,2.067,1.425,2.897,77.709,83.361
1331,6.095,8.455,5.442,76.498,82.432
1713,4.601,11.475,2.374,81.697,76.633
511,2.753,4.139,5.911,75.877,86.892
654,4.355,5.557,1.894,77.849,90.826
640,4.911,13.781,1.636,75.87,76.218
932,3.068,7.301,2.771,78.279,72.454
933,4.221,5.595,3.051,76.743,78.581
447,3.331,7.742,2.683,76.652,90.47
1010,3.986,4.657,2.551,77.382,81.098
593,4.449,6.689,1.105,75.727,80.535
1201,4.482,11.163,3.988,77.03,73.864
798,3.246,4.692,2.807,77.786,87.073
800,2.434,6.257,1.842,77.691,75.91
952,1.851,6.325,6.374,77.351,88.872
655,5.24,6.576,1.152,75.242,84.277
1308,3.91,5.076,3.118,84.385,64.791
761,0.601,7.515,1.508,75.909,68.835
847,3.375,9.371,2.139,84.584,85.775
1103,3.741,7.497,1.34,75.631,86.779
830,4.682,2.623,1.147,85.319,76.467
637,4.034,7.365,2.955,77.944,76.268
914,4.149,10.122,1.69,77.141,83.505
514,3.025,9.721,1.517,76.645,79.658
1196,4.351,5.148,1.163,77.153,83.325
960,4.566,6.881,2.03,76.843,90.061
497,2.386,7.981,1.205,75.994,77.855
587,3.415,7.01,3.407,83.105,74.212
496,2.809,3.194,0.912,77.149,80.946
934,2.3,4.848,1.274,76.568,87.324
464,3.135,12.248,1.402,76.568,71.514
603,3.963,6.339,1.367,80.304,73.479
599,2.385,7.37,1.279,77.139,81.338
503,2.709,3.526,5.116,75.794,79.996
598,3.99,1.042,1.342,77.396,78.889
1163,3.969,4.288,1.611,76.403,88.597
803,3.051,7.645,1.329,76.603,72.638
904,1.586,7.533,1.351,77.893,81.594
573,4.868,2.825,1.697,78.226,83.644
1076,5.287,8.207,2.541,74.938,75.39
889,4.113,8.403,2.097,76.834,77.232
770,3.835,7.262,2.132,75.084,71.182
737,2.333,6.421,2.268,83.53,72.976
503,3.686,4.829,3.727,80.732,80.118
789,3.843,9.663,2.957,83.22,72.111
724,2.799,10.741,1.531,75.926,70.72
401,1.887,11.544,3.452,88.416,93.77
467,2.504,4.693,3.173,75.733,74.537
631,2.676,4.405,1.95,76.519,68.504
511,2.828,6.733,2.304,75.056,80.612
1518,4.455,3.064,2.423,77.02,67.901
691,4.215,6.054,2.754,74.175,81.148
656,4.4,5.433,1.408,88.949,78.01
966,5.612,15.578,1.712,80.685,68.648
811,2.025,5.445,1.48,83.48,68.99
1327,5.087,5.781,2.286,87.544,72.362
450,2.103,4.245,2.382,78.075,81.804
661,2.589,8.002,2.24,85.102,67.04
747,4.393,6.711,1.913,87.331,73.776
897,3.589,8.259,1.63,77.884,73.547
555,2.777,8.779,3.451,75.635,75.502
584,2.717,7.157,2.37,78.09,79.856
945,4.564,3.84,3.931,78.062,84.262
937,4.103,6.413,3.493,82.647,80.182
636,5.08,6.47,3.408,75.723,77.262
1101,2.366,5.271,2.515,76.716,82.278
665,3.704,6.778,1.566,75.384,78.723
960,2.393,6.701,1.155,78.892,86.754
1209,3.385,4.864,1.417,80.013,79.739
854,3.216,4.199,1.952,81.479,81.449
391,4.928,6.103,2.504,78.033,82.262
990,3.302,6.261,1.36,84.096,79.265
523,2.476,7.769,1.834,79.088,70.076
740,4.848,6.796,2.44,75.071,80.65
558,5.025,13.623,1.442,77.172,70.27
769,3.113,7.25,1.623,75.708,73.163
821,4.118,6.838,2.216,78.313,75.818
687,2.295,10.186,1.736,76.774,74.155
814,4.226,6.136,5.107,81.391,72.97
717,2.958,4.524,1.614,75.19,80.605
1221,4.367,8.805,3.403,78.081,84.142
811,2.554,5.195,1.984,76.187,68.567
1071,2.893,5.75,2.391,77.612,67.658
1200,3.829,1.522,1.937,80.01,82.453
591,2.528,7.874,1.307,82.875,85.633
574,3.472,5.21,1.391,75.428,70.766
517,4.582,6.269,3.536,74.862,83.237
525,3.946,11.909,1.724,76.857,80.151
557,3.742,3.699,1.899,81.729,85.236
1091,2.992,7.05,1.613,75.137,89.892
408,0.923,5.772,2.335,75.161,79.167
628,2.54,6.838,1.83,75.756,64.678
703,5.157,6.484,2.465,75.424,82.229
844,2.334,9.889,1.73,83.407,84.848
562,5.015,5.789,1.437,78.616,71.521
2136,3.311,7.282,1.679,75.783,83.708
526,2.252,7.534,3.098,75.116,82.484
861,2.42,4.965,1.469,77.805,82.692
1009,3.918,5.893,1.038,76.437,79.289
606,2.272,5.489,1.914,75.171,77.726
1294,4.461,6.811,1.182,78.226,85.019
949,2.358,5.718,3.893,80.827,87.2
1068,2.579,4.262,3.159,77.87,88.834
639,4.432,6.281,1.946,75.085,79.301
1113,3.963,5.766,1.938,73.147,71.732
373,3.622,8.26,2.39,73.142,78.969
948,3.341,11.2,3.701,76.263,72.596
610,4.715,6.249,2.258,76.272,66.701
993,2.026,5.038,3.306,74.128,81.511
938,3.448,6.974,2.632,76.376,76.612
479,4.584,4.706,1.456,76.667,73.884
926,3.613,12.243,1.567,74.767,88.456
770,3.939,5.152,1.743,73.655,75.465
879,3.534,5.71,1.825,74.337,76.028
948,4.412,4.267,2.042,77.213,85.663
779,4.193,9.924,1.748,75.128,70.229
731,3.747,14.611,2.314,79.226,68.828
1211,4.59,7.441,3.274,77.007,74.78
1023,3.455,6.138,0.314,77.222,72.992
1262,2.805,15.757,2.288,78.506,82.024
929,3.04,7.296,3.884,75.213,63.419
613,2.593,6.669,2.201,77.367,68.986
738,2.915,10.307,2.797,75.565,79.639
877,2.986,6.472,2.955,77.82,73.065
1020,2.618,11.379,1.705,75.369,70.848
873,2.922,7.124,1.785,74.327,71.813
1016,1.996,4.926,3.369,78.422,89.139
1411,2.501,4.729,1.781,77.201,73.552
1116,3.763,4.354,3.134,74.529,81.757
682,1.877,6.251,1.578,82.264,78.375
833,5.336,4.185,1.89,77.415,66.969
867,2.134,3.724,2.629,75.007,81.665
385,4.879,9.545,2.857,75.123,69.435
488,0.325,8.19,1.503,76.151,77.308
1275,2.727,8.206,2.083,80.804,67.475
1144,2.227,6.328,2.522,74.144,73.583
835,2.543,5.803,3.269,76.746,83.62
838,1.913,4.817,4.973,77.512,79.033
702,3.98,4.937,4.964,77.006,77.735
1383,1.98,6.728,1.68,75.906,74.586
1302,3.262,6.7,1.934,76.32,90.387
1099,2.847,8.105,1.67,82.484,80.064
750,3.785,5.116,0.941,79.006,81.381
667,2.483,5.836,1.103,73.789,85.034
1150,3.326,3.385,3.48,76.854,87.006
470,3.591,7.148,2.304,75.212,73.137
861,2.385,3.257,1.07,75.007,77.474
813,4.003,2.865,1.29,76.638,75.768
536,3.823,5.603,3.277,76.777,80.782
673,4.591,2.331,1.712,75.842,74.277
890,2.181,4.674,3.592,75.627,69.279
858,5.152,8.265,1.497,76.599,78.433
811,3.215,5.427,1.943,76.591,76.644
1013,2.311,6.842,2.33,76.503,81.094
1380,5.141,4.037,1.862,76.861,85.013
793,2.629,5.92,1.881,75.291,76.951
415,2.875,6.246,3.246,77.04,68.223
1028,4.198,4.118,2.085,77.327,66.325
484,4.133,2.863,3.3,78.067,76.443
699,2.557,4.735,1.061,75.088,84.824
864,2.551,8.767,1.939,78.527,77.285
379,4.505,5.622,2.216,76.928,78.394
1018,3.767,7.732,1.673,75.572,75.798
1411,0.014,6.927,2.167,78.109,82.263
822,1.039,6.969,0.491,74.489,70.46
555,3.776,5.821,1.824,74.423,70.433
807,4.157,4.834,1.54,76.322,73.818
801,4.96,6.064,2.404,83.48,83.616
675,1.976,4.571,2.279,77.266,73.078
485,4.252,8.576,2.659,77.282,74.617
560,3.356,4.969,2.775,75.219,73.224
519,4.81,4.658,1.424,76.135,76.458
1420,4.077,8.95,4.679,76.638,92.776
416,4.271,9.022,2.357,73.909,67.372
672,4.17,3.953,2.844,75.868,80.912
583,5.374,3.855,2.57,76.528,83.333
915,4.94,6.542,2.905,74.351,83.165
1014,1.954,7.165,1.439,77.584,80.547
534,4.23,4.888,1.677,77.14,81.663
1802,2.65,13.332,3.205,80.147,86.733
499,3.005,7.097,1.478,75.904,76.585
1077,5.252,9.502,3.548,77.169,83.397
620,2.274,5.002,4.66,77.723,85.305
808,2.427,4.154,2.767,76.158,82.42
623,2.906,6.149,1.445,80.889,75.03
633,2.323,4.945,2.732,75.315,81.244
822,3.311,5.628,2.059,77.853,78.117
609,2.406,12.103,2.498,77.758,80.544
675,2.909,10.651,2.206,79.763,68.542
885,4.403,8.681,1.511,76.6,71.982
832,4.104,4.796,2.871,77.709,78.109
558,4.6,6.896,1.345,77.974,90.723
921,4.049,5.639,2.885,76.997,78.633
996,3.187,5.182,6.327,76.671,92.898
960,2.826,4.796,2.121,75.229,79.705
795,2.38,6.353,2.27,77.205,75.49
954,2.008,6.444,1.849,75.664,69.62
988,3.835,0.572,3.261,76.693,85.342
622,3.239,4.805,2.3,84.66,89.918
830,3.788,5.566,2.944,74.911,83.36
814,3.591,3.706,2.835,75.051,89.886
662,2.472,4.56,3.172,76.63,77.293
802,1.793,5.181,2.916,76.751,74.316
377,3.991,6.402,1.7,74.824,76.689
1190,4.448,4.518,1.316,88.502,85.248
1240,3.896,10.39,1.576,86.49,87.483
1232,5.097,2.49,0.857,76.6,85.247
928,4.447,5.214,1.592,77.635,76.789
1006,2.554,6.993,0.873,74.262,74.367
665,3.474,5.873,4.174,77.196,74.591
866,4.266,4.626,0.451,76.274,77.582
751,2.264,6.475,1.772,76.641,84.825
567,3.975,8.345,1.089,77.84,86.617
944,2.612,5.386,1.314,75.33,83.922
502,1.523,5.453,1.593,77.834,82.427
472,4.546,4.802,2.573,73.403,68.75
599,2.304,9.872,2.688,84.805,84.607
443,2.513,10.573,2.979,77.19,73.451
707,2.503,3.798,1.285,77.903,82.183
507,5.767,5.949,3.135,76.605,80.939
592,4.748,7.647,2.193,82.256,73.387
621,3.213,1.171,2.347,77.555,89.363
864,2.028,6.923,1.606,76.781,88.84
794,3.541,13.309,2.083,76.018,81.246
1409,2.43,9.595,1.689,75.367,70.59
583,2.619,8.741,5.011,75.49,87.634
1047,3.294,5.387,1.456,77.774,81.129
670,3.02,4.785,1.762,76.812,71.282
898,4.126,16.444,1.284,77.021,73.685
775,2.251,12.076,3.099,81.86,86.471
1122,2.204,1.343,1.322,76.243,80.276
842,4.693,6.451,3.356,76.749,68.346
562,3.878,4.855,0.071,76.282,81.166
515,4.243,6.827,3.068,77.193,91.532
1025,5.04,9.14,1.935,75.686,87.255
603,5.272,4.823,6.069,72.911,86.659
620,2.873,4.15,2.934,76.714,69.911
778,5.294,8.277,1.138,85.416,71.201
520,4.144,3.902,3.237,77.704,86.901
915,5.331,7.455,3.158,76.271,65.333
985,2.313,1.867,3.35,81.591,69.876
746,1.872,4.279,1.358,75.612,70.959
945,2.535,4.136,3.347,78.594,76.241
629,3.452,10.11,3.071,76.328,69.951
965,3.479,3.542,4.077,78.721,84.289
662,2.127,4.705,2.886,77.867,89.169
670,4.221,8.013,3.007,76.406,76.566
1066,1.717,6.11,3.453,76.556,78.548
736,4.046,7.697,2.038,75.452,78.171
610,3.147,6.204,1.265,77.12,72.148
628,0.533,7.471,1.735,76.542,70.406
856,3.606,9.143,2.233,76.228,71.857
631,4.398,5.279,1.076,75.257,82.553
1067,3.534,5.552,2.853,81.601,80.849
820,3.154,5.14,2.763,77.451,76.182
781,2.093,5.556,2.752,77.136,73.836
686,2.382,7.634,2.001,81.551,83.701
895,3.437,7.939,1.573,74.441,86.376
1217,4.14,5.014,1.77,85.2,84.29
767,2.648,6.395,1.973,76.955,80.798
451,2.43,4.684,1.662,75.907,76.316
700,2.494,11.791,3.179,84.144,81.632
917,2.3,4.672,1.26,84.168,81.333
915,3.552,7.386,2.909,75.477,78.827
479,2.374,5.232,2.788,84.374,87.832
700,3.376,3.993,1.386,81.577,79.535
998,2.149,9.006,2.012,83.984,83.414
583,2.251,4.179,1.823,77.564,88.332
549,3.257,5.422,2.084,77.935,87.29
1683,2.987,6.597,1.947,77.199,72.606
795,3.201,1.7,2.824,76.427,70.499
419,2.537,6.904,2.44,73.633,74.807
852,5.325,3.744,5.705,76.567,85.687
729,4.081,8.849,0.944,77.633,67.83
823,2.699,6.357,1.238,75.654,76.261
728,5.285,7.368,2.692,75.657,80.351
985,2.906,4.235,1.798,80.362,91.841
1087,1.801,5.997,2.778,77.253,75.141
855,4.242,16.198,1.158,78.501,85.426
1000,2.738,7.05,2.979,77.641,70.936
585,2.448,5.081,2.571,75.341,80.898
695,2.616,6.41,1.889,83.816,77.858
805,2.361,3.327,2.911,76.686,86.049
605,5.597,3.332,1.34,76.381,76.988
641,4.333,8.516,1.889,77.099,81.043
834,2.582,8.56,1.665,75.02,73.863
1369,2.101,3.784,2.345,85.407,75.179
589,3.902,5.367,0.929,74.584,75.882
451,2.608,10.483,4.595,78.365,77.337
639,3.163,7.307,1.713,81.77,73.494
1376,3.435,4.178,4.356,77.061,73.332
800,2.343,4.648,1.48,76.078,77.958
514,2.42,6.485,1.752,83.131,83.15
672,2.47,6.813,1.735,76.55,76.107
859,5.544,5.705,1.874,81.431,74.728
950,3.212,7.268,3.023,76.399,88.041
799,3.136,7.741,1.323,87.661,80.171
1237,2.603,6.693,2.069,80.176,82.184
907,2.683,4.186,1.52,78.884,76.871
432,2.016,5.119,1.441,76.924,76.345
913,2.631,16.444,1.952,77.587,83.237
975,2.993,5.716,2.948,80.507,76.269
836,5.415,9.859,3.594,77.871,68.727
906,3.123,4.836,1.963,86.668,71.673
581,3.617,6.159,2.482,80.37,81.422
1402,3.824,8.801,4.073,78.386,77.925
686,2.259,4.611,2.826,77.427,91.004
765,2.355,7.233,3.76,77.818,73.079
565,3.439,12.036,1.418,76.328,89.323
1144,3.17,3.523,4.036,83.326,82.721
686,4.086,5.813,2.505,76.008,88.995
705,3.395,13.888,2.356,75.157,73.321
787,3.666,2.695,1.83,83.974,80.773
872,3.875,4.973,2.021,78.171,85.774
1501,4.652,2.742,2.554,77.804,75.847
554,2.609,5.575,2.015,74.014,81.98
813,2.286,4.934,0.717,75.976,69.054
715,3.244,4.64,1.618,77.731,79.323
700,2.733,6.782,2.561,74.541,71.295
625,2.445,6.912,1.961,74.635,84.999
609,3.208,5.929,1.914,74.944,76.545
684,5.103,6.799,4.612,74.919,76.253
1132,2.315,6.785,1.694,81.996,80.016
735,4.48,14.005,1.36,76.676,70.716
883,3.163,14.894,1.464,80.403,77.148
859,2.194,6.031,1.303,78.414,83.013
615,4.088,6.332,1.353,76.352,72.935
742,0.278,4.286,1.842,75.337,81.712
902,2.656,4.166,2.674,77.271,78.641
809,2.838,6.463,3.32,76.465,73.635
1146,3.105,5.771,1.185,75.898,76.75
615,2.688,10.201,2.642,73.53,75.654
838,2.997,12.215,1.98,74.879,86.565
1218,2.667,4.415,2.622,76.565,79.822
846,4.175,5.372,2.366,73.393,72.746
978,4.249,7.006,2.569,77.244,74.842
1079,3.084,14.963,1.524,84.317,80.925
561,3.871,5.621,1.644,76.856,76.219
564,4.469,5.765,1.305,74.776,72.134
978,2.025,6.62,1.534,79.596,79.875
768,2.733,13.65,2.112,77.16,81.13
761,1.977,7.282,1.991,75.791,87.534
916,4.962,10.678,2.024,76.165,73.05
1422,3.464,8.875,0.612,75.947,78.622
899,4.453,4.763,1.252,84.76,80.686
566,2.275,5.753,2.608,75.573,76.002
690,5.406,4.415,2.583,79.777,78.976
591,3.92,0.327,2.934,76.439,70.292
864,2.231,7.84,2.343,78.049,79.911
700,2.198,6.468,1.757,77.026,83.061
662,2.213,5.507,3.845,76.099,77.182
1076,4.461,8.998,3.122,81.325,75.209
599,2.234,4.7,2.41,75.263,68.266
641,3.05,7.86,1.367,77.068,81.348
950,2.728,4.683,0.984,76.829,80.781
1488,2.779,6.343,1.448,80.272,86.908
895,3.583,6.139,1.911,76.293,84.261
440,2.908,7.184,1.77,77.277,78.649
646,4.626,9.328,2.121,73.991,75.556
1375,3.953,3.9,1.553,77.412,71.035
604,2.521,10.864,1.195,74.87,72.48
790,4.289,5.112,5.124,74.831,78.974
716,2.954,7.622,2.368,76.947,67.627
722,5.659,6.287,1.614,73.32,81.661
572,4.076,10.82,3.517,79.893,65.888
593,4.821,7.182,1.774,75.086,69.436
721,5.588,3.723,1.36,77.812,85.02
1004,3.354,4.378,1.284,74.392,71.684
734,2.948,4.838,5.421,82.755,78.643
972,2.966,5.035,3.23,78.017,84.635
879,3.211,3.584,1.694,83.542,75.292
630,2.581,5.258,2.666,84.845,74.689
814,2.959,3.346,2.801,82.486,78.067
535,2.064,6.755,2.633,84.458,77.849
735,4.451,11.761,4.367,75.299,72.961
743,2.298,5.646,5.305,88.477,83.146
1001,3.091,5.143,3.039,82.239,87.057
1203,2.665,2.359,1.203,78.102,67.946
1060,0.311,6.537,1.504,74.827,74.969
922,2.364,7.737,2.034,76.756,78.214
1650,3.764,4.054,3.231,86.196,84.995
1157,4.516,4.628,2.788,75.297,82.764
1487,4.722,6.81,2.763,82.256,72.566
473,2.631,15.833,3.27,75.184,74.674
424,2.885,4.459,1.692,79.795,91.483
562,3.192,8.513,3.411,76.866,72.906
835,3.255,8.559,1.29,75.898,76.278
584,2.576,4.619,2.803,77.314,63.539
418,5.726,6.719,2.387,76.227,84.474
903,4.76,2.592,1.474,80.551,82.076
572,3.981,6.782,1.483,76.706,84.057
1072,1.846,5.851,2.414,73.215,76.252
668,2.367,4.4,1.563,74.14,75.595
571,2.754,7.682,1.729,76.335,69.324
479,2.316,5.057,4.823,84.089,83.695
429,4.264,12.201,2.769,87.373,90.017
731,3.361,4.035,3.742,77.848,76.557
440,4.014,7.094,3.524,77.647,67.793
516,2.014,7.454,1.0,76.274,72.964
477,2.493,3.568,2.616,82.936,73.936
1265,2.353,10.167,2.473,76.291,84.679
921,4.015,5.81,2.266,78.2,75.768
468,1.871,7.339,1.333,79.858,82.895
481,1.92,2.625,2.98,77.393,70.778
680,3.945,1.359,1.803,78.355,77.953
751,2.617,4.788,1.671,77.237,87.368
401,3.224,9.12,2.75,76.013,67.906
504,3.938,7.158,3.66,74.412,67.064
611,5.468,9.405,3.279,74.281,78.286
1138,4.246,3.152,2.992,76.548,73.103
1338,3.024,6.375,2.831,74.466,79.261
455,2.881,4.396,1.883,75.584,78.842
820,3.201,7.561,2.603,88.135,75.979
806,2.867,14.668,2.348,76.282,76.279
1101,1.994,4.905,1.172,77.903,93.319
1167,5.453,8.87,1.819,78.505,81.961
546,3.609,6.95,3.418,75.368,86.193
958,5.373,0.854,2.615,76.746,74.697
653,3.045,4.906,1.964,77.141,77.135
874,2.18,5.193,1.354,76.561,72.372
1090,2.288,6.742,2.826,75.946,75.068
583,2.635,15.98,1.767,76.931,77.737
944,3.59,6.624,2.338,79.146,76.938
696,4.232,6.737,2.968,75.069,84.233
674,2.849,5.071,1.872,76.078,82.981
552,2.793,4.857,2.766,79.764,74.176
1758,2.573,17.701,1.673,81.208,86.358
842,3.102,2.616,2.157,76.643,76.894
359,4.496,5.531,2.542,78.453,82.119
664,3.468,8.723,4.473,76.944,74.957
862,2.235,6.666,1.714,76.098,84.616
1346,2.42,4.921,2.52,77.275,75.71
574,4.942,3.019,2.013,75.642,78.471
1096,5.769,11.289,1.806,75.028,81.043
587,5.004,5.891,2.058,77.46,81.017
730,5.518,7.144,2.369,74.408,84.017
830,1.997,3.575,1.436,78.202,75.504
854,1.593,4.785,2.549,77.065,77.058
790,3.017,9.78,2.61,77.351,75.278
466,2.657,6.58,2.685,78.388,73.958
614,2.862,5.641,1.913,75.802,81.324
889,4.855,4.006,1.435,77.582,71.772
1807,3.728,14.14,4.447,77.008,90.369
677,3.015,6.889,1.459,77.435,85.862
371,2.612,4.617,2.077,75.25,78.85
587,5.118,6.016,2.46,76.7,77.058
538,4.322,8.6,0.804,85.069,65.29
631,2.569,6.309,0.769,77.151,74.805
577,3.781,1.785,1.75,77.766,69.237
711,4.011,5.801,2.638,74.398,83.882
538,3.723,5.26,3.369,74.328,83.625
749,2.418,11.541,2.526,75.402,80.87
919,5.402,4.684,2.804,80.96,84.103
534,2.51,4.653,2.656,77.35,84.13
687,2.797,6.938,2.371,77.948,79.996
845,2.181,11.862,1.934,81.54,77.447
422,2.775,5.577,2.491,76.631,68.386
787,3.055,4.68,2.604,76.384,81.875
733,5.838,5.886,3.908,76.909,80.905
871,3.718,5.128,2.831,84.852,80.4
660,3.144,4.332,3.807,84.69,81.908
688,3.82,7.314,4.354,80.033,71.501
567,4.98,8.831,3.102,74.776,90.569
709,3.181,7.343,2.037,76.892,79.525
1004,2.339,7.422,1.237,78.248,81.774
637,0.526,6.002,3.169,75.217,81.195
1127,2.992,7.472,1.698,74.087,78.734
898,2.918,1.681,2.24,74.806,79.695
711,5.642,6.329,2.637,77.127,75.24
521,5.184,8.454,1.561,77.562,79.155
496,2.691,3.478,1.829,74.955,67.492
517,2.841,6.451,1.974,77.238,80.302
1227,3.12,6.311,2.605,75.922,66.123
658,3.717,2.848,5.616,76.223,71.13
837,4.668,5.689,5.296,74.839,90.849
1017,2.742,6.369,1.11,76.096,72.99
626,4.041,6.296,2.759,78.601,83.517
790,3.525,1.757,2.433,80.65,71.488
462,3.533,6.938,5.998,77.045,65.763
607,2.838,10.788,2.412,83.81,75.971
1369,2.089,4.985,1.918,74.582,88.099
801,3.718,9.593,2.466,75.076,67.726
594,4.729,2.438,1.335,75.555,74.193
692,2.551,6.084,2.445,76.403,79.151
805,4.475,5.125,2.844,85.566,71.045
954,4.478,4.965,4.296,86.323,78.232
668,3.543,5.208,1.021,85.523,73.419
926,2.403,3.523,0.519,84.228,83.116
368,3.135,12.24,2.168,74.971,93.264
1011,2.474,6.677,1.932,75.723,71.82
452,3.444,5.625,2.314,74.085,78.498
1035,1.886,8.411,2.727,77.276,73.577
1507,5.112,5.323,1.073,77.103,79.966
737,3.502,7.666,3.194,80.918,85.216
799,5.873,7.153,3.433,78.061,74.637
751,4.389,10.214,6.142,76.067,67.641
658,2.507,5.302,1.62,85.931,78.004
932,2.731,1.904,2.034,76.446,71.423
696,2.994,11.699,2.267,80.159,88.18
988,4.656,8.617,1.634,79.561,73.744
589,3.771,4.738,1.387,74.748,80.83
976,4.838,3.848,1.34,76.022,77.6
854,4.025,7.537,1.635,84.208,72.457
838,2.12,10.656,1.706,81.972,84.701
1329,3.589,6.446,2.611,76.126,76.579
501,4.167,8.329,5.142,76.695,77.378
587,1.978,4.907,2.194,74.928,87.23
960,3.652,9.396,3.338,76.622,86.445
682,2.586,5.344,2.806,83.263,72.925
1151,2.765,6.198,2.718,77.78,81.903
839,1.978,5.777,2.441,75.304,73.231
704,4.647,1.931,3.362,78.122,75.736
489,4.471,7.377,1.206,80.625,70.107
835,2.62,6.813,3.156,80.399,83.428
569,3.15,8.261,2.788,76.078,84.2
548,2.229,11.452,2.379,74.885,77.877
1266,2.359,3.591,1.871,75.616,82.568
916,4.082,4.945,1.643,77.158,76.383
587,3.461,6.104,4.596,78.226,88.368
1023,5.043,12.864,2.847,76.326,79.176
918,3.679,7.517,2.709,76.897,78.908
488,4.241,8.059,3.118,74.138,75.598
630,3.117,5.705,3.294,74.517,85.52
1256,2.496,3.296,2.892,75.222,85.614
805,2.258,4.618,2.758,76.226,81.26
712,2.006,5.233,1.802,77.856,83.448
435,2.073,5.463,1.738,77.988,89.645
714,2.976,17.091,2.005,79.999,73.384
869,3.501,5.059,1.613,76.083,76.066
910,2.752,10.757,2.576,76.618,78.802
684,3.709,6.43,1.338,77.68,84.04
1367,5.065,8.002,3.551,76.437,88.521
780,2.805,14.771,1.934,74.684,79.049
848,2.853,3.837,1.386,76.378,66.465
715,3.019,13.771,3.184,86.195,64.736
549,4.263,5.885,3.152,73.952,81.321
690,4.592,9.031,2.145,85.121,73.623
920,3.492,10.955,2.275,78.06,73.824
1055,4.038,4.45,2.827,76.474,81.21
1101,2.479,5.67,3.024,77.162,71.472
785,3.166,7.024,1.638,76.938,84.322
517,4.173,7.393,1.902,72.655,81.791
923,2.875,6.552,2.651,85.448,86.426
658,3.138,5.606,3.527,75.561,73.958
377,4.531,4.751,1.529,75.798,74.03
686,2.422,4.293,3.204,77.398,82.348
996,3.25,8.401,3.808,76.001,70.007
816,2.828,4.069,1.953,76.524,80.935
617,4.525,3.117,2.914,80.521,72.234
863,1.23,4.014,2.177,80.343,75.781
1242,1.876,6.013,2.349,87.196,80.343
1150,3.499,4.032,3.18,82.307,75.143
985,3.658,3.692,2.109,77.773,84.187
630,4.64,7.638,4.303,76.313,70.094
528,4.173,2.461,1.642,75.749,75.422
866,3.661,8.665,1.223,86.16,80.815
941,2.806,11.452,1.216,81.67,75.938
697,2.673,6.821,2.256,79.802,76.775
923,3.173,7.873,1.835,84.854,77.224
1077,4.148,7.639,1.464,76.268,80.635
919,3.932,5.42,2.656,76.078,81.985
883,4.124,5.671,4.283,75.464,86.039
671,3.046,2.085,1.917,76.925,78.56
845,3.332,17.29,2.228,84.037,80.621
619,4.44,2.447,2.093,76.604,84.033
680,1.798,8.624,2.984,75.331,73.618
496,2.216,5.896,2.726,78.456,72.277
1170,3.909,5.974,2.527,77.9,82.905
574,5.124,6.041,0.832,76.624,66.077
995,2.19,7.963,2.95,76.832,78.089
1608,3.928,8.559,1.392,76.261,72.546
670,3.637,5.389,1.809,76.369,80.452
638,3.281,4.93,2.378,76.446,81.582
532,2.468,5.625,1.493,77.38,83.939
1138,5.818,4.444,1.205,76.559,71.155
710,3.546,10.535,1.361,81.979,87.323
530,3.196,5.898,3.127,78.066,79.404
1315,4.25,7.117,3.214,75.836,78.188
730,3.64,6.792,1.62,77.027,77.0
785,2.507,6.377,3.33,74.687,77.965
1202,3.014,9.003,2.615,78.242,83.458
996,4.895,11.871,4.195,76.633,76.046
851,2.929,4.97,2.963,74.952,73.743
740,2.359,7.147,1.53,76.443,80.064
443,3.858,3.834,2.512,75.429,68.36
651,3.263,7.437,3.337,76.708,75.461
520,3.857,5.6,3.334,76.585,92.938
436,1.837,9.348,3.396,74.77,70.106
1219,2.236,5.566,1.252,80.776,80.867
474,5.675,8.599,2.45,75.635,70.493
531,2.753,3.743,2.564,77.007,67.64
909,4.004,5.538,2.286,78.416,82.018
767,2.792,5.948,2.138,79.692,75.63
644,4.112,6.121,2.506,74.092,70.415
746,2.325,7.156,1.945,81.412,75.705
628,1.999,8.219,1.457,76.245,92.029
993,2.426,4.951,1.677,75.958,77.693
447,3.678,10.114,3.207,80.29,81.973
453,3.137,3.664,2.594,75.454,67.959
526,4.014,6.687,2.104,77.72,74.335
1233,2.342,4.721,1.303,76.942,79.329
968,2.962,5.093,1.098,75.53,81.091
895,2.21,3.467,1.006,77.381,83.268
816,2.655,5.123,2.636,75.659,79.896
1753,2.773,12.397,2.865,78.868,67.161
567,2.837,12.457,2.991,79.355,75.972
951,4.822,5.9,2.092,74.301,87.531
904,3.243,1.418,2.474,82.016,77.393
802,3.404,9.789,1.786,79.418,82.633
730,3.095,3.966,2.547,79.616,80.669
585,2.425,7.696,1.148,77.515,82.631
804,4.359,5.002,1.667,73.857,80.413
1084,2.71,8.387,1.53,77.412,83.396
1163,3.554,5.067,1.766,77.394,82.313
538,4.202,5.79,1.475,75.652,78.06
1123,2.21,5.535,1.773,77.227,83.675
709,2.546,4.151,2.665,76.47,70.278
925,2.961,6.748,4.78,77.345,81.812
821,4.748,5.807,2.792,88.304,82.119
733,1.841,7.068,1.204,77.142,89.267
407,2.06,7.772,1.722,75.741,67.702
723,2.447,10.108,2.053,74.926,80.516
1512,2.723,9.802,1.169,76.256,78.2
770,3.287,13.466,3.54,77.644,73.615
461,4.061,4.396,4.288,80.896,78.935
1054,5.131,6.666,2.092,76.051,70.218
557,2.179,5.41,2.747,81.208,83.913
992,2.408,6.788,3.708,74.743,77.185
591,4.124,6.536,3.204,82.157,81.215
509,2.031,5.931,3.229,76.963,88.915
907,2.365,9.173,2.782,83.628,72.252
1102,4.988,4.524,4.753,76.906,89.299
441,3.845,8.322,2.981,78.19,71.801
644,5.346,6.313,4.356,75.125,71.324
1149,3.035,8.349,1.629,76.317,73.82
575,3.492,10.095,3.461,75.62,88.143
636,2.373,5.362,1.176,75.556,78.442
997,2.403,6.784,1.657,74.342,80.989
653,2.604,11.178,3.349,76.721,74.559
677,3.229,8.62,2.019,76.699,82.019
645,2.892,6.714,0.992,77.604,70.122
516,2.591,6.132,1.869,81.084,73.72
748,2.919,4.339,1.982,75.818,83.539
812,1.868,5.768,2.604,77.54,67.155
405,2.696,4.443,1.863,75.958,81.948
551,2.417,9.854,2.885,73.451,87.617
871,2.174,5.507,2.474,74.569,87.213
573,4.436,3.148,1.612,75.806,82.436
623,3.569,7.719,4.364,82.231,79.999
1136,2.691,6.414,1.848,83.63,88.24
754,0.374,4.572,2.244,74.078,78.583
1147,2.582,4.207,2.095,77.423,90.961
758,2.919,5.256,1.609,76.321,76.214
861,3.098,6.762,2.037,77.855,73.973
868,4.718,7.393,1.522,75.628,78.141
499,4.565,17.629,3.653,76.718,78.149
519,3.983,3.98,1.645,76.703,81.591
773,2.529,10.582,2.706,73.755,79.385
860,2.909,10.721,1.321,74.898,73.141
649,2.423,1.396,1.452,76.455,84.701
830,3.743,6.903,1.762,78.273,83.348
458,2.66,5.225,3.099,77.086,73.936
435,2.646,9.246,1.967,74.994,87.94
556,2.658,13.727,2.33,75.342,69.244
1491,4.37,5.194,1.035,77.504,72.206
1069,1.678,4.981,3.203,72.767,72.213
705,2.822,4.884,1.794,76.831,85.665
568,2.661,8.024,2.36,80.9,75.51
838,3.825,4.06,1.361,75.265,74.001
625,2.78,9.86,2.211,75.14,80.188
733,4.54,3.974,4.09,78.539,79.908
1045,3.387,6.474,2.052,76.78,78.51
1335,3.106,10.273,4.118,74.086,79.926
906,4.134,3.833,1.712,86.457,81.031
675,4.428,6.095,1.676,78.506,80.49
704,4.727,8.063,1.542,74.114,73.084
934,4.389,10.074,5.565,76.597,86.474
1342,3.594,5.589,3.181,76.397,71.628
659,4.496,5.979,5.867,76.96,83.498
1427,4.814,11.763,2.879,77.975,80.238
609,2.637,10.031,6.971,74.617,76.636
437,3.574,11.626,1.594,75.837,84.032
722,1.98,4.24,5.251,75.495,83.723
720,3.23,7.168,1.264,75.095,76.836
529,3.786,8.047,3.325,75.229,73.991
442,5.07,5.514,1.65,75.911,70.463
876,4.747,3.129,0.351,77.31,72.672
438,2.55,2.512,1.639,78.775,73.31
646,3.106,4.611,0.945,81.463,86.151
435,4.306,7.944,3.157,77.473,79.427
391,2.073,10.823,1.633,76.1,74.327
1590,2.939,10.248,1.257,76.847,77.578
1308,4.937,6.079,1.457,76.065,74.641
960,4.348,5.809,2.487,76.881,73.305
727,2.824,9.105,3.508,79.985,76.003
573,2.601,7.682,2.257,82.325,73.401
469,0.558,3.797,2.534,75.502,84.34
598,3.306,11.886,3.038,76.994,69.151
1348,2.405,4.619,3.083,76.155,74.671
1342,3.697,2.865,2.796,78.182,91.456
978,4.367,8.251,3.229,77.773,82.523
860,5.038,6.185,1.029,75.481,81.115
758,2.651,6.837,2.943,75.208,85.012
456,2.19,6.122,2.672,76.444,78.635
1023,3.527,7.69,1.681,82.139,85.686
1168,5.209,8.069,1.094,76.858,74.638
1357,3.691,6.469,2.613,82.9,78.71
655,2.711,5.944,2.488,75.984,72.754
753,2.544,6.894,2.9,77.848,74.059
903,2.377,5.644,1.144,77.019,74.686
771,4.265,5.676,5.563,85.025,82.469
633,2.157,15.124,1.611,77.051,75.555
828,3.196,8.561,2.308,85.825,75.126
526,4.471,14.203,3.111,83.583,76.82
1326,3.272,12.161,1.805,76.821,73.468
1245,3.171,4.91,2.819,76.656,80.073
900,2.562,3.584,1.948,79.45,84.849
613,3.099,8.228,2.267,87.079,88.119
697,2.153,5.921,0.051,75.028,69.921
532,2.918,11.505,2.774,74.429,77.104
485,2.03,6.119,3.303,75.706,86.913
775,2.595,7.779,1.857,75.046,69.939
792,4.274,6.724,2.223,76.861,90.038
557,2.155,9.899,1.731,76.285,89.471
790,1.825,4.518,2.697,75.753,92.719
606,2.516,5.785,6.091,76.725,75.825
645,3.886,11.869,3.211,76.081,77.65
695,5.052,2.384,1.783,76.302,70.098
692,5.008,4.91,2.079,87.768,73.187
885,1.887,6.353,2.356,77.225,81.451
811,5.269,14.835,0.42,76.718,81.664
779,3.031,5.773,2.993,72.665,73.581
453,4.611,8.631,1.486,81.924,80.964
818,2.491,2.973,2.86,75.517,80.293
1149,4.257,11.988,1.682,76.517,84.087
798,2.798,10.389,1.593,81.657,67.181
593,2.287,2.976,2.241,79.707,83.984
742,2.178,5.658,0.96,83.64,72.811
599,2.234,11.548,2.109,84.202,80.019
540,2.392,4.38,2.036,76.703,77.044
792,2.373,5.942,1.652,77.85,82.039
1377,1.822,4.342,3.099,76.027,93.145
855,2.387,8.89,1.264,74.786,89.422
894,1.898,7.141,1.344,83.331,85.457
826,2.632,3.024,1.409,76.013,78.446
1067,3.56,7.199,2.026,76.645,82.264
464,3.141,5.701,2.711,76.151,79.167
747,2.301,6.491,2.247,73.69,82.892
665,3.764,6.455,1.739,74.991,79.425
479,2.128,4.285,3.054,78.523,83.854
1288,2.223,4.787,2.834,78.004,72.267
617,4.866,4.585,1.962,80.012,70.535
1478,3.677,3.574,3.089,77.015,81.219
809,1.87,6.828,4.771,75.223,82.918
505,2.241,7.022,2.193,79.353,83.057
927,2.127,6.485,2.947,76.492,79.776
1221,4.701,17.711,1.687,85.252,92.651
1050,1.862,8.127,1.76,76.9,84.718
1245,3.545,5.579,1.311,80.258,85.475
1243,1.842,3.982,2.612,77.496,83.328
825,2.438,2.94,1.267,84.303,81.656
752,3.438,7.367,0.38,75.63,88.23
555,2.073,5.503,4.02,77.553,75.509
446,3.298,9.219,1.983,76.1,70.184
888,2.898,5.806,1.195,77.282,70.527
525,4.298,6.14,5.341,78.014,78.76
629,3.201,4.884,2.043,82.212,77.805
745,3.107,2.557,2.898,75.978,78.253
601,2.03,6.367,2.569,78.13,83.494
805,4.127,7.038,1.581,85.505,72.758
586,3.717,7.015,2.088,75.031,73.261
628,2.658,5.624,4.633,74.614,81.601
685,4.138,7.068,3.124,76.844,75.38
1137,4.134,4.536,1.71,75.122,64.64
664,3.272,9.393,1.306,76.32,84.138
697,2.56,6.186,2.762,75.424,75.563
537,2.078,7.797,2.793,81.186,87.057
955,5.524,8.484,2.083,76.161,72.019
624,4.693,5.338,1.955,84.213,75.397
783,4.091,5.075,1.413,78.48,71.902
433,1.847,6.544,3.009,75.801,83.086
979,2.295,6.927,4.217,82.119,83.89
606,3.245,5.439,3.548,76.74,85.287
620,4.085,5.916,1.931,83.642,88.313
737,3.115,10.546,2.543,74.969,80.243
667,3.126,5.394,2.573,76.385,79.779
1200,3.556,2.189,2.001,74.891,73.853
815,3.809,8.06,1.449,76.011,74.311
936,3.592,6.01,2.347,77.2,75.424
495,3.98,7.59,2.068,75.892,72.714
537,4.783,7.62,1.37,78.017,82.299
795,4.677,7.56,0.774,76.921,78.651
1117,2.657,12.668,1.106,77.143,84.082
494,3.224,5.419,1.676,76.827,75.778
570,2.692,8.216,3.057,82.997,67.075
681,5.468,6.316,2.978,75.05,74.822
975,4.037,6.436,0.73,77.169,84.624
763,2.68,5.707,3.085,76.612,81.384
1047,4.124,2.009,2.927,77.106,67.869
642,4.072,4.658,1.395,77.615,68.612
1219,3.147,8.95,1.166,74.683,72.54
689,2.591,4.298,1.1,87.073,87.357
660,2.096,4.238,2.235,77.037,77.917
758,2.04,7.395,0.186,82.761,76.012
604,2.281,4.249,3.486,75.169,77.924
985,2.555,2.402,6.62,76.372,72.662
1060,2.807,6.863,1.315,84.638,77.681
685,2.239,2.452,2.154,76.381,78.743
1294,4.417,12.57,2.446,77.415,72.181
584,2.04,8.196,1.592,74.331,78.71
825,3.585,5.337,2.193,83.055,83.552
471,4.405,5.578,2.105,78.621,85.825
916,3.031,1.685,2.846,78.472,84.088
617,4.103,19.159,2.912,83.374,78.543
581,2.509,7.456,1.955,77.225,81.393
620,2.141,7.807,3.096,87.643,81.711
1569,2.982,2.97,2.594,75.338,85.904
1020,4.755,7.135,2.379,76.279,65.661
1075,2.536,2.625,1.164,74.847,85.262
1222,2.117,8.834,2.896,74.17,76.72
1047,3.138,6.667,1.943,75.099,71.456
562,2.43,3.996,1.576,76.559,85.426
786,4.09,6.255,2.023,75.629,81.815
489,2.472,1.675,2.434,77.251,75.687
715,4.177,4.21,1.121,75.963,68.942
1159,2.774,5.309,2.29,75.058,81.448
734,4.367,4.518,1.524,78.099,70.198
803,4.266,5.329,1.622,75.567,73.023
1064,3.997,4.175,1.681,76.405,74.546
780,2.868,4.771,1.409,75.476,77.662
851,4.077,7.885,2.256,81.85,76.36
687,3.644,7.679,3.374,82.751,74.963
696,5.105,4.374,1.404,75.878,78.387
717,4.934,5.911,2.474,75.83,74.523
559,3.283,11.587,1.005,76.058,83.013
494,3.242,6.728,3.106,73.517,84.58
689,4.498,6.778,0.961,85.164,73.571
1449,3.49,5.68,2.611,78.332,82.938
560,3.789,9.24,2.859,76.115,75.284
627,2.169,6.298,1.503,75.632,85.286
589,4.199,11.249,1.842,74.644,71.529
796,5.49,10.106,2.339,76.568,78.612
866,4.684,8.392,4.536,75.922,81.695
1122,3.161,6.012,2.748,79.27,71.605
889,2.305,2.15,2.056,78.706,75.96
560,3.937,6.137,3.932,76.716,85.59
549,3.718,7.49,2.147,77.521,86.708
1523,2.724,6.446,1.597,75.7,72.007
841,3.799,9.095,4.804,75.872,81.73
793,4.737,10.07,3.224,77.594,68.459
851,3.078,12.744,2.522,78.787,81.439
1038,3.882,8.209,1.341,75.396,76.975
2085,3.048,7.317,1.427,76.988,76.024
461,2.592,5.311,1.745,75.771,73.715
1045,2.77,6.13,2.229,84.667,84.281
1606,4.399,5.503,1.675,76.974,87.886
499,2.374,4.048,3.201,77.178,85.193
782,1.961,8.564,2.512,76.438,77.371
651,3.7,6.033,3.148,75.021,79.999
791,2.955,6.202,1.837,76.163,85.101
519,4.444,5.219,3.295,80.097,84.055
979,2.172,4.883,2.557,78.135,78.366
654,4.218,7.335,1.508,76.227,73.262
1252,2.885,9.087,2.718,76.735,78.506
953,4.524,6.591,1.83,76.367,89.383
1056,3.571,6.319,2.697,76.97,77.289
1299,3.108,5.691,1.4,85.529,81.048
892,2.856,4.728,1.443,77.658,74.963
521,2.884,10.488,2.48,82.169,82.051
936,4.191,4.705,2.597,77.014,83.213
1379,2.836,5.097,6.058,78.417,76.392
660,4.639,5.296,1.515,76.124,68.242
717,2.677,5.742,1.86,73.517,77.503
452,4.438,7.027,2.968,74.131,86.984
774,3.179,6.303,3.096,75.68,72.155
1066,2.271,4.076,1.124,87.947,86.744
1020,2.917,11.686,2.803,76.667,77.559
729,5.09,15.034,2.122,83.394,76.34
924,4.407,5.248,1.808,76.06,76.612
578,2.593,5.767,1.88,74.723,81.677
508,2.157,7.648,2.202,75.656,78.675
426,4.954,11.624,3.156,76.465,85.782
496,3.393,9.544,2.007,75.574,91.236
534,2.623,4.131,3.578,75.592,70.183
669,3.086,5.721,3.176,78.68,74.282
540,2.325,7.125,2.761,75.888,93.334
761,3.532,6.155,2.648,76.714,72.193
546,4.474,6.124,2.14,76.206,82.005
776,5.117,6.293,2.598,76.899,79.602
689,4.275,16.573,1.85,85.839,81.484
916,3.947,4.295,2.284,77.756,69.825
1355,3.557,6.338,3.149,87.025,93.046
607,3.596,5.223,2.077,76.876,70.133
694,3.022,5.89,1.622,75.092,79.449
850,2.881,5.457,2.753,79.946,88.687
494,4.427,6.222,1.348,76.942,75.635
675,2.995,2.253,1.539,74.429,91.169
576,2.491,6.667,1.849,83.782,77.897
382,4.661,4.121,2.092,75.394,75.348
679,3.08,7.776,3.395,76.56,77.218
1110,1.783,6.422,0.872,76.912,88.892
983,4.063,3.54,1.447,77.896,82.246
589,3.352,4.44,2.938,79.171,89.656
856,4.092,4.657,2.01,78.604,91.452
717,3.771,4.73,3.188,76.674,82.514
866,2.445,14.898,1.227,76.815,83.692
519,0.837,4.981,2.604,76.41,78.239
878,2.83,4.614,1.319,84.152,78.562
499,1.968,2.666,1.546,74.803,81.535
979,2.36,6.953,3.541,76.063,79.19
1011,5.193,5.573,2.766,76.239,85.537
566,4.467,5.38,1.376,75.485,75.067
576,3.88,7.478,1.608,76.571,83.316
812,3.041,6.704,3.66,78.533,86.0
483,5.203,8.907,1.924,79.877,87.722
1082,2.234,3.657,2.25,75.936,82.124
785,2.344,1.947,1.604,76.212,73.715
1386,4.278,4.245,5.808,86.686,86.437
465,4.206,6.59,2.532,73.689,80.532
539,2.624,12.588,2.081,83.324,68.67
694,3.917,6.721,1.525,84.501,72.132
392,3.964,7.285,2.999,75.674,73.418
814,4.287,4.947,1.078,75.656,76.347
692,3.85,5.335,1.344,75.105,84.726
1099,2.884,9.056,1.352,84.161,70.666
495,2.916,5.296,2.602,76.777,82.922
811,4.03,4.337,2.981,76.607,70.468
654,3.889,6.338,3.439,78.204,84.516
586,1.984,8.842,1.821,78.119,84.346
942,2.481,1.924,1.442,75.393,89.558
966,6.141,4.724,1.5,76.689,73.861
1448,2.344,8.355,2.018,74.662,87.12
1251,3.869,9.566,1.922,77.99,75.046
616,4.858,4.415,2.707,77.042,74.427
780,4.235,6.155,3.089,76.443,75.868
663,4.207,3.989,1.221,76.755,84.643
794,3.939,6.236,3.015,76.736,75.479
835,2.124,5.155,2.852,75.618,73.225
652,4.709,1.796,2.061,78.148,82.853
724,3.477,3.358,1.113,86.546,82.522
976,3.404,5.733,3.25,78.168,70.376
858,3.361,6.634,1.224,77.032,84.148
1468,4.507,11.572,2.464,77.844,77.183
510,3.14,9.164,1.323,75.914,76.914
519,4.039,3.859,1.007,85.122,75.823
474,1.725,4.705,3.022,73.47,78.749
672,2.575,8.353,3.447,81.721,80.715
411,2.56,6.507,2.992,79.686,74.932
812,3.701,4.478,3.379,73.787,70.169
392,1.91,6.344,3.35,72.54,76.055
1016,3.391,4.929,3.026,81.503,85.193
475,4.089,5.644,1.221,75.032,81.115
438,2.874,6.378,2.203,83.569,67.527
1502,4.93,6.597,1.054,77.261,78.571
587,2.176,3.171,4.008,77.507,77.462
421,3.119,3.49,2.026,76.012,80.272
493,4.987,5.489,4.296,77.87,79.193
700,4.136,9.993,1.181,83.233,76.088
730,3.675,12.629,2.669,75.175,73.753
1272,3.797,6.709,3.506,73.112,83.284
656,1.94,4.439,1.556,77.842,78.402
620,3.72,3.355,2.849,80.659,66.803
1374,2.657,6.284,1.267,76.344,65.362
842,3.335,7.99,1.652,74.662,69.516
800,3.403,5.07,2.424,75.858,75.296
551,3.273,5.556,2.28,73.633,70.708
763,5.071,4.683,2.549,85.756,84.705
991,3.535,9.83,3.0,75.982,77.75
639,2.29,8.301,3.31,77.191,82.436
861,2.166,4.223,1.608,77.989,89.719
452,4.276,2.867,1.821,81.564,83.934
476,4.169,6.225,3.143,78.707,83.837
1264,2.534,3.566,1.492,77.194,85.396
776,3.157,5.279,2.391,77.391,88.681
424,3.011,5.523,3.508,75.187,87.107
687,4.362,15.608,1.145,74.838,74.298
826,2.613,3.458,1.389,77.212,70.62
779,3.46,7.594,1.676,77.072,76.424
801,3.59,7.856,3.552,74.26,84.16
728,2.358,13.509,1.372,81.554,79.383
928,3.022,5.539,3.001,76.39,87.369
869,4.854,9.171,1.656,75.651,82.391
773,3.119,6.708,2.921,75.211,77.216
1135,1.973,4.968,5.056,77.375,79.882
604,4.668,4.971,3.023,86.253,81.78
554,2.307,9.345,2.797,77.046,80.368
1364,4.438,8.947,1.71,75.372,87.389
757,4.508,10.832,3.021,76.828,82.912
561,3.773,6.922,1.217,75.703,73.498
517,2.913,7.71,1.343,76.984,77.214
731,2.412,5.115,2.166,76.428,73.884
1047,1.945,5.485,1.282,77.199,73.79
1116,4.82,5.734,1.814,76.125,87.229
1113,4.928,7.256,1.599,75.355,76.54
629,4.499,12.611,1.589,74.043,80.82
545,2.551,7.303,1.668,75.465,75.415
828,3.244,2.02,2.734,75.58,69.663
674,2.658,6.24,2.189,76.874,89.675
912,4.589,5.065,1.653,76.259,70.505
647,2.886,6.58,1.612,76.128,77.68
530,4.368,10.876,1.072,86.573,75.165
1177,4.57,14.188,1.616,76.058,69.877
1453,2.965,2.351,1.568,79.929,72.526
998,3.938,8.052,1.474,73.722,74.469
405,1.86,4.341,1.788,76.578,81.757
682,2.504,7.425,1.938,80.304,80.056
797,3.934,4.942,2.808,78.276,72.06
1078,4.785,8.032,2.73,76.487,77.165
1000,1.953,4.977,1.838,88.176,73.984
530,5.107,5.258,1.89,76.734,88.521
1016,2.959,3.723,3.246,76.143,88.489
724,4.336,18.404,3.026,75.673,64.522
1205,4.047,13.884,0.976,85.942,71.435
795,4.734,4.326,1.69,75.402,78.755
979,3.371,5.514,2.562,84.692,76.279
412,1.827,6.224,2.747,80.531,74.303
741,3.685,6.692,3.491,74.742,67.781
475,2.56,6.387,1.826,85.66,76.085
774,3.684,3.16,2.595,80.379,72.728
927,3.829,4.019,1.819,76.043,89.664
714,2.574,4.139,2.623,75.069,79.561
739,3.535,5.916,1.02,74.382,81.977
1401,3.178,8.543,1.088,78.631,70.933
406,1.994,7.235,1.709,75.616,81.663
525,3.458,11.007,1.673,75.504,68.389
450,4.654,16.152,1.846,77.214,74.881
959,2.563,10.181,4.641,77.333,72.124
412,3.053,4.367,5.385,76.044,89.795
649,3.804,11.695,2.22,76.823,85.583
772,5.003,5.491,1.459,75.681,75.668
752,4.243,3.029,2.682,74.327,83.654
715,2.547,6.488,3.159,74.706,76.211
792,2.795,8.309,0.735,78.095,84.431
859,4.319,4.906,2.187,76.22,84.65
822,2.842,3.602,1.601,82.611,80.676
531,3.75,6.846,2.302,81.12,88.879
466,2.635,5.235,1.852,75.431,83.437
664,3.965,14.638,3.353,76.056,75.334
926,3.746,5.199,3.11,76.853,76.94
603,3.959,4.913,1.788,76.112,78.407
1209,0.876,0.762,2.134,76.081,79.398
1305,2.454,4.139,1.68,82.32,76.428
524,1.976,6.346,3.432,77.012,73.0
902,2.296,14.132,3.166,74.235,83.212
449,4.511,16.445,2.391,77.584,76.246
1293,3.435,5.055,1.811,74.938,83.409
850,4.408,5.082,2.967,75.557,83.31
632,4.414,4.205,1.507,77.059,71.62
1053,2.691,4.673,2.699,75.247,87.997
752,2.653,7.149,1.469,77.542,72.638
630,2.48,8.719,2.482,76.59,67.475
476,2.991,15.127,1.144,75.725,74.311
954,3.724,6.153,2.345,77.128,82.21
356,2.0,8.156,2.925,73.589,72.245
1143,1.828,5.004,1.068,77.035,81.986
635,3.026,5.835,2.341,76.45,83.063
1337,3.468,15.291,2.762,76.342,87.972
667,2.503,6.064,1.846,74.968,92.878
516,2.781,3.434,2.313,81.053,72.437
491,2.343,5.792,3.212,77.467,71.451
872,4.909,6.965,2.952,74.769,73.804
734,5.447,6.845,1.058,81.063,70.136
524,6.005,6.859,1.81,75.42,76.502
725,3.192,7.893,2.581,76.108,86.701
550,2.518,6.028,1.272,80.261,65.707
1345,1.886,9.742,3.109,76.205,72.967
1164,2.573,4.838,1.613,76.661,87.124
846,2.612,5.32,4.641,76.071,80.257
375,2.681,2.653,2.485,77.501,89.422
883,2.56,5.92,2.495,77.315,81.016
813,2.776,6.993,1.835,77.988,79.86
803,3.703,4.997,1.615,75.219,86.848
1380,3.409,7.165,1.866,75.287,68.874
642,4.522,6.365,2.094,75.549,72.252
948,2.946,15.513,6.346,75.12,87.987
811,2.741,5.647,4.933,81.411,85.431
927,3.86,7.209,2.908,76.055,84.675
1054,2.287,9.004,3.413,74.324,83.039
410,2.977,7.519,2.965,77.681,83.964
1115,4.154,7.175,1.457,79.036,89.739
819,4.4,4.516,2.923,78.391,74.712
600,3.997,6.771,2.878,75.537,76.053
708,5.19,6.889,2.5,75.507,68.469
1122,4.113,8.033,3.657,77.753,72.779
761,4.536,10.226,1.082,75.177,79.528
557,3.354,5.39,2.597,77.765,74.712
824,2.953,5.08,1.713,75.33,82.074
717,5.505,7.343,2.131,76.238,72.968
679,3.426,4.74,1.905,76.034,83.715
756,2.918,10.594,1.506,74.816,81.995
966,3.126,1.227,1.256,75.09,77.261
710,3.284,6.376,1.249,82.716,66.59
471,2.335,7.621,1.766,75.932,76.301
549,3.195,7.217,2.397,80.455,70.105
678,5.151,6.188,2.76,77.061,85.871
554,3.637,5.174,0.194,77.198,79.933
770,2.959,7.774,1.669,77.783,71.468
1405,2.656,2.896,2.345,77.187,73.269
1419,1.908,7.076,2.955,81.593,75.503
1036,3.752,7.033,3.755,77.882,75.292
529,2.951,4.582,2.532,75.26,72.866
394,4.113,6.706,1.69,78.447,77.331
616,2.849,15.186,1.705,76.359,72.905
803,2.483,6.708,1.486,76.509,76.78
726,1.231,2.592,2.111,77.655,90.51
878,3.983,5.049,1.447,76.322,73.828
1330,4.325,4.926,2.114,79.996,68.985
828,3.983,6.861,1.157,82.316,74.359
722,3.394,6.29,1.959,75.65,83.158
1521,3.6,5.955,3.219,73.984,79.284
950,2.489,7.788,4.322,77.357,73.921
1085,3.145,11.302,2.419,76.205,79.968
558,2.154,11.7,5.152,84.847,82.076
815,1.816,4.209,1.565,73.96,88.013
899,3.962,6.358,3.412,76.781,69.236
465,4.0,6.527,2.189,74.545,72.078
633,3.707,5.775,2.675,81.403,78.219
636,4.872,8.48,1.986,78.43,70.521
1086,3.4,11.578,1.507,76.739,75.78
1193,2.169,5.623,2.923,77.554,79.535
451,1.706,7.099,1.495,76.266,76.103
807,4.753,6.456,2.57,77.11,83.04
565,3.562,4.634,3.48,83.922,70.108
1313,1.958,4.916,2.806,77.317,80.146
551,1.789,7.612,2.755,75.249,89.793
1093,2.147,8.237,2.256,74.502,73.957
857,4.751,12.957,2.596,76.863,85.354
546,2.158,4.483,1.842,73.587,80.443
733,2.749,4.718,1.014,77.021,80.417
733,3.161,3.409,1.457,75.332,86.821
377,2.03,4.898,2.216,76.184,81.859
1213,2.066,3.897,2.001,77.122,83.117
1355,2.091,10.815,1.532,77.22,66.012
523,2.949,6.274,3.213,79.668,68.751
660,3.094,7.548,1.64,77.163,84.438
520,2.019,7.374,2.282,75.701,73.309
779,2.898,7.333,2.618,78.56,83.634
770,3.6,2.87,3.031,77.13,79.489
623,2.714,3.78,1.644,74.608,74.582
806,3.442,7.235,1.076,75.981,85.212
1151,3.824,6.782,1.696,78.725,71.687
530,2.463,6.659,2.143,77.002,76.992
479,5.691,1.145,2.198,77.812,84.587
530,2.112,4.431,2.309,84.569,87.523
1366,2.575,5.781,1.717,82.034,72.857
809,2.728,6.786,3.206,81.271,82.555
718,4.146,9.222,1.307,75.653,76.471
625,4.2,4.228,2.191,73.606,82.242
758,2.303,7.796,1.982,75.365,80.309
1193,2.881,4.404,1.383,82.796,83.046
608,0.794,5.951,3.307,77.458,77.225
1703,2.973,9.824,1.475,76.571,72.907
473,3.445,4.808,2.861,76.513,72.327
857,3.02,8.102,1.698,74.972,84.209
668,2.266,6.265,1.702,75.535,71.077
777,3.735,5.133,1.728,76.947,78.085
635,2.76,6.63,2.021,76.359,68.403
495,4.041,4.054,3.515,76.39,72.355
1085,3.809,12.95,2.547,77.858,77.834
729,2.443,3.57,3.35,75.714,85.497
783,4.423,7.737,4.997,82.645,71.971
1226,4.238,1.82,2.16,77.849,73.291
607,4.055,3.653,3.075,77.936,81.98
1034,5.184,3.407,2.643,75.772,89.224
727,2.777,6.423,1.944,76.056,72.926
874,3.407,13.944,1.466,77.808,82.571
692,4.027,4.559,2.751,77.284,74.631
1305,4.445,5.834,2.404,77.237,78.375
816,2.477,7.148,3.075,75.193,81.589
797,2.945,5.817,5.798,76.793,73.945
821,1.868,14.013,3.067,78.291,75.126
720,3.924,8.381,2.381,76.512,80.574
1029,2.528,8.954,2.716,75.953,76.623
751,2.972,6.622,2.511,75.346,76.393
509,2.086,4.923,1.559,77.169,69.878
817,2.022,6.564,2.47,77.488,88.419
614,3.0,4.562,2.826,87.581,85.02
631,3.788,14.026,2.763,75.993,71.144
547,2.517,6.81,1.681,82.478,83.654
582,3.213,10.452,2.817,79.568,69.747
714,4.605,5.884,0.926,83.755,90.763
1027,1.82,3.282,2.401,78.008,76.895
1557,2.527,6.017,2.669,76.673,71.716
782,3.83,3.503,2.748,85.647,85.494
826,4.172,5.342,1.78,83.78,78.063
783,3.177,8.021,1.622,79.276,67.907
756,2.024,6.671,4.881,74.805,89.715
646,2.51,7.546,1.396,84.733,88.426
1453,3.835,9.499,3.039,76.534,83.278
665,2.298,8.382,1.903,85.734,82.731
544,2.382,18.861,1.023,74.238,84.262
1654,5.562,8.791,3.075,75.893,83.944
403,2.004,3.163,3.056,77.55,78.294
811,4.964,4.054,6.423,85.689,82.213
568,3.889,12.228,1.976,78.549,77.009
1043,3.679,6.982,1.812,81.815,79.838
498,5.327,6.423,2.449,81.073,86.127
707,1.867,5.97,3.333,76.187,86.343
463,3.22,8.176,1.863,76.591,74.768
786,3.451,4.972,3.282,77.555,74.026
1192,2.483,5.765,1.507,82.255,91.015
1560,4.549,5.483,1.206,77.432,75.381
805,5.69,5.797,2.395,76.692,69.392
511,1.793,6.115,2.839,75.984,67.441
532,4.841,6.548,1.651,76.008,80.138
1099,4.207,4.321,1.716,83.115,81.486
589,5.057,4.782,3.282,74.443,79.203
848,4.938,13.078,2.829,76.972,73.553
577,1.951,6.122,3.092,76.839,79.07
689,2.837,3.522,3.044,85.324,74.87
622,2.634,5.858,2.614,81.574,80.681
940,3.753,7.58,2.762,83.445,76.229
802,2.154,13.084,1.815,75.381,66.564
969,5.024,5.644,2.84,78.06,76.971
757,2.742,6.732,3.186,81.082,69.971
1061,1.93,4.812,3.069,73.422,84.508
569,3.467,6.616,1.702,76.093,68.942
924,4.887,5.692,1.717,76.788,74.264
930,2.557,12.203,3.436,73.664,85.771
794,4.349,4.049,3.948,78.102,83.063
724,2.06,5.518,3.313,74.282,87.261
491,1.41,5.421,1.708,76.649,79.971
887,2.755,6.324,2.627,77.804,67.386
959,1.824,7.967,1.136,73.825,88.6
1125,2.468,6.492,1.289,72.691,80.112
1495,3.654,13.153,1.859,78.113,81.381
688,2.304,5.337,1.272,73.52,81.862
1093,3.835,5.758,1.154,77.03,75.806
489,2.815,14.664,2.792,76.464,81.677
650,3.034,11.275,2.636,74.633,80.472
924,2.658,5.408,3.332,76.876,76.559
865,3.638,7.131,4.528,74.772,78.903
524,3.713,6.586,3.022,75.435,77.261
868,3.945,8.351,3.069,74.01,80.585
657,4.067,7.178,2.759,75.03,82.864
833,2.142,8.305,1.917,74.915,77.676
502,3.551,7.434,5.482,75.746,68.998
391,4.298,9.092,1.885,74.504,65.072
1271,4.571,6.655,0.922,75.699,75.444
794,2.817,5.082,2.741,73.991,76.144
646,2.729,6.27,4.179,75.065,80.326
622,4.178,5.776,1.726,76.156,83.962
670,1.984,5.947,3.281,75.632,76.208
976,2.566,6.808,2.217,86.321,69.933
1051,3.93,7.379,2.728,76.614,71.047
1128,2.893,11.837,1.28,75.788,77.266
541,3.608,14.827,2.915,76.912,82.29
504,2.238,1.031,5.351,77.04,82.827
1100,4.493,2.661,2.004,81.953,73.921
959,3.052,3.862,3.109,76.79,73.201
1488,4.951,7.258,5.696,74.311,74.009
971,3.189,5.974,2.07,82.814,78.904
749,4.711,4.482,0.028,75.937,78.209
941,4.518,6.153,1.514,78.287,76.803
651,4.051,6.534,1.441,76.694,83.677
633,3.27,14.059,2.391,75.886,87.963
977,2.804,5.795,1.608,77.564,77.996
480,4.399,7.553,1.724,75.631,74.752
992,4.816,6.238,1.822,77.68,73.429
1158,4.307,4.539,1.653,78.588,82.576
937,1.985,5.483,2.184,76.093,75.367
901,3.373,4.966,1.954,77.69,86.475
963,2.366,4.735,1.692,76.288,83.7
821,2.219,7.794,1.551,74.887,89.63
595,2.327,5.26,1.798,77.166,79.102
1373,2.474,8.95,4.355,77.757,90.97
556,2.311,7.801,2.517,76.827,77.017
1009,5.78,6.983,3.073,76.707,81.327
616,2.028,5.703,3.607,76.503,82.172
946,4.948,6.774,1.412,77.81,77.317
772,3.631,11.792,5.489,77.111,78.064
1459,4.499,5.902,1.63,74.414,74.449
1400,3.417,7.579,3.311,76.88,72.182
917,2.809,4.436,4.268,76.983,76.254
891,4.337,7.04,3.345,87.994,69.966
946,4.068,4.076,2.855,74.744,75.51
729,2.446,11.797,3.297,76.155,76.376
853,3.137,1.208,1.787,77.48,85.926
875,2.923,5.518,2.476,76.072,78.662
620,3.501,6.664,1.537,73.421,68.814
567,2.051,3.361,2.764,77.233,69.896
690,2.566,7.424,3.306,75.534,77.482
940,4.237,6.786,2.354,79.322,80.022
893,1.849,7.237,3.668,75.83,69.998
418,2.069,8.889,3.131,75.26,69.072
691,3.699,8.17,1.925,78.115,83.292
444,5.089,5.55,1.906,75.367,81.364
662,3.462,5.73,1.341,75.311,72.269
510,3.036,6.709,3.266,87.134,79.428
417,2.466,9.024,2.912,75.007,68.948
704,4.825,4.494,2.208,84.954,89.167
615,2.78,3.199,1.593,76.4,83.591
1049,3.581,11.432,2.139,75.666,73.47
973,3.655,4.953,2.912,74.641,80.173
502,5.506,6.956,1.763,75.384,66.033
568,2.869,6.735,2.639,78.634,87.693
885,3.101,5.637,2.857,77.147,72.487
860,4.397,8.091,1.257,75.086,81.319
383,2.307,12.145,2.801,85.634,80.68
931,4.987,4.481,2.713,78.184,75.468
620,4.147,5.679,2.015,77.699,89.678
702,0.804,4.285,1.082,76.219,79.096
1031,3.456,5.485,3.484,76.736,71.941
964,3.008,7.121,3.323,77.308,83.193
566,4.064,4.439,3.013,76.29,75.016
1011,2.656,6.943,1.419,73.823,68.071
627,4.979,7.071,2.14,75.151,85.35
1016,3.084,7.407,1.4,77.588,76.947
790,2.601,8.359,2.122,76.641,69.466
663,2.594,5.226,1.959,76.187,82.515
1345,4.964,7.929,1.117,77.675,77.837
955,3.849,5.39,2.477,75.838,82.992
818,2.703,6.125,6.494,75.688,75.737
823,4.986,6.258,2.453,80.758,79.335
621,4.431,9.946,1.449,75.833,75.243
822,2.482,8.626,2.068,74.356,68.611
662,2.752,8.435,1.767,77.408,81.701
1498,2.501,8.231,2.97,74.26,74.653
531,2.695,12.064,1.533,78.568,79.895
1388,2.896,6.124,1.254,76.211,70.615
762,3.292,6.631,1.238,77.077,65.308
894,1.846,4.303,2.926,77.989,83.691
933,2.9,8.188,1.95,76.358,74.938
721,3.541,5.367,2.29,76.793,78.424
720,2.858,4.422,2.31,78.675,67.639
901,3.352,6.568,1.233,77.357,76.352
1082,2.187,3.893,1.88,78.292,81.687
661,2.156,10.931,1.744,76.029,75.758
472,2.399,9.066,2.673,76.964,70.957
491,2.884,6.243,0.893,77.887,81.06
829,3.639,6.156,2.112,77.358,72.474
744,3.453,9.072,1.546,76.303,68.165
509,5.183,7.335,6.713,76.874,72.602
661,3.329,5.896,1.907,74.967,83.457
1036,3.392,4.343,2.74,76.188,77.419
1345,2.336,6.136,2.736,83.105,68.518
468,3.055,6.47,2.873,76.333,67.512
539,4.662,4.26,2.386,76.398,83.679
669,3.809,6.621,3.17,77.113,82.179
735,2.024,6.424,2.758,75.006,92.272
638,2.559,4.441,1.628,76.372,78.491
779,4.711,10.256,1.486,76.235,75.537
642,5.202,5.859,1.049,86.905,69.258
961,4.097,10.532,1.307,78.754,78.776
481,2.094,12.963,2.088,76.251,79.194
701,2.299,6.264,2.87,75.345,80.643
437,2.772,4.245,2.575,74.703,82.727
1235,2.368,7.623,1.258,77.292,78.161
551,3.382,9.645,4.12,77.411,79.9
959,2.242,6.08,2.111,77.463,78.491
853,2.734,5.655,1.656,76.463,81.839
759,4.459,16.744,1.153,76.82,72.772
344,5.456,3.345,1.713,79.594,76.314
802,2.597,9.309,3.123,75.887,81.405
567,2.245,9.714,0.88,86.246,77.243
590,4.213,5.782,1.389,74.56,78.416
789,3.142,7.632,2.192,73.438,86.47
1685,3.645,6.773,2.555,76.698,78.784
491,2.84,3.934,2.096,86.086,88.845
490,3.15,8.161,2.207,74.447,87.038
935,2.935,6.17,3.16,75.17,67.178
514,2.475,13.787,1.026,78.088,78.834
528,4.109,7.063,2.309,75.244,73.639
464,1.92,6.444,3.182,75.493,73.176
517,3.997,7.738,1.662,84.015,92.318
970,3.045,18.075,1.68,76.714,86.267
422,2.8,9.509,1.309,77.176,71.523
678,4.21,7.781,0.711,74.632,70.171
453,3.976,4.613,1.66,77.93,85.863
664,4.394,5.282,1.964,75.652,87.964
562,2.353,9.588,2.482,76.594,80.433
556,4.17,4.919,2.068,77.0,73.386
923,3.944,5.618,2.9,75.683,75.209
793,1.744,3.912,1.252,77.567,84.18
717,2.399,14.002,2.384,77.131,82.243
872,3.809,7.259,2.13,79.735,74.721
577,2.929,7.989,2.661,78.191,74.87
551,4.138,7.283,1.967,82.612,76.246
487,4.23,6.634,1.854,76.593,70.922
879,4.069,8.811,3.383,77.318,77.889
1126,2.148,3.423,2.049,75.294,81.589
697,4.776,8.078,3.168,87.316,74.251
560,4.9,6.727,2.761,79.086,85.622
478,2.252,4.23,3.34,82.827,69.999
1799,2.777,7.229,1.835,87.579,78.951
1168,4.017,6.325,1.942,76.202,83.845
1387,4.552,11.354,1.169,78.881,81.354
796,5.058,9.863,2.552,76.603,78.42
665,2.45,4.755,0.232,82.256,89.374
890,2.615,4.801,1.388,77.25,81.425
901,2.513,5.071,3.747,77.617,82.707
505,5.057,7.229,2.673,73.057,66.556
1396,2.444,3.659,1.391,76.733,72.98
543,4.621,6.238,1.54,77.119,66.155
893,2.818,6.621,1.568,75.805,74.363
1086,2.516,10.559,3.045,74.829,80.202
763,2.131,6.639,1.638,77.921,86.878
925,3.246,5.385,1.779,75.509,75.187
1133,2.916,7.881,1.513,78.044,76.814
564,2.905,2.453,2.373,84.01,79.769
583,3.519,7.127,1.097,77.334,81.712
666,4.208,7.98,1.711,76.791,84.615
632,4.852,6.768,1.321,81.578,75.849
673,4.821,5.404,2.583,75.601,85.64
1077,3.137,5.876,2.943,76.799,81.252
1110,2.747,5.912,2.916,74.108,70.641
702,2.279,4.657,2.635,76.066,69.668
632,5.536,2.788,2.906,76.209,84.47
429,4.528,17.888,6.53,76.797,80.07
1400,3.627,6.596,2.644,74.992,75.487
988,0.884,5.923,2.817,77.82,72.123
519,3.869,6.278,1.709,77.239,84.574
707,1.816,11.798,2.992,75.801,89.487
1036,2.705,5.272,2.636,82.556,78.883
726,4.751,10.855,1.836,76.579,82.196
1560,4.66,7.983,3.358,77.007,92.38
536,2.961,6.632,4.637,75.774,78.733
821,2.566,3.502,1.934,78.422,87.845
1019,3.321,10.626,2.2,76.022,75.218
834,3.685,7.428,1.321,74.992,68.279
914,1.992,5.028,1.761,75.613,86.904
565,2.874,14.48,3.027,76.512,79.311
452,3.069,13.783,2.532,76.463,78.846
720,5.548,5.051,2.88,74.939,71.004
746,3.989,5.12,2.39,76.246,76.064
620,2.49,3.334,1.042,77.8,86.912
530,0.98,7.174,1.539,76.793,81.673
420,2.601,2.633,2.173,74.678,88.061
798,5.789,6.728,1.819,77.602,79.907
791,3.908,12.144,1.489,78.12,88.581
802,4.267,8.983,1.093,77.947,75.899
919,3.505,5.329,2.205,78.018,84.049
594,2.362,4.834,2.846,76.635,73.923
705,3.489,2.827,1.843,76.201,80.232
784,4.764,12.135,1.402,74.269,83.389
762,3.453,5.668,3.061,75.671,80.76
1305,2.489,4.31,1.909,75.579,79.292
553,4.756,3.777,1.197,77.123,84.257
637,3.206,7.246,1.957,77.022,68.975
943,2.678,3.21,1.255,87.588,78.636
524,2.709,4.786,1.414,76.533,65.812
1368,4.487,7.124,2.461,75.847,82.647
585,4.315,5.966,1.719,75.459,77.458
912,5.131,4.228,1.679,78.685,72.934
464,3.668,6.857,2.884,75.973,75.055
1141,2.596,8.335,0.892,73.094,85.582
974,2.406,8.351,2.115,75.808,82.398
569,3.091,6.861,3.108,76.907,67.8
447,2.974,5.507,3.036,75.441,80.237
1091,2.681,3.873,2.986,77.771,84.39
658,4.357,4.247,2.95,78.306,73.582
757,5.024,6.214,1.498,74.866,78.815
1132,3.817,10.434,1.546,81.695,80.106
897,4.702,7.819,2.113,77.274,83.489
801,5.053,8.411,2.152,77.695,74.19
755,4.257,8.959,1.577,78.942,78.008
1196,2.27,4.905,1.16,77.676,84.778
462,3.783,5.071,1.874,76.511,82.397
734,2.461,3.226,2.167,77.319,81.032
805,4.789,7.34,2.34,77.873,75.841
825,2.529,7.939,1.645,74.974,75.489
898,2.613,5.442,1.766,77.091,84.19
735,3.26,5.644,0.949,83.113,79.173
398,2.636,12.264,2.079,76.667,71.267
679,3.617,5.289,2.078,75.66,67.79
709,2.807,5.992,2.984,76.597,82.926
576,3.722,5.453,1.298,77.218,77.359
556,2.999,4.563,3.422,76.108,69.021
729,5.607,5.566,2.003,76.438,83.11
688,3.661,4.639,4.228,78.516,78.953
913,4.566,5.184,1.95,85.583,86.372
384,2.866,11.419,3.075,84.29,83.876
801,2.028,8.257,1.8,76.064,85.124
802,2.009,3.333,2.94,86.826,83.944
508,4.032,4.908,1.018,84.974,75.435
495,2.488,6.489,1.938,77.912,68.157
1366,4.15,5.548,2.258,80.925,78.232
500,3.469,6.789,1.674,73.941,77.804
952,2.146,3.627,1.836,76.69,73.911
921,2.977,5.526,2.751,87.875,79.816
850,2.462,1.786,1.665,78.393,78.522
1136,4.755,10.941,2.98,76.816,70.121
854,4.607,6.829,1.114,77.011,71.27
612,1.981,6.616,1.382,76.305,84.892
1043,4.925,9.157,1.596,75.86,72.561
749,5.613,6.064,1.967,79.555,82.415
1062,4.68,2.872,3.62,73.882,78.483
951,2.236,3.74,2.185,74.945,76.535
663,2.149,6.631,2.774,75.74,69.399
629,3.443,5.461,2.25,75.292,79.081
553,4.893,4.493,1.756,77.193,67.657
905,4.044,6.019,1.293,76.653,80.885
659,6.187,5.444,4.502,77.367,79.283
609,5.248,4.293,2.707,77.755,81.648
495,2.813,6.482,2.327,77.993,79.937
927,3.616,5.933,1.265,82.894,84.743
532,3.168,10.711,1.753,73.284,76.681
723,1.772,4.39,3.527,76.483,80.768
668,2.881,4.187,2.659,76.019,76.971
376,2.294,7.113,1.87,74.163,85.344
461,2.726,2.979,0.747,74.496,70.987
1356,4.825,7.549,2.611,76.027,76.838
627,2.264,5.137,2.334,75.499,80.075
642,2.213,5.484,2.013,76.398,81.267
535,3.75,4.413,2.327,81.767,74.118
1007,3.957,7.097,4.006,74.807,74.537
791,4.012,17.5,2.119,77.984,81.472
1621,3.975,3.343,1.016,78.564,71.796
581,1.734,3.745,0.982,76.155,87.497
394,1.929,8.929,6.229,77.891,75.077
1471,4.93,4.571,2.844,76.277,82.168
562,2.537,5.152,1.854,77.591,73.95
887,3.841,6.051,2.455,74.618,83.966
708,2.837,14.885,1.909,76.172,71.799
412,5.14,4.221,3.264,81.528,88.147
925,3.627,4.513,2.955,77.175,86.713
825,3.225,7.052,2.135,75.478,68.316
552,2.761,1.371,5.75,76.913,87.88
572,2.611,7.068,4.153,74.365,77.479
620,2.225,5.186,1.987,77.984,76.651
1020,3.536,3.19,4.95,78.283,76.798
916,2.332,6.329,2.221,75.214,84.357
1328,5.229,6.659,2.335,77.776,78.91
660,3.535,11.283,1.886,75.299,85.428
666,2.702,4.248,1.274,77.636,77.841
829,4.077,7.481,2.074,84.307,71.348
962,3.317,6.618,3.353,73.661,82.152
1282,2.903,10.191,2.901,77.805,74.609
626,2.847,11.258,1.1,74.263,81.423
504,3.421,4.797,1.934,76.939,78.058
704,4.481,6.123,2.855,76.972,77.143
1096,2.656,4.646,4.549,75.922,80.448
745,4.397,8.662,2.607,74.982,78.212
793,2.549,5.624,2.077,75.053,79.765
1172,2.054,8.32,2.604,76.97,82.608
580,3.701,14.215,2.843,76.825,81.517
752,4.926,5.755,1.744,77.568,82.415
1218,5.523,7.486,2.462,76.2,69.327
1412,1.951,4.58,2.392,77.935,80.829
572,4.429,7.447,1.307,76.937,78.232
624,5.653,8.618,1.153,73.9,76.192
609,4.597,4.562,3.032,75.567,77.84
950,3.005,13.11,2.616,77.726,87.245
904,3.614,7.881,3.064,75.098,65.061
963,2.706,7.155,6.151,77.37,75.417
716,2.311,4.089,3.128,83.813,81.937
563,3.268,5.106,1.653,75.196,64.712
433,2.617,5.229,2.047,75.065,69.265
704,2.548,6.256,5.44,77.457,73.697
573,3.423,4.267,1.121,76.967,80.181
474,2.327,8.189,1.421,74.45,80.744
611,4.91,5.185,1.901,76.149,75.627
672,3.637,10.298,4.275,77.746,70.416
915,4.16,12.777,1.649,81.503,84.493
736,2.195,6.628,1.67,77.015,73.125
500,2.568,5.768,1.78,77.084,75.621
512,3.021,5.011,2.289,74.911,78.34
632,3.107,7.482,1.444,75.281,72.412
434,2.236,7.95,3.362,78.414,66.808
607,4.599,1.975,1.182,77.288,65.298
922,4.16,2.709,2.614,77.853,70.457
801,4.13,9.581,2.483,74.363,81.539
843,3.857,1.371,2.743,77.509,83.794
853,3.004,7.293,1.405,86.803,74.674
1180,2.44,5.977,2.571,84.726,79.949
962,2.916,7.406,1.46,82.732,85.791
867,4.553,6.944,1.455,77.05,68.946
1021,5.856,5.926,2.794,76.929,67.906
685,3.677,7.578,1.522,76.507,67.095
929,3.248,4.873,1.526,77.444,77.945
542,3.135,12.269,6.317,79.354,87.588
884,4.594,9.582,1.676,75.939,90.819
824,2.739,2.757,2.494,77.136,77.732
829,3.736,5.94,4.788,76.293,72.6
722,2.049,3.046,1.833,77.803,86.529
868,2.525,4.285,1.597,76.141,82.91
759,4.462,6.28,2.885,77.356,80.532
841,2.097,4.827,3.227,79.033,73.746
1157,2.049,6.206,1.458,80.08,81.86
534,3.962,6.388,3.211,76.209,76.08
924,3.502,14.476,2.661,77.259,78.385
1437,2.96,4.903,2.704,74.305,84.32
648,3.143,6.455,1.259,76.774,83.75
784,3.911,5.58,1.549,76.993,73.657
1107,4.062,10.289,2.324,84.69,82.569
1323,4.023,5.896,0.917,77.238,76.432
1172,4.464,5.831,1.359,76.343,73.18
723,2.937,8.667,2.475,81.351,79.556
466,1.96,7.631,6.341,75.638,89.79
1409,2.781,7.002,2.946,84.637,81.16
414,3.442,11.126,3.021,76.643,68.162
1550,4.808,4.444,2.85,77.437,87.096
945,6.458,3.354,1.503,76.698,75.435
504,4.535,11.258,1.575,75.496,66.822
637,4.319,5.406,1.986,78.002,88.209
705,2.899,6.186,1.942,76.504,72.134
551,3.571,5.44,2.237,78.092,85.295
722,4.135,8.677,1.337,77.135,72.896
695,2.104,6.08,1.786,74.314,83.694
772,3.071,3.295,1.916,82.497,84.115
743,2.377,5.291,3.179,79.075,81.931
582,3.306,10.118,1.436,77.64,75.242
871,2.692,4.589,4.736,87.078,83.59
1298,2.102,6.196,2.094,75.849,78.968
711,2.095,3.871,2.749,77.737,82.238
717,2.288,6.648,3.372,77.451,78.052
922,3.053,9.975,1.496,77.263,66.115
1022,4.09,10.271,3.109,76.861,77.606
1291,3.329,5.285,3.484,75.334,85.395
443,4.551,6.559,3.163,78.179,79.319
410,2.633,4.44,2.442,76.935,72.413
509,2.593,5.44,1.178,77.635,80.447
642,3.069,3.393,2.427,75.517,77.375
575,2.79,8.162,1.849,77.387,68.42
577,3.611,6.184,1.812,77.169,81.373
618,1.988,6.397,2.607,82.587,77.496
897,2.245,5.964,2.571,75.29,79.888
1289,4.775,4.686,2.689,77.902,76.116
1159,3.948,4.067,2.428,77.275,89.843
592,2.469,5.696,2.092,77.665,86.353
729,3.121,5.08,2.143,76.336,79.727
1453,3.493,10.671,2.01,77.708,86.478
579,4.38,8.426,2.358,76.218,84.939
1091,4.958,5.022,3.241,84.058,80.323
753,3.581,10.775,1.548,84.756,82.643
1043,4.434,10.962,2.102,77.101,81.754
785,4.632,5.94,2.787,76.66,82.316
1493,4.07,4.208,2.015,79.082,85.069
977,4.099,6.886,1.55,76.241,70.13
710,2.513,8.376,2.258,76.365,67.798
918,2.71,7.918,2.464,75.21,80.819
822,3.6,5.077,1.626,75.254,77.681
904,4.078,7.093,2.632,74.113,83.638
453,3.516,7.099,3.25,73.637,71.942
647,2.199,5.774,1.699,76.565,67.327
599,4.176,6.167,1.696,78.418,77.692
1059,2.875,5.365,2.601,75.79,85.11
721,1.615,5.983,1.263,77.216,79.003
789,2.66,6.62,2.568,77.228,84.91
1405,2.289,4.697,1.95,76.731,88.955
1216,2.732,8.211,1.542,76.168,71.268
903,5.368,7.569,2.241,77.844,91.366
1105,3.858,10.638,2.527,76.986,72.654
784,3.798,6.88,2.435,76.286,71.383
714,2.423,4.973,5.29,76.957,87.864
2029,2.458,5.887,1.604,78.404,73.606
992,3.196,5.913,2.48,83.203,70.504
720,2.576,6.886,4.295,82.251,93.309
804,1.922,3.88,1.754,76.863,80.888
830,2.096,4.574,1.709,80.788,68.717
824,4.187,5.254,2.548,77.279,72.632
446,2.672,7.759,2.671,75.75,71.838
960,4.439,12.829,2.973,76.818,74.262
1288,3.452,6.632,3.469,76.589,84.951
1281,4.094,4.662,1.608,77.385,80.094
736,4.593,12.243,5.659,76.083,73.727
768,3.077,5.305,1.135,77.038,80.907
620,1.976,12.936,3.416,76.381,88.275
534,4.869,7.627,3.116,75.022,76.008
506,3.835,4.604,3.525,74.712,76.615
620,2.251,17.786,2.695,77.866,65.854
555,2.392,6.0,1.755,77.678,74.843
479,3.599,4.133,1.481,82.846,71.748
548,4.841,6.119,3.181,76.493,66.143
614,2.736,11.872,3.297,75.401,85.725
843,2.869,5.467,2.746,77.014,76.11
571,3.847,6.969,3.027,79.624,85.73
748,2.241,8.843,2.588,76.374,73.962
1068,3.146,7.537,1.935,75.738,80.692
482,4.77,13.667,3.034,76.459,69.768
500,4.098,10.888,0.544,77.194,81.173
529,5.124,6.881,1.692,81.829,63.857
677,2.661,5.689,0.982,86.094,78.654
650,2.822,7.198,2.635,78.426,75.985
683,4.751,5.693,3.402,75.6,71.995
547,4.128,7.519,1.097,74.999,65.222
896,5.034,10.138,1.258,76.249,69.69
664,3.874,4.898,1.127,76.292,86.095
1222,3.63,2.681,1.65,76.749,76.772
657,2.323,10.871,2.9,77.089,74.478
860,3.034,7.997,2.49,74.654,88.94
1280,2.858,3.849,2.7,76.966,77.089
433,2.966,14.028,2.93,81.424,77.615
812,2.839,9.362,1.364,75.622,74.239
393,4.934,6.978,2.215,77.61,90.35
763,1.88,2.406,2.546,77.935,83.185
719,2.363,6.254,3.391,74.909,68.668
660,2.499,4.819,1.867,74.06,84.298
451,3.962,5.367,1.601,77.994,84.211
502,2.471,5.176,1.998,73.722,80.086
1063,4.398,6.434,3.618,77.699,85.5
651,2.019,3.125,3.087,77.106,76.728
1214,0.831,14.554,2.12,77.716,81.999
966,1.756,5.358,1.638,76.839,71.329
529,3.871,5.12,0.884,78.274,82.728
762,3.629,10.397,1.836,86.754,81.047
870,2.874,10.932,4.696,85.063,70.185
1024,2.987,1.911,3.047,75.582,79.913
485,4.044,9.581,2.252,76.172,78.02
799,3.787,6.019,2.271,77.289,76.383
695,2.834,5.677,1.233,74.191,72.464
684,2.915,6.15,3.426,83.519,82.132
655,2.922,6.73,2.596,73.766,78.228
576,3.013,4.431,1.164,74.348,70.236
833,2.339,6.974,1.74,78.916,79.85
570,3.049,6.944,2.182,76.319,64.734
805,2.4,4.635,2.524,83.413,78.338
832,2.662,3.104,1.14,83.44,80.367
948,4.216,2.906,0.765,75.08,76.723
654,1.862,6.392,1.117,74.416,71.146
1045,2.184,15.073,2.164,77.505,82.613
663,3.181,7.622,1.359,75.232,79.343
595,3.028,7.767,2.538,76.672,71.991
380,3.634,5.413,2.443,75.47,75.039
754,4.856,3.339,3.753,77.244,86.692
1084,4.676,5.529,3.71,76.909,83.353
1077,1.875,5.749,2.681,78.662,71.829
547,2.234,13.789,2.245,85.69,84.102
854,1.662,4.688,2.89,77.173,90.698
556,4.628,16.848,1.196,85.898,80.561
601,4.16,6.153,3.074,74.094,81.368
876,2.652,7.795,1.46,75.967,80.552
414,4.258,7.489,0.857,75.89,70.602
969,3.747,9.109,1.873,75.684,76.192
718,2.697,5.722,2.074,76.285,73.422
489,2.652,4.283,3.391,77.121,86.955
831,2.34,5.784,3.552,81.727,78.553
1317,5.156,7.026,2.28,76.684,87.849
982,4.404,7.665,2.449,76.334,73.048
899,3.686,5.715,2.837,75.587,74.362
833,4.017,7.734,2.999,75.081,71.623
772,3.758,5.267,1.318,77.268,91.353
566,4.325,6.487,2.944,84.911,83.058
714,3.102,6.745,2.91,77.369,73.499
687,3.716,7.209,1.341,76.119,80.623
898,2.802,6.236,2.787,78.701,86.193
526,4.866,3.884,2.786,75.988,77.71
700,2.341,5.582,1.241,77.266,80.795
1343,2.76,6.22,2.711,78.269,84.631
554,4.559,5.034,2.747,81.964,79.555
965,3.677,5.277,2.089,74.239,77.521
1724,2.466,7.159,2.823,82.717,84.123
733,5.111,14.785,0.951,73.96,78.26
635,2.136,5.858,1.197,74.294,72.665
728,2.269,4.77,1.158,77.137,72.48
841,2.533,3.502,2.582,76.294,75.909
892,3.714,6.729,1.353,83.091,82.883
410,4.027,6.477,2.512,75.874,87.114
677,4.287,4.105,3.243,85.041,81.026
938,3.774,6.11,1.444,81.545,68.909
773,3.106,6.041,1.778,75.16,79.588
861,3.275,7.84,0.337,75.344,79.984
956,2.786,4.179,1.54,77.709,77.005
737,4.411,4.447,1.835,74.498,83.732
689,3.075,13.191,4.04,76.798,73.716
982,4.944,4.742,3.219,77.19,78.458
506,3.052,12.321,1.772,75.511,71.596
816,3.126,11.059,3.247,84.826,76.296
405,3.744,5.172,1.636,76.689,70.064
851,3.037,5.549,3.224,74.669,85.135
946,3.411,4.755,1.359,76.643,70.619
765,3.332,6.441,1.428,78.26,85.652
1234,2.181,6.402,2.133,76.3,78.047
940,2.935,4.669,5.031,76.742,75.563
757,2.375,6.155,1.234,75.869,71.897
715,3.196,11.708,2.449,75.542,71.282
810,3.717,10.778,2.732,79.403,75.693
934,3.781,6.938,1.293,74.845,74.585
443,3.957,4.96,1.46,78.439,68.35
965,3.829,5.292,1.737,77.208,81.493
862,2.685,6.857,3.09,80.163,80.222
508,2.517,6.297,2.374,76.469,72.652
690,2.509,8.929,2.8,76.197,69.357
790,3.788,8.991,2.43,76.664,89.951
821,2.94,11.253,1.439,77.593,85.151
848,4.979,6.541,0.789,74.657,68.858
493,2.903,3.339,2.132,78.237,82.562
834,5.041,4.863,1.891,77.0,83.865
560,3.857,4.917,5.96,76.435,84.462
645,5.607,6.246,1.612,76.845,79.478
1037,3.7,0.649,2.208,77.162,80.099
671,1.941,5.814,1.09,76.972,85.823
775,3.711,6.062,2.014,75.141,76.285
621,3.934,6.887,2.979,75.016,82.692
392,3.941,12.128,1.942,76.261,81.485
1070,3.007,3.481,2.101,78.096,66.837
481,3.974,4.448,2.029,87.484,69.008
911,4.228,6.87,2.997,76.407,75.067
540,1.95,4.783,1.605,84.939,76.231
646,2.806,3.731,3.262,76.505,87.246
1166,2.904,7.133,1.045,74.558,87.47
954,2.158,4.684,2.477,76.284,81.125
457,3.323,4.96,1.638,83.917,68.566
1068,1.949,8.769,1.361,77.302,83.232
491,2.918,4.337,2.119,76.203,74.52
1198,4.178,6.274,2.838,76.083,77.149
1325,4.864,5.157,1.251,75.485,69.779
786,3.271,6.78,1.686,83.718,82.587
890,2.053,4.957,1.581,74.929,72.638
464,2.055,4.396,4.85,75.799,75.927
970,2.32,4.155,2.853,77.496,82.657
507,2.273,6.723,2.541,74.885,78.41
1099,4.002,3.065,1.238,74.916,68.71
852,2.719,9.957,1.916,77.521,80.722
778,4.396,6.253,1.693,74.913,83.345
928,3.001,7.215,1.672,78.28,74.411
544,4.793,5.092,2.075,76.363,79.226
961,1.048,3.693,1.511,81.213,75.662
615,2.098,6.662,0.544,87.326,77.912
417,2.448,6.964,2.58,76.162,86.903
1072,3.037,4.019,2.557,78.94,78.184
865,6.729,3.97,1.144,74.813,80.424
934,2.237,8.521,3.405,79.456,84.344
722,2.369,3.748,1.356,78.791,83.204
1147,2.012,4.877,2.295,76.643,76.191
1243,3.469,7.044,2.023,75.038,84.517
1157,4.392,6.209,3.296,76.152,74.31
629,2.861,4.848,1.18,84.892,69.581
792,4.943,6.145,0.736,75.329,68.958
543,4.23,5.839,2.68,78.073,76.161
653,2.934,7.198,2.814,75.566,80.654
1750,2.835,7.848,1.783,73.757,74.349
1247,4.193,6.099,3.363,83.982,83.719
884,2.58,5.055,2.105,73.433,74.677
1063,3.911,5.149,2.356,75.422,82.732
385,4.118,4.896,2.74,77.255,84.563
976,3.399,4.263,3.321,81.15,73.161
1036,2.615,7.212,6.313,75.514,76.353
1323,3.046,3.608,2.656,83.144,87.428
1439,2.263,6.116,1.583,80.635,78.603
599,4.488,3.512,0.806,74.75,71.328
1063,2.965,11.802,1.635,82.92,81.736
850,3.499,8.499,2.527,77.272,76.858
1279,3.011,8.297,4.61,81.467,71.339
725,2.842,11.952,0.375,78.643,69.234
1683,3.268,13.837,2.109,74.197,70.802
490,2.463,3.957,1.349,75.388,78.272
503,2.66,12.881,1.405,76.737,91.073
562,2.347,3.946,3.199,75.033,87.229
630,5.085,9.249,2.661,75.493,81.282
957,2.922,4.281,0.263,74.332,77.981
721,3.852,6.829,1.493,77.234,69.309
1106,4.665,7.987,1.771,82.963,83.701
791,2.766,5.886,2.035,75.554,90.296
537,2.221,5.335,1.313,75.83,85.711
742,4.369,7.746,2.493,76.3,72.313
787,4.833,3.715,1.71,76.829,73.903
464,4.467,4.227,1.83,74.74,87.638
800,2.402,6.631,1.436,75.519,76.609
406,3.117,11.427,1.081,76.157,76.922
439,4.178,4.912,1.917,76.608,85.646
641,2.784,6.316,3.765,81.857,91.024
1025,2.608,5.285,1.166,77.124,79.215
722,4.729,3.901,0.973,76.217,74.777
950,3.659,11.72,1.58,77.046,83.644
766,2.828,4.557,1.506,82.842,83.461
916,2.95,4.941,1.475,75.93,81.199
914,2.981,18.518,2.666,85.484,82.449
833,4.036,8.445,3.932,78.066,75.194
516,1.972,6.405,2.012,75.815,84.038
639,4.624,12.534,3.521,84.952,71.996
877,4.854,8.568,2.146,75.128,78.712
552,3.09,5.166,1.826,75.646,84.666
558,4.784,5.217,0.827,74.715,78.951
892,2.304,12.298,4.048,76.836,82.037
809,4.583,9.377,2.47,77.67,71.249
750,2.65,9.321,1.487,79.446,75.074
1020,2.341,4.382,1.24,77.966,86.112
725,4.701,8.617,2.662,76.274,78.417
690,2.469,6.234,3.595,75.434,67.495
460,5.369,9.435,2.407,78.8,85.316
508,3.375,6.938,1.309,75.856,79.391
620,2.494,9.968,2.376,76.259,85.236
1021,2.765,9.94,2.277,75.418,78.89
653,3.568,5.346,0.759,76.438,87.405
800,3.587,6.834,1.431,76.531,82.102
876,2.942,16.194,2.465,77.641,82.446
1106,3.55,4.157,3.199,82.447,75.06
438,2.748,7.169,1.3,77.303,74.046
906,1.159,5.779,1.487,85.149,74.446
554,4.934,6.876,4.459,80.624,85.459
538,4.65,5.869,1.283,76.107,70.415
979,4.102,5.916,2.159,78.395,83.345
487,2.763,7.348,2.46,75.031,69.417
853,3.611,9.021,1.78,79.252,82.287
1080,4.622,7.907,1.799,76.372,88.711
808,3.555,10.66,2.498,75.843,74.377
376,1.76,6.66,1.285,77.123,74.727
885,4.334,6.036,1.073,75.079,74.017
868,3.875,10.803,1.507,76.412,75.918
548,4.145,6.187,3.968,76.784,88.212
654,3.339,4.414,2.983,82.863,65.852
518,3.357,5.674,5.348,82.845,74.79
651,2.219,4.347,1.455,75.743,80.789
1239,3.508,10.413,1.58,75.776,79.428
531,3.699,7.395,2.875,74.495,71.974
612,2.415,6.024,1.088,83.603,76.924
631,4.715,6.549,3.027,75.786,85.326
523,3.528,8.29,2.271,75.543,79.767
394,3.568,5.913,3.849,75.135,73.712
785,2.884,5.651,1.014,75.435,83.432
1204,4.955,5.332,3.721,75.862,81.873
736,2.52,4.285,1.546,77.373,77.503
744,5.066,4.851,1.973,81.116,84.579
674,3.143,9.443,3.254,77.787,74.412
793,2.553,5.713,1.666,78.306,77.488
338,3.985,5.057,5.379,77.21,84.218
1485,2.501,6.527,1.096,76.445,68.742
976,2.247,7.988,2.663,77.318,72.752
497,3.931,7.51,2.481,75.172,72.509
581,3.001,3.916,3.126,74.292,77.526
388,2.662,5.714,1.287,76.327,70.154
640,4.775,6.672,1.58,76.222,79.245
1277,5.476,6.054,3.383,75.175,80.138
936,3.368,5.637,1.85,84.534,79.677
884,2.813,11.355,3.17,75.559,77.355
1206,2.612,7.525,1.844,74.995,73.084
722,2.822,6.493,2.701,75.819,76.357
765,3.633,5.566,3.323,74.712,80.204
423,2.883,4.496,1.851,76.877,79.698
961,2.2,3.054,1.414,76.512,80.22
715,2.948,6.039,2.725,77.293,75.932
496,2.351,4.833,1.509,77.796,77.61
1129,3.53,4.296,0.908,75.454,77.844
756,2.129,6.83,1.727,77.778,79.496
1036,3.266,7.352,0.729,75.513,79.958
515,2.714,8.476,2.359,72.485,82.575
542,4.17,12.581,5.842,77.115,75.751
979,4.635,4.012,2.743,78.092,83.302
773,3.196,7.746,4.534,75.854,86.374
1092,2.63,6.135,4.246,76.654,75.563
934,3.368,5.276,1.631,76.056,76.981
752,4.706,6.109,3.0,75.41,72.58
891,3.044,8.83,2.517,75.952,91.254
383,4.569,7.596,2.821,76.187,71.391
701,2.381,7.291,1.305,75.584,73.495
600,4.875,7.702,2.288,76.65,87.882
624,3.34,6.378,1.682,77.387,74.297
716,3.704,5.75,1.063,80.976,70.514
721,3.461,15.288,2.748,74.098,83.697
506,2.654,5.094,1.289,83.8,87.399
764,2.907,5.882,2.677,78.384,77.829
730,5.867,15.459,3.757,74.162,66.796
414,2.946,5.165,1.157,76.244,80.72
750,4.388,4.997,2.309,75.137,79.659
1017,3.012,8.603,0.293,81.807,81.272
450,4.277,4.361,2.503,77.18,81.402
629,2.746,4.804,2.284,75.574,78.278
675,4.12,3.52,2.079,76.677,82.773
597,2.668,7.112,1.478,79.278,74.318
721,3.305,5.783,3.538,75.897,79.385
1018,4.57,4.831,0.902,75.088,72.834
1317,1.93,4.554,1.131,75.413,79.229
685,3.478,4.539,2.248,78.492,85.992
905,2.15,3.545,1.505,76.336,76.036
736,4.807,8.495,3.0,75.806,67.823
625,3.06,7.46,1.59,75.992,83.533
483,3.919,4.987,2.087,78.024,80.106
1007,2.645,5.072,1.835,76.438,87.24
447,1.824,3.94,2.94,76.029,80.754
595,2.008,1.825,2.47,78.045,72.269
579,3.854,1.532,1.27,84.65,74.985
752,3.631,6.404,3.472,75.025,75.256
1032,2.744,8.271,2.677,75.706,70.363
714,2.303,7.505,4.936,83.344,71.822
700,3.975,1.807,2.359,77.41,82.64
616,2.383,6.016,1.695,76.313,83.84
729,4.667,10.963,1.255,76.478,71.106
807,4.333,6.131,3.758,76.688,79.573
671,3.891,5.835,2.966,76.963,79.224
1093,3.043,4.496,1.555,76.962,81.426
1231,2.314,4.27,2.194,82.109,76.598
871,2.8,15.397,2.948,76.102,75.567
1077,2.033,7.23,1.227,75.8,82.412
1421,2.716,6.688,2.545,76.213,87.417
816,3.189,5.365,1.688,75.25,72.777
411,4.623,5.546,2.752,75.428,86.998
1068,2.93,4.411,1.361,75.469,85.967
1100,2.456,4.2,1.268,76.94,81.235
799,4.079,5.561,2.38,74.997,70.6
669,4.169,7.3,4.381,79.101,79.517
569,3.824,9.148,2.142,75.395,82.815
471,4.424,6.728,1.615,76.502,74.093
654,2.688,3.971,2.09,76.494,88.833
857,4.066,3.78,1.072,75.773,78.073
861,2.377,8.508,2.08,84.076,75.202
823,3.439,5.659,2.345,76.999,83.673
727,0.379,7.409,3.042,76.212,74.764
885,3.187,7.628,2.92,81.047,86.777
555,4.92,6.851,2.285,76.295,74.588
579,2.5,6.228,3.412,76.928,84.032
1448,2.315,6.833,1.648,77.227,79.919
763,5.393,7.723,2.034,76.653,78.835
768,3.478,8.309,4.629,76.487,79.584
1217,5.297,5.412,1.233,76.234,70.694
959,2.174,2.132,1.145,82.27,83.775
1104,3.924,7.442,3.119,76.889,65.986
957,2.864,6.209,2.546,76.019,84.54
1330,4.074,11.205,1.945,76.587,76.121
626,2.573,10.665,2.315,78.055,76.391
764,2.832,9.686,3.277,74.13,79.292
513,2.603,7.516,0.951,74.621,86.154
848,3.65,5.526,2.357,78.65,90.883
673,2.144,18.826,1.745,74.469,87.095
1070,4.244,8.285,2.621,75.489,77.219
404,3.915,4.51,2.791,76.843,84.05
576,2.142,6.28,5.304,76.347,74.316
680,4.313,7.826,3.061,77.791,74.382
1351,4.622,7.056,1.888,77.511,83.361
834,3.328,6.833,1.708,75.905,72.162
846,3.892,6.324,1.451,78.083,89.356
1364,3.182,6.142,2.212,78.354,91.58
697,2.562,5.565,2.553,76.969,81.044
1033,3.229,6.052,2.187,77.614,82.956
523,2.991,4.781,2.687,76.94,76.402
1224,0.469,3.553,1.349,74.396,83.11
1426,2.585,7.646,4.38,83.242,78.764
844,2.13,17.778,2.705,82.222,85.021
971,4.361,7.189,2.704,73.908,75.098
704,4.02,5.876,4.104,76.773,88.919
543,2.653,5.952,2.102,81.483,88.093
1073,4.733,5.772,0.717,77.992,83.518
584,4.012,5.958,3.091,77.872,69.53
763,3.677,8.431,2.578,77.074,65.079
609,4.78,7.031,2.336,75.186,78.289
916,2.325,5.893,2.087,82.096,66.509
1041,2.225,5.24,2.027,76.615,83.656
797,2.746,6.834,1.648,76.008,85.734
661,4.414,8.963,1.773,77.43,82.614
812,4.049,5.285,2.461,75.215,77.219
692,2.645,9.001,1.955,76.367,77.549
624,4.371,7.723,3.546,78.047,68.587
1037,3.141,4.48,1.342,74.291,72.385
755,4.71,5.824,0.99,74.764,76.878
891,3.795,4.241,1.674,76.579,85.495
491,2.994,1.849,3.216,77.373,81.969
1032,2.433,2.282,2.431,74.789,84.859
1131,2.388,3.281,0.948,74.216,83.97
634,4.343,4.328,1.41,77.315,73.624
427,4.193,7.058,1.174,76.662,73.056
630,5.394,6.395,3.686,77.344,71.3
1052,2.888,5.324,1.888,74.469,75.356
844,2.366,6.591,1.727,75.329,76.681
615,2.306,3.81,1.536,76.078,78.017
915,2.787,5.121,2.119,74.309,74.677
1179,5.159,3.894,6.123,76.231,70.939
894,2.885,5.533,1.334,73.908,65.761
1163,4.681,4.987,3.347,75.778,72.156
776,2.272,6.135,1.204,74.755,79.097
457,2.49,6.095,1.577,82.475,75.494
1818,3.752,12.116,1.581,75.239,80.3
919,3.067,4.246,1.106,77.362,78.255
877,1.97,4.539,2.444,74.274,72.871
939,3.837,2.714,1.868,76.259,84.0
819,3.348,10.151,1.293,74.69,70.117
656,2.116,4.42,6.357,75.449,83.771
1155,3.723,7.475,2.343,76.317,73.677
953,3.607,9.338,4.199,74.48,68.446
901,3.021,7.485,1.837,84.94,86.6
567,3.164,4.293,1.622,75.449,80.18
822,2.833,8.839,2.862,78.217,77.931
744,3.731,5.603,2.823,83.487,72.447
793,4.358,7.827,2.71,82.26,68.756
799,4.826,4.509,2.564,77.462,82.054
675,2.786,5.464,1.65,75.397,82.907
1404,5.527,8.373,2.098,76.191,77.734
610,2.36,9.929,3.286,74.699,69.936
960,4.94,5.892,0.961,80.943,88.49
1455,2.626,6.958,2.978,75.848,83.026
907,2.458,5.188,1.324,75.386,76.732
676,2.121,6.374,1.373,78.384,88.544
738,3.622,9.099,2.147,75.323,83.16
917,3.834,8.878,2.669,77.983,87.963
555,3.096,5.185,3.346,74.287,80.45
916,1.748,6.282,1.842,78.417,89.483
744,2.114,4.942,1.533,77.065,75.106
1313,2.659,4.574,3.597,82.682,85.363
755,4.592,3.732,1.624,78.872,85.842
540,2.915,6.296,3.622,79.953,79.529
589,3.162,4.577,2.707,77.531,77.268
984,3.206,4.707,2.322,82.834,82.038
701,2.553,4.298,3.178,82.937,73.911
440,5.16,7.181,2.92,76.762,76.486
745,4.58,5.168,0.828,77.655,73.516
990,3.071,10.008,3.431,77.902,76.404
611,2.351,6.416,2.919,75.587,77.061
689,5.031,5.129,2.673,76.1,75.049
815,2.072,7.649,2.325,75.826,68.829
1321,4.69,9.602,1.701,76.994,80.295
895,3.743,4.018,2.701,76.396,86.871
833,4.512,5.047,2.301,75.267,84.612
409,1.869,7.613,2.702,76.297,73.762
782,2.907,6.073,3.188,73.831,75.566
1194,3.541,5.801,1.202,75.064,87.35
999,2.365,6.749,2.48,78.365,69.481
759,2.961,8.402,3.003,75.339,71.973
624,2.009,8.283,1.912,81.956,77.046
505,3.577,9.374,2.048,76.715,78.784
965,3.219,9.391,3.063,77.643,82.78
1062,5.217,3.782,1.766,78.292,76.37
715,2.475,2.424,1.681,74.877,79.081
665,5.36,10.681,0.957,78.226,67.738
669,3.149,4.814,3.485,76.498,72.571
703,4.351,10.596,4.376,76.333,78.206
721,3.065,4.159,2.45,76.047,77.071
1399,3.37,6.848,2.015,78.113,73.67
700,2.823,5.612,1.347,85.901,69.904
469,4.316,8.815,2.03,76.616,67.283
1097,5.35,6.647,2.752,76.411,74.284
507,3.305,6.096,1.087,76.833,74.714
541,3.099,6.215,1.361,77.941,78.84
603,3.967,4.481,1.67,76.765,77.469
823,2.371,7.228,1.572,78.138,88.733
762,4.372,4.789,3.445,77.803,74.424
396,3.915,7.997,1.911,74.335,74.797
501,3.433,11.527,1.778,83.509,80.258
660,2.569,5.569,3.556,75.651,77.472
1119,1.653,6.999,1.718,86.018,73.633
628,5.249,4.534,1.645,75.371,78.493
740,2.479,6.949,3.0,77.474,82.228
1021,2.808,3.62,1.308,75.671,73.923
1067,4.271,9.989,2.345,75.039,79.93
830,5.214,7.404,1.256,76.524,73.939
947,1.177,5.923,2.253,75.478,83.534
760,2.718,8.151,2.14,74.846,74.525
633,5.948,5.171,2.353,79.348,64.994
592,2.57,5.202,2.789,75.886,79.924
726,2.62,12.983,1.946,78.034,75.099
1126,2.86,7.256,2.024,75.019,77.782
579,5.67,6.375,1.645,74.9,74.997
951,1.191,9.986,3.556,75.945,75.152
988,4.392,3.795,2.794,81.667,81.289
1109,5.129,11.934,4.646,77.953,80.037
1358,2.795,8.349,2.922,83.638,77.05
927,2.604,7.354,2.905,75.336,86.738
556,4.522,4.857,1.096,76.817,89.992
794,2.435,6.398,2.658,86.843,79.275
933,3.462,4.256,1.499,77.793,79.691
653,3.882,8.98,3.314,77.492,79.506
508,3.406,6.61,2.32,83.287,78.881
721,4.919,6.712,1.716,77.559,85.555
612,3.07,5.382,1.823,81.327,79.053
902,4.758,16.473,2.043,76.032,83.311
956,4.401,6.472,2.079,74.387,69.534
635,3.003,10.08,2.438,82.675,72.064
425,2.153,6.239,1.934,77.891,84.991
883,4.925,6.53,2.576,77.058,70.61
1204,2.162,6.61,2.879,76.02,67.406
826,4.549,16.236,2.218,77.937,79.455
432,4.683,6.713,2.479,74.455,83.599
912,3.217,6.056,1.783,78.035,81.304
728,2.446,8.959,3.552,75.738,74.466
524,3.48,8.172,1.195,75.636,66.536
699,4.253,5.268,3.607,82.136,82.651
579,2.615,5.145,1.055,76.663,83.233
572,2.367,5.713,2.078,84.594,83.108
906,3.84,4.334,2.834,76.129,82.348
709,0.663,12.694,2.543,75.361,74.605
1156,3.002,6.65,2.0,76.457,80.63
634,2.558,5.413,1.474,75.789,79.288
816,2.437,6.039,3.142,83.052,77.489
606,2.895,15.84,1.055,77.137,74.391
983,4.057,4.424,1.197,77.638,81.761
732,2.583,4.696,2.212,81.907,83.364
707,2.593,8.76,1.57,80.712,70.542
726,3.55,3.779,5.237,76.285,85.63
647,2.757,8.128,1.972,76.294,66.194
1281,2.06,7.65,1.961,75.418,84.961
555,3.295,6.808,3.091,77.793,70.478
652,1.922,5.892,1.932,77.036,75.943
627,2.533,7.276,2.308,76.02,82.724
535,4.41,3.352,2.432,77.359,78.389
481,2.196,6.784,3.311,76.224,83.969
887,5.171,2.949,2.099,76.729,71.431
493,2.896,10.194,1.544,75.0,74.362
891,0.345,6.392,1.405,77.48,84.553
707,3.963,4.812,2.066,86.235,77.577
770,2.261,9.425,1.539,75.796,77.407
836,4.963,5.859,2.237,77.17,66.082
791,2.484,7.64,2.97,82.733,81.864
1004,2.761,4.205,2.761,86.474,77.816
856,5.032,6.933,0.89,77.318,72.534
752,2.622,8.364,3.004,78.728,75.937
770,1.928,4.187,2.383,79.447,80.293
710,4.855,8.223,3.424,74.128,72.296
1036,4.621,6.479,1.605,84.24,76.605
1265,3.942,10.127,1.102,75.266,72.783
920,3.875,5.021,2.722,76.841,70.044
697,4.888,7.592,2.809,78.312,81.576
765,5.079,7.018,5.907,76.062,68.273
823,2.94,5.26,2.178,76.877,77.066
1141,2.492,3.643,1.87,82.478,83.384
1220,4.596,5.196,2.322,73.851,69.463
1191,3.943,5.625,4.126,77.33,73.522
669,3.832,10.15,2.175,81.119,72.266
1062,3.461,7.955,2.28,76.003,75.876
757,4.888,4.605,2.748,77.924,70.51
801,3.511,6.683,1.212,74.297,77.529
772,2.903,5.333,2.27,77.155,75.009
1043,2.751,5.115,1.314,74.462,73.349
1108,2.541,15.564,2.892,76.161,82.634
428,4.015,4.387,1.87,75.619,90.814
799,3.674,6.746,2.836,75.645,71.185
822,4.735,3.57,1.795,77.757,83.385
739,4.115,11.4,2.801,75.746,64.854
518,4.552,7.198,1.819,77.005,86.656
529,2.21,2.031,1.601,78.469,75.273
676,3.21,6.393,0.931,76.281,77.658
897,2.259,13.721,3.193,77.94,83.999
929,4.542,5.247,1.31,77.038,78.547
1069,5.433,4.557,2.205,76.838,75.84
559,4.07,7.019,1.711,76.908,74.856
388,3.084,10.994,2.392,75.95,83.822
980,3.632,7.707,2.48,77.432,81.433
627,5.605,3.349,1.633,78.017,85.718
716,4.704,5.891,2.585,76.76,72.823
665,1.789,4.885,1.976,75.211,74.838
616,4.429,5.176,1.534,77.363,87.286
581,1.965,6.997,1.855,75.247,74.641
608,2.654,9.502,5.879,76.8,82.373
997,2.224,6.332,2.75,74.871,77.028
797,3.24,5.085,1.425,83.103,70.922
631,4.43,5.541,1.36,87.2,83.004
471,3.474,7.205,4.414,77.585,84.934
554,3.493,13.355,3.101,81.204,66.353
1118,4.64,6.794,3.806,76.058,77.692
750,5.5,13.053,2.45,77.409,74.885
939,2.373,6.205,1.098,76.292,74.621
782,4.04,8.221,2.007,77.775,80.84
578,4.776,3.511,2.109,77.564,88.402
523,2.868,14.855,3.293,73.738,81.738
728,5.29,7.598,4.819,74.778,66.301
963,3.993,9.33,2.966,75.898,90.139
536,3.036,5.565,5.888,75.298,81.892
566,0.939,5.571,1.578,78.193,85.615
918,3.733,13.916,1.398,86.292,89.158
693,3.743,5.372,3.215,76.527,75.344
940,5.436,5.037,1.534,83.43,77.659
733,3.538,3.952,0.941,78.448,73.273
457,2.353,8.282,1.887,77.952,79.439
920,4.225,6.604,3.027,75.47,72.08
724,3.356,3.259,2.577,80.247,75.321
919,3.081,13.067,1.891,77.822,70.36
854,2.496,6.929,1.785,87.979,79.972
949,3.317,7.845,2.603,77.653,70.218
937,2.497,7.506,5.875,87.65,72.458
741,4.38,7.927,3.463,74.883,73.186
860,3.652,3.558,1.614,79.38,79.825
579,4.281,6.274,1.768,75.41,71.889
1209,3.633,12.101,1.37,81.588,87.475
734,2.651,4.575,2.901,77.399,87.052
1551,2.929,7.511,0.913,86.14,73.242
1140,2.776,6.535,1.711,74.049,88.383
512,2.503,6.385,1.76,75.926,69.174
900,4.556,4.966,1.739,75.29,73.577
397,5.156,4.818,2.076,76.388,74.608
778,3.851,5.221,3.417,77.935,71.844
380,4.042,10.437,2.508,74.953,76.946
602,4.677,6.768,2.095,77.118,74.421
429,2.922,7.354,1.391,76.731,86.292
1339,0.581,4.307,1.281,86.736,79.899
886,1.959,8.712,2.902,76.409,73.419
571,2.115,6.442,2.099,78.246,86.887
572,2.655,13.299,1.469,75.784,86.491
563,5.201,14.226,1.217,78.401,85.016
746,2.611,5.473,3.307,77.34,83.956
528,2.988,6.745,1.364,86.243,74.881
1198,2.44,8.21,2.866,82.565,71.129
1321,2.915,5.941,2.074,77.513,77.061
532,2.669,6.873,2.243,76.192,86.424
639,4.934,5.029,2.357,78.025,74.089
1085,3.936,5.391,3.121,76.334,73.433
752,3.418,6.339,1.133,77.521,78.289
912,3.735,7.036,3.03,75.903,82.776
901,3.089,6.69,1.519,75.833,67.515
595,4.83,5.913,3.066,76.632,84.575
1101,2.448,5.837,2.128,76.193,85.977
850,3.865,5.495,2.326,77.35,75.74
573,1.893,4.917,1.284,80.607,88.7
525,1.913,6.722,2.421,76.89,73.745
524,2.81,5.115,2.034,82.527,80.155
1390,5.067,5.921,0.438,76.241,73.94
942,2.45,8.779,1.426,77.757,81.499
1656,2.271,8.631,2.309,84.545,73.216
872,4.042,7.397,4.083,77.348,88.962
1000,2.318,11.639,2.342,76.538,94.049
673,2.428,11.438,1.829,84.523,86.068
571,2.563,6.159,2.521,75.926,72.882
1287,3.238,5.73,3.069,76.77,85.73
675,4.133,7.654,2.941,77.774,77.491
781,4.011,6.703,1.395,75.427,79.694
815,4.071,7.54,1.038,77.671,92.863
721,2.927,7.306,1.293,86.134,76.7
1517,3.834,12.322,1.24,78.802,82.588
971,2.958,7.172,1.066,80.902,78.267
747,4.965,5.533,2.12,75.936,72.696
725,2.622,3.969,0.99,74.738,73.593
540,4.299,7.805,0.844,78.782,88.736
937,4.35,5.052,4.879,75.035,85.841
982,2.288,4.107,2.848,76.271,78.848
667,2.835,5.404,2.929,87.405,77.596
483,5.361,3.745,0.729,77.372,79.507
607,4.017,4.402,1.474,81.123,82.057
468,1.311,7.569,3.643,76.431,77.891
1031,2.602,9.339,1.278,75.739,75.242
456,2.39,3.562,2.075,76.262,67.389
564,3.976,4.353,2.641,78.601,84.345
1663,3.587,4.527,2.776,78.299,69.15
442,2.99,4.492,1.068,74.509,65.784
825,5.076,4.545,4.488,75.576,80.175
739,2.367,5.572,2.289,77.427,83.049
1200,3.995,6.657,2.209,73.029,81.995
733,3.221,4.939,1.842,77.125,70.785
435,4.883,10.475,1.924,78.377,81.349
432,3.893,9.157,2.62,77.644,80.435
505,2.537,12.282,1.166,75.848,89.639
712,2.17,5.003,3.062,77.56,87.635
637,3.485,3.811,1.709,84.523,87.017
856,3.694,7.754,3.018,89.257,68.54
655,2.024,3.783,1.949,75.169,70.912
507,4.594,7.34,2.787,75.95,65.815
1424,2.767,7.107,2.258,76.857,79.366
550,3.409,4.224,1.999,83.801,74.369
793,2.457,7.598,1.871,74.281,78.199
964,2.924,16.877,4.541,76.481,75.262
856,2.338,16.045,3.754,75.312,83.121
1139,1.862,4.121,1.181,75.415,75.734
1156,3.769,4.028,2.698,83.922,74.512
544,3.798,6.007,3.144,78.116,74.995
577,4.044,6.768,2.043,74.232,67.818
828,4.057,6.836,2.057,78.166,89.053
1332,5.177,6.645,2.71,80.918,77.672
818,2.461,5.768,1.766,77.964,80.451
812,4.684,8.088,1.369,73.08,87.6
1339,4.324,8.278,2.515,77.385,80.65
669,2.453,10.836,1.101,78.884,76.944
881,4.007,15.119,5.303,87.822,82.952
1527,2.245,8.492,2.924,76.58,78.336
909,4.35,6.204,1.572,76.799,81.439
675,4.878,7.863,6.477,77.804,73.018
1076,4.974,7.302,5.115,76.276,67.95
737,2.023,8.385,2.771,73.845,86.187
808,4.683,5.113,3.032,78.302,87.89
688,4.25,8.056,1.477,76.155,76.519
733,2.376,4.774,3.068,76.456,84.942
770,4.421,7.489,2.022,73.854,67.809
507,2.842,7.491,2.205,74.67,79.406
991,2.64,14.52,2.025,76.933,68.064
964,2.969,4.101,1.314,74.331,77.928
830,2.941,4.307,0.906,81.951,85.639
1189,3.776,6.065,0.995,75.938,71.174
822,2.169,5.922,1.236,76.656,90.985
1097,1.843,9.24,1.076,74.241,85.758
583,4.32,4.66,2.791,75.832,90.167
549,3.011,6.063,2.031,77.917,90.549
770,2.204,7.418,1.409,75.541,76.968
593,0.217,11.593,1.287,77.166,77.77
722,3.483,5.348,2.408,76.184,76.904
681,2.31,3.634,5.95,83.167,73.096
824,3.149,4.671,2.402,77.036,78.806
954,4.026,3.931,2.199,75.558,81.499
403,2.732,7.43,1.247,76.505,83.707
606,1.707,4.527,1.282,78.705,75.304
956,2.082,4.666,1.299,76.76,79.435
491,4.166,6.449,2.343,73.603,80.612
952,2.863,11.346,1.742,74.016,70.431
1372,3.064,5.129,4.16,87.597,78.24
1088,3.876,6.593,1.154,82.164,83.658
889,5.243,1.308,2.439,76.453,68.985
1015,4.207,7.137,3.873,87.604,78.638
549,0.44,6.915,2.903,72.89,92.37
1011,5.192,4.39,2.1,77.535,81.475
540,5.366,5.938,1.357,77.264,81.568
932,2.952,9.357,1.655,74.326,88.921
704,3.909,7.393,2.936,78.473,79.347
760,1.882,2.418,2.196,76.229,75.06
1430,2.682,7.979,3.635,75.709,82.495
1233,1.698,3.333,3.54,76.604,83.577
676,2.316,3.641,0.941,84.95,76.896
927,5.049,11.484,1.701,73.97,78.793
905,3.987,16.073,1.426,76.985,75.242
750,2.348,8.436,2.367,77.693,79.639
770,5.688,5.32,3.165,76.758,78.568
1433,5.182,6.402,1.657,76.853,80.524
1795,2.282,5.817,2.218,75.435,75.921
795,0.555,4.961,1.996,77.496,82.174
1088,3.414,6.444,3.067,77.149,88.523
998,2.549,6.236,2.49,76.895,74.486
670,5.4,7.201,1.401,77.69,69.578
809,4.05,7.785,2.343,77.791,75.284
986,3.884,8.082,2.768,77.502,80.945
1259,3.54,4.694,5.664,77.172,83.561
501,3.293,8.038,4.777,74.59,78.131
1158,4.102,6.872,2.106,76.1,87.883
1639,2.459,2.499,1.34,83.818,83.367
697,1.862,6.641,3.167,74.522,86.422
633,4.97,5.679,1.2,75.525,78.367
888,4.524,7.603,4.739,74.733,79.89
854,4.244,4.926,2.526,76.143,83.471
959,3.577,10.019,2.198,76.829,77.195
652,4.262,6.582,1.38,75.362,72.622
1292,2.856,3.586,3.058,74.711,76.87
593,1.871,4.374,2.7,78.297,84.893
954,3.417,5.33,3.26,75.765,81.25
678,3.18,7.178,3.694,83.913,78.815
706,3.589,1.802,1.925,78.03,86.782
1282,2.848,5.991,1.367,76.878,76.887
641,4.435,4.029,2.259,76.754,70.999
573,2.664,8.286,1.905,83.202,81.188
914,3.712,5.169,4.331,77.825,74.773
1008,2.314,2.066,1.624,78.268,86.908
498,3.157,7.16,2.028,75.318,82.059
744,2.53,3.328,1.068,84.394,79.058
383,3.459,8.062,3.262,76.263,83.011
892,4.654,4.098,1.297,76.271,83.998
805,2.559,11.786,3.575,77.006,80.079
819,2.75,3.156,2.535,77.926,74.143
1121,1.831,7.354,2.514,76.966,75.044
728,4.03,7.347,1.164,73.262,64.692
609,4.49,8.167,2.925,75.328,80.603
739,3.812,2.764,2.6,76.416,82.363
997,2.259,6.986,1.204,79.956,72.044
755,3.211,6.86,4.847,76.391,80.887
517,3.081,8.021,2.358,77.943,82.259
663,2.394,4.788,2.819,76.605,68.301
562,3.76,8.619,2.669,73.767,84.062
664,2.483,9.227,1.889,75.017,82.621
758,3.364,12.194,1.328,75.486,66.137
764,2.425,10.389,1.906,84.898,72.655
518,1.012,5.047,3.461,77.042,72.027
451,3.109,6.266,2.296,74.481,79.517
779,3.464,4.021,2.831,75.767,82.32
674,2.75,12.774,3.763,76.338,68.795
601,3.04,4.209,1.955,73.933,68.188
751,2.488,17.335,4.763,81.683,73.351
586,2.054,3.762,1.636,72.43,78.556
749,2.095,7.121,1.64,77.662,82.387
729,3.594,8.615,3.737,74.846,75.484
1118,1.694,2.926,3.048,73.715,81.719
948,2.082,4.373,1.478,77.522,73.406
536,2.345,6.002,3.131,76.096,85.363
1259,2.698,9.368,1.38,86.454,78.204
555,4.648,5.763,1.578,76.763,69.53
542,3.924,7.33,1.127,75.933,82.768
648,3.28,6.93,5.994,75.509,72.935
1107,2.066,10.604,2.923,76.419,86.01
628,4.662,5.908,3.148,74.797,84.216
679,5.197,7.774,3.733,77.145,81.81
429,2.681,13.316,4.473,77.035,77.08
884,2.691,4.755,1.211,75.46,68.193
1381,4.41,6.872,1.591,76.305,73.806
644,2.179,3.506,1.867,76.444,81.589
814,2.582,5.512,0.76,75.768,84.193
532,4.928,6.622,1.54,80.571,68.146
729,2.884,5.825,2.464,78.802,79.592
600,4.222,5.752,5.136,76.154,74.291
720,5.322,7.47,1.484,74.712,74.097
503,4.311,5.254,2.327,76.99,79.438
943,2.754,6.75,4.195,75.724,72.423
622,3.897,4.128,1.105,81.22,83.357
1149,3.941,4.289,3.199,77.368,77.977
768,2.981,5.871,1.972,77.045,74.006
694,2.704,6.538,2.798,77.384,75.817
1016,1.918,4.834,1.492,74.42,77.469
971,2.163,5.289,5.557,77.715,83.297
868,2.434,6.641,3.328,77.326,71.642
718,4.685,7.656,1.811,75.88,90.245
558,4.094,8.064,2.212,76.524,72.691
700,2.428,6.126,2.882,76.17,73.302
854,4.289,11.524,1.322,75.161,80.167
727,3.75,6.88,1.6,75.031,75.323
629,2.886,4.555,5.271,78.063,76.134
715,3.178,4.028,2.418,80.657,80.927
424,3.577,4.682,2.441,76.893,74.768
558,2.048,2.191,3.496,87.125,81.077
742,2.715,5.798,1.457,76.282,81.023
625,5.618,6.189,1.133,74.162,76.832
881,2.886,16.442,3.071,78.032,84.725
1078,4.112,3.802,2.882,76.554,75.295
1150,2.236,9.361,1.45,75.854,76.112
572,3.696,4.238,2.807,75.735,88.237
1114,4.124,6.023,1.996,76.04,81.817
748,5.393,10.412,2.224,74.742,71.23
854,4.472,4.762,1.5,76.942,79.839
639,2.854,4.879,2.445,77.924,81.104
1292,2.754,10.88,1.524,77.228,65.456
467,4.372,10.278,2.976,77.933,83.524
612,2.595,3.167,1.395,77.281,87.968
770,3.807,5.611,1.663,75.663,85.679
557,2.639,10.884,6.107,73.692,81.574
1008,3.242,9.666,0.989,75.545,78.173
670,3.661,7.068,3.568,75.744,81.663
1174,2.664,4.639,6.116,78.269,81.158
1346,2.607,7.031,2.109,74.705,79.2
665,2.763,7.45,3.961,77.636,76.769
802,2.263,3.349,2.9,76.58,84.183
744,4.383,7.525,2.915,77.697,75.076
1035,4.657,0.745,1.475,76.319,82.138
832,4.072,6.7,1.737,74.51,85.696
741,2.28,6.869,2.099,76.015,85.928
758,2.924,2.961,1.851,86.215,83.004
1345,3.459,5.465,2.436,72.622,75.649
471,2.11,4.54,3.003,77.789,68.737
1014,3.907,6.195,1.448,84.833,77.444
1106,4.918,4.869,3.189,75.761,89.501
1409,2.388,17.316,3.479,76.244,87.816
1267,3.343,8.26,3.572,74.889,79.398
569,3.944,4.631,4.707,76.077,79.564
374,3.599,8.419,0.815,77.692,75.57
575,2.997,7.105,1.69,75.703,73.995
1005,4.394,6.725,1.254,86.566,78.934
736,3.669,8.625,2.05,86.091,85.011
907,4.032,5.981,1.851,77.265,83.828
750,4.108,4.291,2.514,77.013,77.871
664,3.081,7.879,1.428,77.335,76.044
899,2.433,6.57,1.601,76.663,69.624
1149,4.027,4.837,1.169,75.302,83.486
831,2.173,8.36,4.734,81.477,84.885
664,2.104,5.798,2.442,77.718,75.665
450,3.403,8.446,2.792,77.067,73.674
842,4.289,3.473,1.732,82.48,67.653
710,6.111,3.546,1.25,78.483,77.289
723,2.359,10.504,2.719,76.055,74.497
1111,2.575,4.67,1.378,74.985,87.59
361,2.458,7.597,1.868,78.216,82.567
897,3.552,8.119,2.807,77.173,78.311
576,5.496,13.115,1.251,78.091,71.935
678,3.841,10.74,5.919,79.656,80.7
532,2.458,6.208,1.902,83.913,82.844
1287,2.608,5.183,2.951,75.601,82.925
1038,2.59,4.873,2.791,75.461,84.997
799,2.554,7.243,1.896,81.732,86.318
1290,3.946,3.923,2.727,77.495,77.397
702,3.756,11.472,3.048,76.837,85.98
636,4.566,8.875,5.661,74.709,67.362
469,4.538,10.766,4.939,73.783,72.345
858,4.62,8.04,3.179,77.312,82.101
606,2.812,8.14,2.455,82.888,72.922
797,2.166,7.816,1.898,77.852,84.481
711,5.23,3.943,2.776,81.335,86.209
634,3.087,1.365,1.887,77.974,74.956
1377,3.267,6.834,2.798,82.471,71.323
784,3.668,4.723,2.971,78.327,68.331
958,2.933,5.318,2.678,77.389,78.552
1047,5.177,6.511,1.561,77.787,77.268
1018,2.403,5.319,1.568,76.824,84.866
1221,4.421,5.888,5.205,76.787,90.007
688,3.823,9.87,1.168,83.432,85.705
856,3.032,8.135,1.289,77.086,88.829
521,1.858,3.827,1.339,77.544,95.855
653,5.056,4.681,2.241,77.672,84.817
583,4.74,6.029,1.988,75.741,89.786
1108,3.189,6.991,2.043,76.771,83.282
1097,3.972,10.279,1.299,75.076,81.909
710,2.522,4.886,1.465,76.624,78.976
637,3.285,7.216,4.44,76.322,75.206
872,2.564,5.461,2.131,82.873,66.646
953,2.633,15.833,1.815,76.448,83.204
913,2.871,6.144,3.194,77.074,74.248
717,4.848,3.887,2.969,78.702,68.697
858,2.254,4.959,4.104,77.115,84.534
665,4.413,5.651,1.202,75.856,76.408
968,2.365,7.297,3.144,75.837,77.304
771,3.525,6.834,1.891,82.929,76.59
503,3.344,5.111,1.621,75.87,76.428
639,2.422,7.464,1.199,74.47,82.046
1155,2.054,8.638,2.661,76.764,87.796
1307,3.984,5.03,2.233,77.046,86.572
794,3.094,2.929,3.125,86.711,82.662
640,4.261,10.702,1.385,85.833,74.973
1006,4.089,3.364,3.705,76.015,88.073
1423,2.74,7.338,1.238,75.724,78.558
444,3.526,4.342,1.25,76.226,70.406
562,4.179,5.529,1.938,78.052,71.307
1456,1.936,3.761,1.468,74.065,89.698
866,4.311,7.446,1.036,76.18,71.099
519,4.133,4.233,2.884,74.708,78.656
1064,3.426,5.534,2.182,75.939,90.976
864,2.728,4.273,2.357,76.07,79.856
706,2.313,5.003,2.707,74.855,88.702
797,2.738,6.225,1.515,75.434,76.413
1106,1.994,7.144,1.36,77.685,78.201
1323,2.481,4.058,0.834,77.922,72.529
797,3.369,6.057,1.722,74.296,75.222
1230,3.881,5.806,1.18,74.961,74.068
870,3.599,8.149,2.964,77.523,83.251
481,2.271,4.448,2.968,75.246,76.883
968,5.467,6.973,2.309,75.477,69.595
978,2.155,4.136,1.688,78.145,89.769
778,4.466,5.323,1.699,76.615,71.658
1500,2.874,5.017,1.808,77.492,85.556
777,4.004,4.337,3.375,77.074,79.344
546,3.821,10.52,1.829,78.297,78.261
919,3.467,5.899,3.114,77.433,72.507
969,2.576,8.164,2.085,83.938,81.038
465,4.061,10.688,1.813,74.82,74.493
971,5.27,6.737,1.627,75.991,78.346
1376,4.962,4.651,4.514,83.033,74.835
540,3.227,7.655,1.292,83.601,85.233
642,3.016,9.08,1.237,73.822,83.517
574,1.969,5.977,4.511,84.938,83.553
1435,2.624,8.573,2.31,76.199,90.046
710,1.924,5.236,2.92,76.32,87.759
1115,3.137,7.398,1.787,74.936,82.153
1176,1.743,4.394,1.745,77.33,74.766
933,5.468,6.336,1.593,77.772,74.376
1408,3.263,6.984,3.267,85.42,84.57
970,4.961,8.158,1.486,78.291,76.086
597,3.011,7.11,2.209,77.115,88.772
1246,2.948,7.006,1.408,76.189,74.486
789,2.126,3.848,1.518,77.698,81.52
441,3.305,6.56,2.704,82.416,81.156
844,4.205,5.984,0.812,78.073,92.221
564,4.506,7.505,2.519,74.848,67.336
469,1.775,4.008,2.839,76.94,87.629
723,3.729,5.262,3.731,83.842,73.901
966,4.46,3.611,1.841,77.692,83.552
691,1.935,7.491,2.439,74.943,80.516
756,2.117,11.142,1.711,76.55,78.8
1093,2.88,8.94,2.087,77.456,83.51
485,2.623,6.333,2.816,73.008,68.714
659,3.364,6.896,2.554,77.962,92.539
1079,3.694,9.427,1.898,76.961,75.589
827,2.669,5.092,3.601,81.581,76.544
480,3.03,6.115,1.268,76.793,74.486
917,2.775,16.566,2.685,75.793,81.853
737,3.443,4.418,0.889,76.61,74.426
629,1.844,6.115,1.923,77.246,79.322
463,5.324,4.719,3.25,73.879,69.37
852,1.883,6.61,2.246,75.932,80.478
576,1.932,4.865,2.559,76.975,77.919
883,2.222,5.866,3.176,76.559,83.531
611,4.245,9.959,1.264,81.332,78.542
1048,3.864,5.192,1.773,75.46,79.651
922,2.698,5.094,0.907,79.662,71.549
783,4.593,7.977,2.929,83.355,79.579
506,2.604,18.664,4.626,76.094,78.843
478,2.611,7.001,2.235,75.195,84.215
898,2.79,8.296,5.222,74.738,82.968
404,3.055,5.888,2.915,76.702,82.185
630,2.951,10.006,2.018,82.797,68.664
770,2.499,5.934,1.845,73.954,80.532
1264,3.198,1.17,2.069,74.781,77.036
658,4.504,4.947,4.411,75.626,92.647
913,2.006,4.626,2.139,86.042,79.848
546,2.972,7.005,3.737,76.775,78.894
993,3.408,5.816,1.782,75.523,68.424
869,3.737,5.92,1.727,75.873,71.148
543,4.686,11.044,3.455,77.014,71.428
939,3.849,5.115,2.551,86.532,90.822
881,3.766,3.782,2.703,76.539,70.882
963,4.146,5.817,2.878,74.43,79.107
495,4.306,5.215,2.458,74.2,63.241
846,4.406,12.114,2.276,78.099,72.859
1289,2.3,2.904,2.495,76.423,77.653
905,3.612,2.503,3.18,77.06,85.549
526,3.117,6.475,1.441,74.639,80.61
658,3.283,6.827,1.945,77.063,73.344
670,4.162,5.084,1.601,77.372,76.12
568,2.435,5.91,4.017,76.188,76.557
560,2.991,9.956,1.86,76.413,87.161
753,3.665,15.855,3.386,76.215,85.592
496,4.131,8.78,2.848,77.014,75.722
487,4.081,6.564,3.14,77.537,84.884
1642,1.939,9.873,1.38,76.139,79.837
1328,2.158,6.964,2.86,79.234,68.312
841,3.681,3.158,4.446,85.303,80.816
832,2.378,8.749,1.54,83.011,83.447
1247,2.499,2.605,2.979,75.728,76.334
1242,4.472,7.633,3.757,83.766,67.14
1175,2.7,6.351,1.098,75.066,80.003
766,3.419,6.912,1.764,74.734,67.969
848,4.106,4.409,2.524,78.278,65.001
779,2.251,5.858,1.547,76.14,77.175
891,2.539,7.324,1.967,75.491,75.296
836,2.321,7.182,1.642,80.858,75.462
866,4.85,6.149,2.634,77.542,75.472
930,2.169,6.797,2.202,76.961,76.769
2024,2.765,5.432,2.082,75.667,71.834
666,4.409,7.172,2.095,76.572,82.599
785,4.611,4.905,1.072,77.477,69.551
1031,2.71,7.364,3.39,75.23,72.969
952,3.981,10.045,3.34,74.276,79.617
604,3.58,16.926,1.54,74.698,73.881
1269,2.425,0.837,2.067,82.613,77.325
838,3.101,5.703,2.628,75.475,74.898
562,4.202,4.101,2.561,75.896,84.932
808,4.774,6.642,1.058,76.646,78.203
803,3.107,7.007,1.203,78.006,84.706
854,4.159,1.937,0.989,83.477,86.593
530,2.156,2.779,2.797,76.452,78.165
978,1.268,7.129,3.327,77.259,90.144
644,4.067,11.059,2.864,74.922,78.347
533,2.588,7.515,3.727,77.6,90.94
1055,5.54,4.786,2.453,75.755,86.391
2151,2.368,6.261,3.296,77.524,77.04
801,2.137,8.443,2.16,77.647,75.362
694,4.811,3.984,1.065,80.637,79.906
866,4.346,4.1,1.099,78.992,71.586
484,2.644,4.588,2.426,82.484,81.307
672,1.601,6.456,5.214,85.042,84.165
1026,3.54,4.751,1.941,86.879,82.723
654,4.231,6.525,1.055,72.859,74.414
545,2.879,7.144,1.106,80.733,87.375
529,2.5,5.34,6.01,77.104,84.223
563,2.934,13.86,1.766,74.508,78.465
1015,3.01,4.181,2.787,75.893,85.174
668,2.805,7.188,1.187,74.143,80.31
871,5.446,5.538,3.869,75.611,78.832
478,2.763,8.433,2.494,74.486,80.34
926,0.879,5.931,2.781,77.58,85.306
394,5.047,4.78,1.109,75.777,82.658
748,3.197,7.188,2.178,75.817,76.965
412,3.854,0.683,1.142,78.925,82.975
613,1.845,6.395,1.704,73.617,80.648
805,3.064,6.427,2.729,76.581,90.157
572,3.5,10.021,2.172,77.484,78.835
859,2.862,8.592,2.941,76.089,74.439
708,2.975,7.78,1.336,76.246,74.345
345,0.464,6.262,2.202,76.903,75.418
570,3.405,5.856,2.545,76.355,74.116
453,2.549,2.371,1.706,74.983,82.573
670,0.928,4.897,1.209,77.311,79.4
876,3.72,4.255,1.783,75.68,77.862
411,4.724,4.928,2.077,76.133,78.571
550,1.858,4.524,1.593,81.588,78.859
565,2.867,6.013,1.652,84.923,77.723
529,3.216,5.469,2.197,78.294,75.391
924,3.844,2.271,1.736,76.097,84.601
1183,4.108,0.36,2.718,78.006,86.468
966,4.098,5.943,2.926,78.339,87.531
452,1.767,5.66,1.481,80.128,85.155
1188,5.025,6.546,1.983,83.277,75.442
886,2.593,3.931,2.189,78.368,70.238
1023,3.853,7.704,2.839,77.215,76.437
950,3.831,5.286,2.734,77.531,77.603
812,4.165,5.895,1.636,76.24,79.97
756,2.244,6.409,2.197,75.025,76.168
465,3.375,9.859,2.221,76.817,82.983
1088,4.379,5.643,2.179,75.891,73.827
1029,2.998,5.716,2.008,76.69,75.394
856,2.99,6.834,3.384,77.563,77.306
61,3.937,8.088,1.845,77.227,74.088
449,2.542,10.586,3.577,83.818,79.168
430,2.727,6.176,1.677,77.2,73.451
569,2.681,7.634,3.286,76.11,75.532
695,2.341,4.103,2.214,76.677,70.95
565,3.317,6.244,2.06,82.312,68.127
624,2.894,6.863,2.299,77.022,66.492
561,3.058,2.871,4.779,77.311,82.584
695,2.876,3.8,1.144,75.84,82.133
588,4.265,5.508,1.724,76.332,82.985
820,5.4,7.433,1.317,77.889,73.198
434,1.957,9.357,2.018,75.146,80.624
640,4.994,5.619,1.423,75.293,71.012
475,4.573,4.625,1.856,74.608,76.597
715,2.399,5.344,3.013,75.195,81.961
1342,2.654,5.265,4.186,86.069,75.121
463,3.877,4.457,0.858,75.938,86.105
1217,4.445,6.283,1.44,76.758,77.551
1297,4.45,6.573,1.329,81.461,87.5
1234,2.982,12.639,2.102,77.377,74.82
535,2.702,9.937,2.48,77.77,79.853
493,2.22,5.842,1.371,73.511,79.419
2061,2.238,5.367,2.173,77.182,84.102
630,3.175,8.259,1.881,76.655,72.762
560,3.922,6.49,3.563,86.654,89.577
1429,2.157,6.78,1.906,87.209,82.942
793,5.913,3.983,1.413,74.9,68.447
1437,3.981,8.193,1.742,75.605,76.847
1500,2.194,14.626,2.774,77.797,81.099
1004,2.401,7.637,1.063,81.311,76.29
883,4.697,8.09,1.776,75.462,73.966
1261,4.031,7.454,5.962,84.515,73.993
821,2.074,3.655,1.796,77.285,72.182
625,2.564,4.365,1.262,86.531,81.401
603,3.445,4.725,3.436,77.731,75.955
1128,4.699,6.655,0.968,77.662,72.741
1074,3.602,5.326,2.132,80.295,85.388
671,4.184,7.137,2.777,77.188,79.178
636,4.62,5.455,2.583,72.689,79.978
814,2.555,5.634,2.924,76.178,83.35
932,3.465,4.315,1.596,76.583,87.518
692,3.125,4.539,2.949,76.423,72.908
494,1.94,9.428,2.646,75.173,88.38
640,3.304,7.85,2.788,74.236,69.085
869,4.855,5.247,3.269,75.883,87.301
971,2.443,7.764,3.152,73.837,68.907
1172,2.312,1.465,1.513,76.831,83.24
597,4.505,7.868,2.903,76.481,74.154
917,3.38,16.662,2.629,78.118,85.526
490,4.781,6.661,2.784,82.182,72.78
1372,4.582,6.237,4.052,76.375,79.412
733,3.529,4.226,2.396,76.605,73.915
666,3.221,7.259,3.125,77.131,82.755
802,0.269,10.212,2.226,74.684,87.349
590,2.949,13.413,1.942,77.62,88.419
567,0.614,4.467,1.902,76.958,85.755
974,2.536,7.137,2.458,83.876,83.29
624,2.873,4.249,3.087,76.873,69.184
589,2.516,6.336,1.201,78.086,69.481
899,2.463,5.814,1.672,78.585,69.051
895,3.788,5.626,2.444,76.065,81.319
757,2.915,6.176,2.73,81.934,79.491
742,2.181,5.744,1.386,74.72,90.059
620,3.738,7.573,1.746,77.824,85.004
718,1.942,5.09,3.701,77.998,78.545
674,4.823,4.547,4.62,85.741,83.958
539,2.85,8.626,2.104,73.878,81.974
820,2.224,9.981,2.189,76.3,85.275
749,4.183,8.334,1.851,76.449,79.233
678,4.953,4.28,2.317,79.486,85.467
800,3.496,18.015,3.147,78.589,77.634
894,2.577,7.534,2.155,78.704,82.958
792,0.059,4.658,3.264,78.149,80.476
1009,2.99,8.195,2.877,76.508,70.319
852,2.399,5.423,2.714,74.715,80.18
1240,2.914,8.407,1.794,76.041,67.157
636,3.198,5.357,2.15,77.291,79.659
1102,2.261,5.604,2.213,77.632,74.226
553,3.967,4.017,1.37,76.336,87.795
997,2.401,4.841,4.62,76.135,78.838
586,3.559,5.219,3.271,76.983,71.937
569,1.755,6.864,2.337,77.209,66.835
764,2.357,7.379,2.51,75.8,73.779
439,2.918,8.389,1.671,74.53,70.143
736,3.064,5.088,1.951,75.825,92.517
1339,3.579,5.79,1.036,76.954,72.985
921,3.071,6.4,1.505,74.145,80.059
714,2.037,1.525,1.509,86.498,81.88
642,3.588,12.32,2.562,76.668,78.902
1305,3.858,8.382,2.397,84.299,79.536
1213,2.666,8.282,2.225,76.549,82.268
524,2.372,5.961,2.696,76.399,73.776
606,2.087,5.692,1.146,75.2,86.119
829,3.582,5.129,2.298,85.702,66.917
461,3.842,8.402,3.835,73.586,84.11
1326,3.793,9.637,1.477,76.522,82.893
511,4.145,15.35,2.54,77.509,69.871
802,1.838,10.004,2.716,76.881,82.982
504,2.171,6.411,1.802,76.539,82.913
709,4.96,4.832,1.401,75.682,72.447
806,2.181,6.089,3.674,77.812,74.187
867,4.711,5.052,2.037,75.529,77.856
693,2.594,5.46,1.308,75.978,80.154
738,2.691,5.166,2.032,74.287,79.804
441,3.482,6.855,2.908,76.25,68.659
465,2.983,10.057,2.654,76.569,77.075
564,2.178,4.434,2.15,77.882,75.034
514,2.897,4.424,2.122,76.622,75.353
514,3.681,3.942,2.224,78.245,76.138
1019,4.393,7.818,1.771,83.273,69.103
694,4.295,8.738,3.651,77.706,80.322
1482,3.594,4.342,2.22,78.612,79.279
707,3.894,3.702,2.569,75.001,90.589
840,2.357,6.091,1.5,76.634,81.459
1199,3.665,9.29,3.295,76.626,80.888
826,3.856,3.272,1.333,86.126,75.554
494,2.13,7.876,3.806,82.019,74.211
980,2.719,13.618,3.083,75.936,78.71
1297,3.575,6.935,1.472,74.248,76.34
555,4.89,5.608,4.371,75.439,76.143
833,2.662,7.046,2.922,76.525,80.997
558,2.504,5.908,6.563,74.541,86.247
769,3.479,7.095,2.933,75.508,71.404
556,2.966,9.509,1.682,76.789,67.389
562,4.468,5.704,2.146,75.462,71.546
970,4.474,4.269,2.53,77.401,83.017
611,3.164,6.526,2.358,77.888,79.098
856,2.959,10.47,1.532,85.319,82.352
731,3.192,6.063,1.707,75.407,86.09
863,2.987,9.988,2.053,77.661,84.376
565,2.171,4.769,1.335,76.183,70.348
754,3.906,5.201,1.742,74.192,75.639
406,4.31,6.184,1.305,76.79,79.442
463,2.167,8.877,3.306,78.912,81.878
500,4.368,5.916,3.215,75.947,84.219
913,2.902,7.261,1.945,75.879,79.014
521,4.143,2.152,2.14,75.092,87.967
504,4.569,5.937,3.107,76.698,78.829
605,2.934,3.356,2.859,76.579,78.944
757,2.648,8.519,1.85,74.419,77.188
623,4.255,4.241,2.382,75.099,81.746
393,2.528,5.839,3.252,83.57,72.643
982,2.077,8.886,2.334,77.829,86.601
540,4.992,11.874,0.979,77.448,70.764
850,4.304,7.851,2.913,76.379,83.261
577,4.597,4.857,4.801,75.982,69.555
584,2.723,12.475,2.615,76.018,82.126
882,3.016,5.052,2.535,75.345,90.649
645,3.896,9.627,1.927,77.676,75.237
802,2.134,4.327,1.132,77.485,71.645
1673,3.55,3.172,2.232,78.062,81.121
393,2.629,4.129,2.565,77.996,78.753
1179,3.138,5.018,3.543,76.926,80.664
697,4.483,5.159,1.828,77.706,75.354
657,2.211,3.6,1.026,75.945,71.238
845,0.958,5.643,3.182,78.282,70.262
489,4.016,7.326,3.128,75.318,70.013
422,2.66,17.18,2.275,77.389,81.11
1118,2.302,9.866,1.364,75.636,89.442
882,4.842,5.604,2.667,76.561,85.455
550,5.778,4.872,2.247,78.272,85.071
885,2.069,5.72,3.191,76.538,80.662
870,2.227,6.274,2.568,79.598,80.392
697,1.902,5.619,0.719,75.774,68.157
555,3.536,7.243,2.642,76.62,65.414
982,2.938,6.808,1.613,76.505,71.21
486,3.084,6.64,1.992,74.174,78.46
789,2.469,4.36,1.602,75.508,79.051
1263,5.322,3.302,2.491,76.847,84.362
1178,3.88,6.063,2.758,81.299,82.501
1381,2.936,15.995,4.251,75.728,78.96
518,3.199,5.622,2.857,74.507,82.409
1176,2.588,6.912,2.288,76.883,86.55
764,3.828,4.98,2.901,77.34,79.241
1628,4.635,4.874,2.54,86.881,79.578
837,3.499,5.389,1.226,77.731,89.32
628,5.184,5.181,1.45,76.284,82.38
974,4.372,6.969,6.878,75.497,83.009
541,2.112,1.959,2.778,74.537,72.186
753,2.003,9.155,1.759,75.413,81.638
911,3.242,5.668,2.642,76.266,73.59
832,4.846,5.581,0.691,76.012,79.207
1025,4.002,6.78,1.341,77.652,82.471
411,2.623,7.66,1.582,77.032,76.449
513,2.482,5.183,3.365,75.704,78.27
494,4.496,5.136,2.2,76.808,83.113
835,1.018,10.281,1.763,77.5,85.559
693,2.419,10.602,1.929,75.462,78.265
454,4.257,3.846,1.901,78.406,67.516
773,2.446,5.241,5.369,76.024,81.325
756,4.314,6.395,1.429,78.559,83.257
652,3.157,4.866,2.364,79.748,77.239
1332,3.298,5.024,0.803,75.936,76.397
859,4.19,3.626,2.791,78.636,80.259
698,4.435,6.596,1.332,76.564,78.287
974,4.381,5.455,1.851,77.516,78.658
539,3.333,8.205,2.232,77.46,86.442
589,2.524,4.683,1.766,76.395,68.771
883,1.191,4.536,3.361,76.661,70.909
640,3.988,4.946,3.056,83.243,74.342
569,3.18,4.325,2.044,76.387,72.963
1048,3.678,7.842,1.615,77.123,82.883
870,2.475,7.623,2.563,74.186,74.999
579,4.37,5.803,1.225,82.704,62.446
525,2.275,7.55,1.626,76.103,65.483
699,3.311,13.78,3.025,77.245,72.065
860,2.248,4.059,2.436,74.753,74.69
1082,2.01,5.182,1.425,76.539,69.074
571,1.526,7.3,2.699,77.912,78.747
1419,2.226,5.925,1.072,77.486,85.599
1048,4.002,6.866,2.295,75.807,75.054
708,2.569,13.731,3.895,74.215,80.725
987,2.988,7.97,2.638,75.935,71.227
868,4.239,6.955,1.269,77.193,71.713
846,0.263,7.646,1.476,76.035,76.354
476,3.339,7.578,1.603,75.24,70.507
492,2.716,8.291,1.916,76.545,69.793
1297,3.295,4.649,1.51,75.408,76.062
431,2.65,4.261,2.469,77.425,74.997
422,3.164,8.151,1.681,77.922,73.016
530,2.235,6.365,6.079,76.213,68.451
1111,2.663,7.28,2.766,79.063,80.618
1326,4.572,2.016,2.385,76.288,71.686
873,2.633,3.139,1.221,77.529,86.673
607,3.801,7.848,1.266,75.049,74.305
1447,4.257,8.162,2.617,75.432,80.207
514,2.717,3.748,3.867,82.253,81.697
556,2.13,3.448,5.128,75.364,76.393
962,5.563,7.596,2.838,80.043,86.156
907,2.223,5.443,1.544,88.133,81.57
1603,3.798,7.942,1.517,78.152,79.162
566,3.517,8.587,2.07,76.668,72.648
942,2.783,7.346,2.787,78.012,72.835
829,4.315,15.269,1.73,78.168,77.126
650,3.835,6.485,3.299,75.724,71.613
510,2.404,6.097,2.564,77.542,80.454
610,4.852,9.198,2.861,77.22,84.797
668,2.24,9.066,2.981,84.591,75.497
819,2.383,6.738,3.231,77.415,78.061
672,2.776,8.336,4.929,76.252,89.483
610,5.284,6.576,2.884,76.856,75.402
823,3.461,2.919,2.978,76.703,71.9
740,2.908,5.83,1.468,84.273,78.654
739,2.318,8.796,1.685,76.773,84.395
524,1.869,5.641,2.109,76.066,90.346
512,4.402,5.061,2.088,76.255,71.785
1069,2.298,8.382,2.671,76.221,71.087
1049,2.954,7.691,2.696,77.575,85.049
598,2.875,4.699,2.766,76.601,76.11
614,4.686,5.791,1.534,75.651,90.935
443,2.827,8.078,1.894,74.892,75.764
852,4.525,4.596,1.15,78.187,92.022
1079,2.382,7.392,1.584,78.515,76.302
744,2.934,3.686,4.918,76.223,76.542
490,2.915,3.745,2.004,75.978,79.159
1276,5.482,5.349,2.471,76.534,77.491
639,2.835,9.091,2.988,74.097,72.304
1005,2.773,4.956,1.796,77.524,80.286
631,3.18,4.588,2.058,74.686,75.288
623,3.999,6.043,3.547,74.117,68.502
900,2.77,5.408,2.374,77.909,82.238
927,5.056,6.269,1.252,78.013,81.701
1056,4.276,8.988,2.274,83.722,78.435
629,2.051,3.79,2.818,76.919,86.839
693,3.858,7.229,2.468,75.034,75.696
1063,3.144,10.21,2.218,73.456,85.349
713,4.413,6.359,1.708,76.582,73.035
808,2.186,4.16,2.835,76.04,76.997
975,2.465,7.647,1.08,75.599,68.856
467,3.858,9.194,3.545,73.515,71.289
460,4.634,5.571,1.165,76.301,75.355
738,2.619,3.589,1.139,76.145,76.058
485,3.705,4.117,1.35,75.134,71.409
738,3.065,10.505,2.479,77.063,66.469
641,2.15,8.429,2.563,76.5,84.704
613,2.757,6.603,3.33,75.676,79.898
1251,3.74,5.817,3.386,77.425,68.229
1089,2.734,1.471,2.778,78.337,88.806
599,3.712,5.474,2.88,85.68,80.887
789,5.437,5.502,1.962,76.175,80.973
685,2.788,5.282,3.224,77.839,72.606
1127,3.974,5.668,1.079,76.566,75.449
853,3.248,9.108,3.873,83.317,84.109
479,2.374,10.445,2.406,75.22,86.411
946,3.582,4.84,1.697,76.204,79.026
987,4.49,4.157,1.134,76.634,82.251
563,2.652,6.249,2.968,76.866,83.754
679,4.725,6.549,2.93,76.77,85.643
1251,3.584,1.041,4.833,77.545,72.673
961,2.741,7.329,2.411,75.727,72.51
221,5.176,4.49,2.038,74.23,65.769
1059,2.11,5.683,2.477,76.081,92.23
1057,2.02,7.336,3.377,81.06,70.686
1478,3.082,4.38,1.856,76.949,74.685
1255,2.944,5.148,0.884,76.295,66.906
1315,2.849,10.793,1.524,78.069,72.005
1649,4.258,8.007,1.837,78.216,74.742
476,2.279,1.444,2.666,84.97,81.906
1161,2.15,7.156,1.719,76.244,70.458
1089,3.451,6.678,1.995,76.919,71.89
635,0.521,5.758,2.514,82.683,85.272
886,2.956,6.429,2.95,75.52,89.901
576,2.932,5.55,1.268,83.397,75.326
789,5.171,4.93,2.031,74.026,71.254
430,3.097,6.543,3.173,76.08,81.273
1439,1.698,5.528,2.709,85.432,88.104
1208,3.91,10.236,3.268,76.598,84.855
433,2.209,15.067,4.241,76.788,77.791
722,3.901,7.442,1.632,76.244,86.265
939,3.065,7.768,2.291,87.977,73.357
431,3.897,4.746,2.273,73.399,85.573
679,4.518,7.626,1.896,78.33,80.823
1088,2.937,5.038,1.194,76.099,74.659
1386,2.363,8.017,2.302,76.408,75.557
910,2.2,4.673,2.892,83.447,82.1
530,4.142,3.921,1.34,76.56,84.978
914,4.543,6.193,2.377,82.984,72.531
853,4.576,4.034,1.321,75.01,75.731
650,2.942,5.402,2.001,74.821,83.687
566,4.014,4.462,3.044,77.354,82.325
619,3.15,4.171,2.274,77.094,93.053
479,1.954,5.349,4.871,75.385,76.067
532,4.974,5.408,1.775,75.512,72.898
747,3.128,5.462,2.505,83.687,81.956
702,3.736,5.915,2.344,75.466,76.111
2020,2.483,11.085,2.47,78.886,71.329
1366,4.612,5.463,2.132,76.494,69.36
784,2.505,10.212,1.589,77.147,73.779
641,3.417,10.319,1.917,77.309,77.226
800,1.892,4.86,1.792,74.859,85.241
833,2.822,6.188,2.83,75.69,73.954
657,5.049,4.009,0.882,78.013,80.977
694,2.04,4.358,2.016,76.549,67.002
603,3.068,5.146,2.101,76.622,79.113
1201,3.932,7.061,2.352,77.234,68.558
649,3.028,10.625,2.101,76.634,79.543
692,3.629,7.165,1.376,84.676,78.647
1402,5.071,9.633,2.843,77.17,79.839
724,3.233,12.894,1.22,79.75,75.238
998,3.564,8.509,2.602,76.962,91.853
592,2.692,8.96,2.814,76.222,78.285
774,2.865,6.784,1.294,77.236,76.058
355,1.707,4.389,1.596,77.133,89.236
819,3.06,2.36,0.473,87.361,87.947
925,1.986,3.341,1.907,86.338,78.692
529,3.981,6.436,1.96,75.29,78.32
827,2.171,4.367,3.025,76.198,73.636
772,2.263,6.299,1.901,77.323,79.504
589,2.418,5.656,3.359,74.023,76.846
494,3.273,7.327,3.811,76.533,80.008
603,2.763,7.384,4.349,76.441,78.539
552,5.147,6.383,1.684,83.339,81.435
346,1.974,10.328,2.126,75.927,68.536
942,3.408,4.416,3.619,77.804,83.948
985,3.681,4.997,3.28,76.479,76.404
401,1.725,4.717,3.231,86.948,82.339
407,3.918,7.234,4.111,78.262,88.27
854,5.908,12.754,1.36,75.568,81.667
776,2.518,5.263,2.809,88.147,85.338
763,4.565,10.117,1.2,78.041,73.714
545,4.612,10.954,0.92,75.209,70.865
774,5.27,5.48,2.626,78.12,78.38
624,5.261,6.503,1.44,73.374,65.88
803,3.753,7.105,2.769,73.952,65.88
873,1.931,5.004,2.169,77.152,84.248
563,3.593,8.518,1.735,74.492,65.98
694,2.621,6.972,3.135,74.71,68.356
1053,3.53,6.388,2.681,85.732,88.961
690,2.802,7.288,1.668,74.838,72.609
518,4.863,3.719,2.63,77.469,83.724
411,1.771,6.127,1.64,77.072,82.47
470,4.916,7.289,3.608,77.363,75.891
621,2.555,5.704,2.77,78.219,79.205
710,2.173,7.735,4.322,82.122,81.72
902,2.405,5.656,1.519,76.989,78.316
685,3.828,6.782,1.314,75.425,90.593
565,4.438,5.111,2.34,75.286,82.584
773,5.133,6.824,1.439,76.579,88.501
762,3.902,5.712,2.324,76.137,74.284
719,2.856,5.38,4.425,83.677,78.288
1855,2.664,5.396,1.512,74.722,87.339
1282,2.728,5.769,2.589,75.48,75.157
761,2.344,10.867,4.423,76.588,80.808
561,3.351,7.179,4.336,76.431,78.663
386,2.768,7.061,3.534,76.293,74.918
812,2.085,4.548,2.477,74.431,71.856
1051,2.587,7.667,4.489,75.176,69.508
652,2.135,4.624,2.212,78.392,81.358
643,4.152,5.744,1.568,77.151,84.576
556,3.204,3.866,2.114,76.31,82.813
593,2.384,12.81,3.208,73.389,70.909
930,4.711,6.559,1.704,78.184,86.741
706,3.621,6.413,1.779,76.301,76.944
1515,2.526,4.321,2.376,78.433,73.698
645,4.824,8.478,3.111,76.353,71.343
932,3.021,8.219,2.45,77.033,85.401
656,2.549,5.773,1.729,76.002,74.624
543,2.254,6.332,3.236,75.155,77.411
804,3.619,7.392,3.812,76.234,81.816
1190,4.597,8.119,2.416,78.657,77.467
679,3.779,5.967,4.438,76.83,78.024
843,4.641,14.534,1.459,77.019,82.927
906,3.063,6.951,1.27,79.62,76.903
1552,3.19,6.086,2.473,75.205,80.96
373,3.848,3.955,2.442,76.954,80.583
526,2.838,7.129,3.061,75.419,74.082
460,1.965,4.641,3.336,75.368,74.885
625,1.957,4.302,1.232,76.694,75.353
416,4.32,6.294,1.749,77.679,70.008
523,4.475,7.703,2.541,75.431,80.664
1159,2.845,4.641,1.728,75.664,83.41
1010,3.871,6.764,3.411,87.541,81.242
509,3.365,6.221,1.562,75.293,71.738
623,1.918,4.811,3.643,78.493,77.828
567,4.292,12.017,0.852,77.462,80.396
610,2.535,4.569,1.74,81.35,79.568
386,2.668,8.181,2.797,75.663,84.496
777,2.413,5.056,1.575,79.983,75.457
714,3.226,6.531,3.418,80.16,68.406
1062,3.419,5.907,2.613,76.651,81.869
1120,5.417,11.595,3.171,78.264,84.149
899,2.826,5.107,1.085,76.1,81.672
1266,5.247,10.966,2.886,77.812,80.623
632,3.779,6.061,1.392,87.176,80.642
762,2.423,4.855,1.373,76.954,83.638
555,2.866,6.786,1.851,83.535,70.526
407,2.194,4.594,1.621,76.153,86.769
797,4.65,12.369,2.23,75.778,80.099
516,3.402,7.548,1.651,74.423,73.222
458,2.152,9.665,1.614,75.705,74.51
735,2.236,11.866,2.886,78.09,79.91
715,0.372,4.459,1.065,77.674,87.006
785,1.833,4.673,2.183,77.435,69.083
1388,4.057,4.369,1.445,75.066,82.856
1089,4.099,5.232,1.791,75.296,90.67
373,4.881,13.701,1.582,76.562,82.015
914,2.419,4.544,3.284,81.215,76.838
874,4.335,6.428,3.01,76.237,69.387
689,4.154,5.459,2.027,86.666,77.096
1262,3.794,7.315,1.714,80.153,73.986
939,3.062,6.073,2.653,74.74,88.092
927,2.144,6.685,1.386,76.923,89.145
890,3.887,10.792,1.846,85.555,81.798
734,4.316,4.328,1.717,76.784,73.472
485,4.537,9.159,1.745,77.058,83.061
1308,2.913,3.904,1.757,74.668,84.403
999,2.008,3.506,2.839,82.464,74.539
1047,3.387,5.843,2.066,76.694,79.318
685,4.185,3.17,2.924,78.436,81.573
1409,2.448,5.077,1.109,75.499,86.87
459,4.015,7.477,2.145,76.174,78.496
1391,2.636,6.275,2.565,75.576,70.776
1333,2.59,7.944,1.894,76.545,66.551
879,2.81,4.646,4.636,76.412,76.214
561,3.134,6.004,1.995,74.77,74.352
531,4.039,12.952,1.059,76.725,72.016
1311,2.775,0.243,0.918,83.394,79.919
1507,2.53,5.813,4.221,79.572,83.164
696,1.822,6.977,2.646,77.593,83.361
1409,2.272,11.483,1.95,77.381,75.782
658,4.01,4.728,1.719,78.126,84.169
586,3.835,10.693,0.368,73.86,80.696
1009,3.924,4.497,1.768,75.535,86.747
850,3.192,7.085,1.707,79.221,72.061
642,4.178,4.386,1.441,82.008,82.546
1090,2.58,5.054,2.323,84.141,82.116
689,4.333,5.153,1.626,74.818,82.857
649,2.403,6.599,2.37,85.183,83.539
700,2.477,8.754,0.833,77.375,86.559
589,4.662,4.85,1.375,76.364,74.462
563,3.779,5.173,2.946,75.47,82.823
674,2.066,5.908,2.551,75.79,76.7
777,4.202,4.878,3.221,75.149,74.593
941,4.122,6.185,2.615,77.162,87.55
955,4.248,11.023,2.411,76.105,76.124
734,4.031,7.6,0.967,80.364,79.435
826,4.88,6.58,5.842,75.603,86.465
681,2.852,5.195,1.188,76.848,81.142
514,2.505,17.761,1.713,73.11,68.763
442,4.281,11.123,2.85,76.796,79.964
1306,3.008,5.722,2.438,75.6,73.871
1345,3.833,5.636,1.522,81.099,75.026
1696,4.37,5.347,1.103,81.988,75.493
445,2.531,9.679,3.269,80.12,78.672
681,2.574,4.986,3.521,74.015,81.678
1148,4.804,7.179,2.537,73.206,88.452
897,2.624,6.615,1.654,76.877,83.438
716,2.427,5.786,0.834,77.578,72.192
946,2.722,7.502,2.401,77.909,75.215
630,4.534,6.65,2.67,77.424,78.537
844,1.996,7.299,1.853,77.214,79.916
972,2.582,6.905,1.229,74.27,84.004
1505,5.05,6.953,1.359,76.592,74.269
804,2.379,4.874,1.258,77.319,78.284
767,2.671,9.168,2.379,74.643,69.177
681,2.965,7.245,2.17,77.369,88.23
648,3.832,7.604,1.775,78.277,77.462
858,3.953,5.552,3.733,76.502,80.622
1136,3.04,5.952,3.092,76.835,90.327
556,4.555,7.881,4.24,79.967,73.971
512,2.597,6.62,1.158,80.843,75.073
414,4.477,4.625,4.215,77.944,79.809
374,3.59,6.755,0.83,77.052,79.657
842,4.386,9.071,1.538,75.944,84.023
1140,5.724,8.936,1.85,82.426,77.46
1155,2.45,5.131,2.675,77.795,73.174
627,4.304,3.836,3.189,84.783,80.234
1218,2.979,13.089,1.47,74.625,76.915
643,3.27,7.632,2.405,80.731,81.943
571,2.597,9.154,4.626,77.429,87.276
599,3.821,8.738,2.828,77.484,78.46
819,3.329,8.768,2.534,82.548,75.292
628,2.728,5.159,1.842,78.592,72.958
688,3.94,8.741,2.242,77.301,78.913
828,3.128,6.28,2.313,76.049,82.964
469,4.101,5.034,1.942,75.54,87.197
474,2.027,19.227,4.498,82.534,80.008
1078,3.673,5.811,1.878,85.429,82.742
945,3.062,4.355,3.298,85.923,77.412
662,3.073,6.618,2.862,78.925,81.35
775,2.457,5.641,3.383,86.938,72.735
706,3.234,4.444,2.908,79.092,85.887
607,3.089,4.696,2.558,76.614,70.437
555,4.248,0.626,3.108,82.894,83.623
573,2.66,7.352,3.355,74.665,79.549
923,1.766,5.017,2.434,77.886,86.414
730,2.456,5.74,3.159,76.402,72.326
1447,3.296,12.904,1.759,77.112,72.192
609,2.347,4.329,5.595,75.38,72.992
442,2.19,7.442,3.054,75.748,86.638
1252,3.559,4.131,2.414,83.679,75.124
833,2.173,6.913,2.36,74.608,76.119
487,2.292,5.329,1.928,75.86,82.004
1041,4.124,4.611,2.52,77.307,81.564
482,3.62,5.574,1.656,76.904,72.513
956,2.623,6.933,2.28,75.609,78.465
650,2.514,6.753,5.571,80.477,82.156
855,2.337,5.9,2.046,85.952,74.401
595,4.618,8.153,1.413,74.915,71.128
417,2.389,3.732,1.779,75.841,79.147
678,3.447,5.683,1.534,78.331,74.08
984,2.774,5.131,2.886,87.837,77.713
414,3.799,6.391,1.673,78.382,87.431
655,4.924,5.862,1.488,76.399,88.636
1112,2.869,5.238,2.194,77.418,72.712
961,2.717,7.465,2.99,75.831,77.871
640,4.3,6.919,1.94,77.69,77.95
586,4.851,7.758,2.722,75.066,79.342
1292,4.061,5.812,2.728,79.663,81.778
587,2.385,2.61,2.741,76.554,70.874
853,2.273,6.224,2.482,78.362,74.839
1141,5.199,7.503,2.159,80.088,71.828
1446,3.839,7.441,2.507,76.919,90.81
737,3.622,8.723,3.009,73.823,82.848
749,4.273,6.438,0.9,76.01,79.087
1606,2.105,4.404,2.057,78.493,71.117
900,2.951,5.613,2.453,78.078,73.21
1006,3.346,6.531,1.737,76.12,75.102
415,4.089,5.039,1.971,85.151,74.017
550,4.798,4.378,1.566,76.763,81.33
694,2.941,7.749,1.553,76.279,71.132
755,4.774,5.058,3.407,76.584,79.786
889,3.715,5.51,3.184,75.887,80.54
458,3.365,4.774,1.89,77.986,76.451
578,4.055,6.991,1.611,75.689,67.129
439,4.599,7.533,4.649,77.326,73.86
644,2.696,5.302,1.348,77.058,86.854
801,2.553,4.408,2.385,77.742,87.272
1040,3.145,6.121,2.501,75.059,82.076
512,3.251,18.42,1.456,75.502,78.257
437,2.036,1.826,1.821,74.31,76.339
785,3.757,9.768,1.45,81.405,76.267
1050,3.441,5.184,1.977,74.593,86.838
485,4.425,19.138,3.035,82.959,78.619
932,3.206,8.123,2.854,83.72,69.141
562,2.639,4.615,1.8,80.681,81.004
696,2.717,5.411,1.976,83.283,74.863
1296,2.413,7.132,1.991,77.425,75.388
638,2.494,6.092,1.08,78.295,79.16
799,3.188,4.362,4.598,74.998,77.896
529,3.615,3.945,1.499,78.249,71.56
676,2.471,5.404,2.928,78.025,69.559
658,4.698,6.049,1.575,79.562,76.465
809,2.851,6.378,2.525,80.307,75.771
868,3.708,8.274,1.715,75.962,84.509
521,3.799,7.822,1.957,78.366,82.763
1061,4.767,4.373,2.128,75.297,64.95
851,2.065,6.558,2.881,74.051,78.0
737,4.645,6.017,2.398,76.587,81.465
769,2.602,8.028,2.918,77.231,72.593
917,3.621,5.987,2.662,75.372,78.859
758,3.781,5.982,2.202,77.653,73.496
488,3.562,7.948,3.015,85.874,77.034
999,6.659,4.593,0.818,76.689,76.909
531,3.543,7.421,2.636,76.287,73.276
549,1.994,4.626,1.864,76.625,69.582
789,3.048,5.96,3.516,74.916,70.899
693,4.277,4.352,2.056,78.12,72.752
817,3.201,7.377,1.521,76.267,69.321
980,2.952,7.965,1.88,76.092,69.874
534,2.386,7.349,1.315,75.365,74.108
1095,3.815,4.096,3.757,75.754,87.06
810,2.851,7.336,1.694,82.912,90.579
641,0.455,5.588,2.026,74.649,78.246
641,2.651,4.933,1.734,76.34,77.31
793,2.092,8.575,1.611,80.333,79.796
1289,2.711,5.906,1.42,84.594,83.724
1721,3.217,4.174,1.476,77.767,78.561
1042,3.96,5.007,2.45,80.267,73.169
417,4.795,9.821,3.312,76.872,86.353
945,4.758,8.731,1.759,76.638,73.633
725,3.274,6.924,3.597,76.565,80.654
706,4.284,9.977,2.259,77.797,72.263
998,1.991,6.421,1.844,73.631,72.725
927,4.856,10.454,2.42,84.625,78.531
1357,3.617,3.86,0.995,76.666,73.352
1325,2.036,5.528,2.469,74.425,79.819
1372,2.529,1.498,6.485,77.057,84.169
779,3.515,6.939,2.326,77.357,76.612
895,2.987,4.992,2.302,74.708,72.212
868,3.949,15.229,2.138,75.43,75.243
746,5.291,5.886,2.102,77.494,84.059
872,4.521,11.705,0.822,76.01,79.663
1030,2.73,6.088,2.875,77.136,83.496
824,2.739,5.24,6.715,74.358,71.247
1317,4.17,3.426,2.06,79.243,66.037
839,4.39,8.39,3.56,83.501,84.928
754,3.587,7.611,1.825,76.777,71.547
827,4.218,3.044,3.343,76.252,74.479
525,3.968,5.559,1.552,76.862,84.502
695,2.664,2.836,1.508,78.365,65.705
831,2.989,6.427,1.736,83.42,75.772
655,2.127,7.522,7.168,76.432,72.107
1059,1.826,7.889,1.985,76.477,81.181
1174,2.037,4.645,4.779,80.628,71.05
585,2.633,6.034,5.642,81.224,81.72
1264,3.02,8.212,2.242,75.289,85.159
1027,4.199,5.858,2.574,75.898,78.737
364,4.815,7.261,1.019,74.284,78.705
915,3.573,6.572,1.826,77.738,76.616
520,2.674,3.079,1.134,78.197,79.338
795,3.757,2.507,2.109,77.214,85.06
1235,2.033,4.053,2.122,75.658,82.344
680,4.052,7.498,2.402,86.748,68.154
405,2.008,9.191,1.94,74.019,75.483
500,2.889,7.577,4.272,78.385,75.27
594,4.096,7.068,3.027,76.197,73.133
715,3.869,5.091,2.497,77.261,73.499
406,4.17,7.357,0.95,75.991,75.329
471,2.53,3.792,2.843,76.858,73.924
1219,3.535,5.325,1.839,76.104,86.818
675,3.913,7.408,5.566,75.937,78.628
764,4.296,7.411,1.851,77.114,74.746
887,4.968,6.179,1.405,80.052,77.34
1474,3.744,8.641,2.244,77.4,73.751
1048,2.365,6.153,1.371,75.377,73.932
932,4.804,6.529,1.996,76.297,70.561
1158,2.743,4.992,1.957,76.231,75.881
921,3.206,1.007,1.492,77.248,68.183
832,2.546,13.384,1.607,75.521,74.661
798,5.582,9.218,2.24,74.899,72.276
715,2.397,0.923,2.066,85.516,73.893
891,2.681,6.325,2.965,74.831,78.357
1009,4.96,4.163,1.526,77.899,86.859
622,4.19,6.39,1.484,77.682,82.189
1031,2.01,9.044,2.721,78.337,81.199
891,3.261,10.227,1.422,76.126,73.212
900,0.955,7.799,3.31,78.239,72.53
558,4.486,12.191,1.889,77.49,70.289
719,4.156,3.669,2.715,75.77,75.856
538,4.016,5.894,1.761,74.721,71.325
435,2.117,6.563,2.917,77.033,90.259
970,4.241,6.095,2.853,85.915,80.415
864,3.213,5.633,3.221,75.063,82.346
513,3.16,12.645,1.692,75.872,84.746
1239,3.294,8.447,1.554,76.121,75.865
833,2.062,9.542,1.627,84.904,73.969
784,3.307,6.1,1.891,76.683,70.28
632,2.851,7.922,1.099,75.821,74.675
815,4.363,5.698,1.201,75.463,82.75
611,3.309,6.65,2.553,83.356,74.938
436,4.255,7.438,2.343,77.814,82.396
575,4.241,7.495,1.404,77.874,82.426
749,4.176,5.349,2.497,78.536,76.868
597,4.147,9.556,2.134,75.52,80.371
928,5.158,11.554,2.599,76.812,87.092
814,2.547,6.652,1.604,78.206,89.214
863,2.806,7.269,2.207,76.516,70.517
890,3.496,4.627,2.183,75.747,75.091
704,2.602,7.378,2.093,77.455,80.222
538,2.95,11.428,1.542,76.842,85.724
733,1.91,5.468,2.262,78.099,85.19
581,3.609,2.677,2.428,76.502,83.515
537,1.984,3.789,1.578,79.22,84.484
908,3.471,5.526,0.722,76.62,77.353
1500,2.424,2.817,1.344,82.224,66.729
597,3.894,5.676,2.856,74.522,79.153
1367,4.407,6.318,2.026,77.224,80.285
294,2.07,7.281,1.943,75.414,68.522
841,3.389,8.607,2.183,77.542,68.606
691,4.376,4.628,1.498,78.596,80.285
644,2.133,6.546,2.816,85.918,78.877
650,2.763,6.889,2.806,77.209,70.46
946,3.454,6.575,3.113,75.72,80.69
1547,1.999,9.411,1.186,75.564,79.548
572,4.59,7.727,0.851,78.263,68.04
1084,4.426,11.786,2.959,87.427,79.655
994,3.281,4.135,1.362,77.797,80.271
865,5.521,11.646,3.517,75.101,76.41
811,3.962,3.675,1.651,75.93,82.166
729,2.539,0.436,2.234,76.448,88.795
351,1.806,6.071,1.806,76.023,65.583
566,3.513,7.181,2.113,77.833,71.197
964,3.811,5.443,1.595,75.967,88.626
941,2.509,4.231,4.158,82.963,72.334
832,2.125,6.946,3.028,83.633,78.724
530,4.601,7.372,3.304,76.473,72.06
874,4.346,3.845,3.148,76.8,86.943
733,4.398,7.885,1.434,77.064,70.027
539,5.444,7.826,1.859,75.648,74.258
571,4.994,6.41,2.361,76.574,69.461
966,5.343,10.251,2.983,76.813,66.932
562,2.365,8.741,1.806,76.544,78.168
1098,4.516,15.883,3.381,74.583,81.843
437,2.027,6.015,2.666,75.874,80.598
1202,3.588,5.897,3.171,84.205,79.688
1360,2.907,6.072,1.782,80.491,80.202
940,1.943,5.612,5.552,83.765,80.158
932,2.146,5.141,1.354,74.529,69.285
776,2.176,5.501,1.965,76.125,71.572
767,5.401,3.15,1.238,75.835,72.278
383,3.817,0.956,3.321,75.778,80.064
1087,1.754,5.218,0.853,75.722,76.528
489,3.6,5.395,2.227,77.164,85.931
621,2.415,3.438,1.257,75.237,84.66
797,2.504,6.745,1.356,76.186,77.673
867,3.709,5.771,1.288,77.509,74.564
534,5.199,6.473,2.702,76.309,76.538
764,3.146,10.726,1.475,81.859,82.066
1190,2.321,8.147,2.582,76.397,73.899
1055,2.953,10.168,2.989,76.865,83.701
955,3.884,7.636,0.984,75.57,69.575
675,2.406,5.885,4.499,83.569,79.284
599,3.937,5.896,2.044,75.947,76.404
928,3.884,4.379,2.511,76.132,84.221
918,5.972,13.742,1.95,76.862,78.062
538,3.934,5.577,1.89,76.194,71.582
1357,4.046,7.247,1.828,78.382,87.12
714,2.409,7.536,1.416,75.907,75.983
658,2.77,4.976,1.444,75.284,74.764
647,3.566,5.668,1.547,73.598,80.516
600,3.749,5.061,2.317,77.017,72.004
514,2.804,9.221,2.42,75.62,83.33
469,4.973,7.099,3.79,78.237,87.105
1041,4.211,5.424,1.415,77.094,80.054
1609,1.862,6.708,3.044,76.343,83.078
495,4.016,7.811,1.053,76.573,87.857
923,2.965,5.94,4.129,77.419,73.817
529,5.223,9.278,1.867,76.811,74.151
582,2.167,10.658,3.115,74.757,73.531
948,2.473,9.89,2.441,76.398,88.963
461,2.354,6.273,1.349,75.727,73.444
428,4.817,7.381,3.067,74.598,68.051
606,4.186,9.354,1.809,72.633,84.876
616,2.799,4.367,6.1,75.91,89.152
1273,4.581,5.128,1.323,78.805,88.434
582,2.26,5.801,3.656,75.861,88.17
869,2.012,6.297,2.249,74.872,75.933
878,4.459,3.903,1.302,74.731,91.032
717,2.219,8.821,1.913,82.909,73.116
531,2.965,6.145,1.88,77.493,89.237
713,2.904,10.364,4.56,80.324,76.853
1555,3.461,3.699,1.859,78.038,74.253
754,3.302,4.56,1.317,74.999,76.241
512,3.009,4.686,2.268,77.079,72.888
413,4.029,4.463,4.477,76.103,85.377
640,3.434,4.576,1.255,77.745,78.069
761,3.777,4.24,1.328,76.416,70.713
442,3.055,4.183,2.79,75.118,72.632
729,2.826,6.783,5.185,77.593,73.159
441,1.965,7.202,1.794,75.839,70.671
1071,1.665,5.276,3.905,76.336,74.387
1074,2.591,4.966,2.293,78.127,93.385
775,4.372,13.717,0.75,77.565,78.924
669,2.632,5.585,2.454,76.241,84.543
1021,5.284,17.368,2.525,78.355,74.455
722,4.232,4.692,1.519,77.26,83.088
880,2.137,10.231,2.913,74.892,77.435
586,3.171,6.422,1.704,77.493,80.729
489,2.135,5.674,3.371,76.292,74.696
528,5.106,6.257,1.686,85.737,83.315
578,2.985,5.398,3.192,75.159,75.894
946,5.052,4.152,1.932,76.096,85.385
966,5.465,6.058,1.513,76.91,82.033
879,3.04,1.763,2.594,77.001,75.814
599,3.946,3.705,1.642,75.577,84.398
774,5.533,4.141,1.698,75.258,70.296
743,5.295,6.506,1.577,76.421,77.13
1652,3.276,8.09,2.278,76.64,89.76
504,3.882,7.59,2.349,75.166,73.258
693,3.388,6.262,3.676,77.336,74.73
797,2.388,6.172,1.147,80.322,82.119
587,1.848,3.895,2.458,81.525,75.576
534,2.585,6.988,1.324,77.597,71.856
825,4.14,5.238,1.882,78.307,86.003
1171,4.571,4.344,1.749,75.422,74.176
953,2.48,7.402,1.856,79.64,79.311
765,2.397,6.255,1.865,75.256,79.146
872,3.777,6.057,2.795,76.989,80.071
778,2.115,11.197,1.804,74.146,83.483
1099,3.78,6.52,0.918,78.126,78.432
678,4.576,9.69,4.992,76.717,82.326
854,1.794,4.731,1.851,75.039,72.663
1571,2.475,4.891,1.746,77.623,88.168
1031,3.661,5.276,4.946,78.084,84.008
1038,4.907,3.352,6.684,76.671,81.949
829,3.144,6.318,2.234,75.45,80.04
812,4.276,5.349,3.322,76.499,76.38
778,2.652,16.946,3.666,75.136,68.25
618,2.617,3.38,2.671,75.614,86.038
908,3.034,4.897,2.226,81.633,77.371
982,5.262,8.324,4.283,76.685,75.513
758,2.769,5.14,2.762,73.577,74.783
616,2.367,4.142,2.37,77.535,81.611
848,3.094,5.8,3.069,75.599,75.6
968,3.811,16.688,1.841,78.567,72.796
657,3.93,6.301,1.584,78.53,77.534
605,4.267,6.836,1.646,78.308,80.018
1240,5.29,9.701,2.021,75.28,81.987
532,3.461,3.996,0.195,77.122,77.581
547,1.991,5.159,3.159,86.212,86.717
684,2.673,4.927,1.904,76.845,86.337
767,2.304,6.876,4.215,78.156,86.276
621,6.365,15.131,3.239,75.61,79.7
683,4.495,5.886,3.032,79.18,81.719
472,4.049,6.085,3.78,74.218,80.44
715,2.59,5.261,2.286,75.837,76.297
627,2.616,5.326,2.992,77.142,78.005
781,3.887,7.058,4.942,83.35,75.626
687,2.793,6.863,2.357,76.523,85.846
632,4.481,6.195,2.587,74.783,73.498
684,5.002,9.203,2.639,86.795,71.589
746,4.443,4.335,1.809,77.822,94.11
731,3.737,5.556,2.191,85.968,74.572
586,1.817,5.074,2.345,77.073,72.249
1127,4.119,7.852,2.412,77.104,73.516
395,2.171,6.362,1.386,76.263,84.252
932,3.463,5.453,1.64,77.915,83.604
817,3.125,1.793,3.379,76.019,82.879
596,5.268,8.241,5.067,76.546,71.833
809,3.522,12.601,3.22,82.929,90.519
765,3.444,6.04,1.625,76.084,73.805
733,3.179,4.742,4.342,75.018,80.96
1114,4.346,6.602,1.915,75.259,67.342
726,4.494,7.875,2.541,75.568,72.162
612,2.642,5.0,1.97,75.975,81.355
729,2.7,5.234,2.03,77.091,87.599
1253,1.949,4.949,1.688,73.241,88.665
692,4.127,5.476,0.667,78.3,75.624
939,3.336,4.884,2.14,75.836,77.251
705,3.157,5.375,6.625,86.043,80.591
612,3.321,7.227,3.359,74.375,79.731
861,4.464,2.118,1.966,76.865,77.838
1407,4.891,7.623,1.825,75.331,72.061
434,4.443,7.091,1.524,75.621,83.188
631,3.769,14.767,2.33,77.987,82.745
749,3.092,7.155,1.117,76.093,79.62
452,3.981,5.631,1.843,75.583,80.504
609,2.448,8.015,2.965,76.221,77.62
734,3.901,4.387,2.073,76.668,86.325
478,2.209,3.112,1.971,77.969,87.774
851,2.191,15.03,2.972,83.606,84.017
610,2.406,16.373,2.586,76.391,74.793
1052,3.522,5.525,6.267,77.104,70.32
1006,3.439,4.932,2.306,76.851,74.747
788,2.411,3.552,4.685,86.298,85.057
718,2.43,3.945,1.584,77.971,77.172
405,1.882,3.357,1.625,75.608,86.677
731,2.178,10.323,1.908,77.959,80.912
782,2.802,8.724,2.938,76.954,73.23
842,3.235,11.999,1.584,74.383,79.239
497,1.968,4.668,3.056,76.704,79.883
903,2.368,8.953,1.126,75.408,88.855
851,3.103,7.688,2.142,77.045,75.82
923,3.303,5.477,0.149,77.372,85.014
1611,5.305,5.822,1.273,76.272,72.393
1652,3.017,9.636,1.79,81.234,84.654
785,4.73,8.177,3.399,75.765,76.289
764,2.288,5.982,3.002,82.465,89.374
1224,2.395,8.135,5.385,76.486,75.17
870,3.491,5.493,2.819,74.855,82.5
903,2.497,7.916,2.937,76.958,84.358
527,3.908,6.576,2.392,74.847,73.637
720,4.741,9.317,3.061,73.076,63.056
762,3.28,6.91,2.346,84.014,86.027
661,1.835,6.35,2.35,75.743,80.415
724,2.33,6.671,1.668,77.823,72.148
760,4.908,2.595,1.748,77.873,118.372
653,2.475,6.626,2.48,76.734,82.03
640,4.484,6.79,2.159,78.058,75.513
946,3.849,6.707,4.278,77.634,79.408
142,5.41,12.135,1.756,76.444,78.498
701,2.538,7.602,2.774,77.347,86.643
627,3.044,6.58,2.899,76.891,70.326
615,2.152,4.719,1.507,76.116,71.439
447,3.658,10.711,3.176,75.235,85.184
813,2.217,6.976,1.539,77.239,81.661
498,3.077,8.257,2.855,75.185,70.081
628,5.152,3.773,2.353,78.308,73.382
1187,0.407,2.651,2.832,76.435,76.753
518,2.281,9.465,2.012,77.486,77.151
1454,3.641,9.96,1.235,76.798,73.645
590,3.654,6.651,2.85,83.661,75.25
848,3.039,6.13,3.517,72.724,81.441
874,2.62,10.526,2.651,75.171,84.902
792,4.965,1.509,2.82,76.214,76.138
701,4.852,7.622,5.772,77.285,78.136
1341,5.226,5.89,1.614,79.055,74.868
936,1.851,11.498,1.662,82.542,79.323
554,4.135,4.493,1.71,81.372,72.443
524,3.753,5.188,2.776,76.021,76.615
744,3.937,12.472,2.303,77.978,67.761
966,5.388,6.275,3.087,77.872,74.644
776,3.569,3.691,1.842,76.793,86.922
591,5.124,4.994,1.593,78.102,75.038
392,0.003,5.386,1.505,73.66,81.266
1156,2.094,8.864,3.506,77.462,70.923
790,2.266,5.482,5.783,77.811,80.557
526,3.919,11.294,2.573,85.07,74.226
600,4.668,5.588,1.998,76.59,68.968
768,1.741,6.509,1.372,82.979,83.58
768,4.277,13.556,1.708,77.636,80.884
486,3.954,5.814,1.731,88.33,70.013
504,3.633,9.204,2.805,75.351,70.723
1042,2.948,6.44,2.321,75.906,67.608
568,2.441,4.736,2.428,80.786,88.029
791,3.562,3.819,1.378,75.815,79.675
889,2.881,5.745,1.083,78.012,79.529
709,2.964,5.171,2.267,88.046,80.251
778,2.077,7.364,5.228,72.851,76.838
762,2.544,3.99,1.9,76.845,84.905
558,2.381,4.233,5.01,74.227,88.027
798,2.322,7.675,1.832,77.123,72.51
824,2.566,4.75,1.267,77.361,79.866
458,2.164,7.938,1.768,77.439,88.038
523,3.897,17.667,1.526,79.956,81.056
830,3.672,6.421,1.72,77.145,82.425
1035,3.888,8.796,3.548,75.786,89.578
709,1.745,3.014,1.787,74.438,94.007
1316,3.696,7.308,2.363,79.98,77.051
584,5.907,3.344,2.998,78.096,73.165
546,3.137,5.089,1.412,75.462,70.615
565,1.683,5.406,1.053,76.865,81.84
543,4.0,6.418,0.625,85.388,69.338
423,2.139,7.344,2.365,75.11,85.999
701,1.838,8.035,3.27,76.779,78.845
512,4.765,4.946,3.249,76.429,66.876
602,2.314,4.331,1.436,76.049,76.607
526,3.974,9.999,2.59,80.122,75.684
732,2.983,5.871,3.224,76.925,79.852
470,2.424,6.259,2.821,75.91,83.821
665,3.107,7.54,2.727,75.102,69.241
490,4.159,2.613,2.678,75.751,74.967
1239,4.393,6.625,1.448,76.762,84.156
519,3.848,6.152,1.7,77.81,72.181
744,5.89,5.854,1.158,77.972,77.167
697,4.687,6.027,2.0,75.257,82.645
804,4.257,6.874,2.224,76.625,76.164
1152,3.182,8.396,1.729,76.459,80.43
724,2.065,5.265,2.117,82.478,73.626
675,4.849,5.041,4.549,77.861,89.334
427,2.643,5.354,6.908,74.612,70.46
1052,3.28,5.345,4.399,76.955,74.006
578,3.213,5.707,1.026,77.489,80.511
557,4.563,6.548,1.151,74.861,92.37
1111,3.066,7.693,1.463,85.827,71.815
1089,2.998,9.777,1.479,76.018,72.291
386,3.589,9.402,1.96,76.71,72.292
891,2.315,6.296,1.723,77.137,88.76
1021,2.112,7.174,2.797,76.126,78.58
661,2.005,4.581,1.333,76.023,78.273
693,4.783,7.651,2.477,77.079,76.57
1178,4.249,3.44,2.37,77.294,84.898
535,2.431,5.805,1.552,77.37,78.879
1324,5.185,4.239,0.747,77.483,81.372
724,2.301,16.358,4.269,77.042,77.33
1174,2.524,3.839,1.735,78.093,78.351
916,4.028,9.516,1.813,76.946,79.088
975,3.473,5.41,0.625,76.122,71.313
769,3.953,5.308,1.277,78.635,78.717
414,3.855,10.069,1.368,76.191,70.169
722,3.775,2.814,1.621,77.33,83.615
524,3.701,10.933,2.549,74.533,69.165
476,2.474,0.442,1.694,77.213,74.001
528,2.55,3.469,1.581,74.699,75.899
1380,4.647,6.949,2.712,75.177,76.758
840,2.217,2.029,1.604,77.084,81.139
522,4.866,6.078,2.473,75.088,74.33
734,3.181,3.418,0.691,78.735,80.519
677,2.061,5.031,2.593,76.373,82.65
635,5.63,7.067,1.566,76.081,74.843
649,4.014,8.53,1.845,74.534,80.184
1313,2.406,6.146,2.8,77.784,72.199
382,3.563,8.724,2.466,76.558,67.426
1090,4.73,5.31,3.29,74.237,69.838
535,2.144,5.264,2.046,77.916,82.388
1255,2.182,4.597,1.329,86.809,85.188
702,4.169,0.673,2.903,74.894,74.081
805,3.499,5.743,1.373,76.811,78.091
537,4.349,5.235,3.5,77.565,84.394
468,4.652,7.388,2.399,76.725,75.261
595,3.985,5.393,3.125,77.273,73.029
605,4.712,6.228,2.201,76.111,75.806
1034,2.263,8.597,1.965,75.29,77.364
746,2.891,6.407,0.692,74.823,66.492
1014,2.583,5.8,1.38,75.78,81.708
510,4.109,8.658,3.65,74.746,75.517
649,1.563,7.245,2.052,76.21,76.528
583,2.457,10.375,1.412,75.868,79.215
692,4.494,7.067,1.073,76.08,84.868
640,4.687,5.794,3.698,78.056,80.84
507,2.781,5.908,4.181,76.286,73.303
724,5.109,4.571,1.427,72.761,77.76
829,4.273,3.575,1.34,75.243,71.447
1021,2.433,5.741,6.478,75.155,76.348
428,3.85,6.386,3.67,74.906,74.052
454,2.942,6.684,3.769,74.584,66.477
682,4.213,3.879,2.661,77.651,88.185
620,2.832,5.942,3.071,75.518,67.128
889,2.994,8.054,5.314,74.312,81.951
846,3.972,4.895,2.168,78.267,87.768
1096,4.292,10.535,2.407,85.63,81.323
738,4.129,3.617,1.629,78.46,72.565
899,4.335,0.933,1.746,75.654,79.438
512,2.571,11.509,5.954,75.215,84.687
1060,2.491,12.229,2.979,74.055,64.507
754,3.774,13.008,1.01,77.665,70.704
538,3.057,4.53,1.639,77.523,79.726
648,2.412,0.298,1.734,82.044,70.235
1659,3.003,8.333,1.934,82.447,86.911
516,2.934,9.609,1.86,77.934,73.884
904,3.707,4.768,3.305,78.004,81.487
668,3.988,4.025,2.312,76.874,83.044
874,2.798,13.545,4.394,78.633,89.494
881,2.803,9.878,1.612,77.96,71.343
413,3.861,4.921,1.561,88.014,75.218
599,2.277,6.115,0.995,75.76,79.37
935,3.082,5.637,1.54,80.64,75.446
1385,2.527,6.592,3.342,75.83,79.687
423,2.966,6.824,2.456,77.557,74.699
937,3.518,6.267,2.469,75.308,76.326
895,2.667,6.758,1.345,78.004,79.001
1036,3.559,2.429,1.902,76.314,76.969
492,4.504,7.705,1.309,82.588,79.962
1006,2.786,10.693,4.124,74.709,72.2
792,2.088,4.071,2.91,76.345,79.141
1440,0.524,2.203,1.202,77.643,71.911
906,2.243,11.513,1.686,84.154,84.033
981,2.653,5.404,2.563,83.438,78.018
414,3.528,4.235,2.363,76.782,67.777
544,2.835,4.937,2.549,77.524,76.825
925,4.14,6.054,2.45,76.545,73.554
644,2.078,5.655,2.882,83.892,74.065
1069,2.37,10.006,3.087,76.053,85.4
467,4.294,9.305,2.105,75.562,72.754
1066,2.005,3.506,2.467,76.297,79.02
621,3.764,2.191,1.905,77.451,75.712
1297,1.651,3.443,1.278,77.833,72.386
453,2.318,6.004,1.286,78.319,76.008
902,2.849,4.187,1.921,76.596,76.446
1076,2.323,6.168,0.875,77.428,86.316
727,1.937,3.288,3.251,75.974,81.58
551,3.478,4.603,1.636,76.587,73.551
928,3.606,4.04,0.823,75.304,76.48
1622,2.667,4.768,1.303,80.729,73.185
404,2.663,9.397,1.911,75.119,78.558
978,5.322,3.037,2.345,77.983,69.192
445,2.687,5.761,1.6,78.337,79.023
573,4.542,15.46,1.768,80.877,93.594
806,5.024,18.5,2.225,76.569,78.547
847,3.306,6.26,2.738,76.896,82.951
1061,2.202,4.737,1.731,75.01,87.497
943,3.253,9.295,2.546,80.346,81.736
866,2.935,8.191,5.982,83.212,91.785
510,2.775,7.086,0.851,74.748,68.488
534,3.432,8.423,1.566,74.823,71.783
729,3.845,10.191,2.363,77.921,71.672
714,4.406,10.398,2.345,74.949,84.615
1274,2.649,15.864,3.322,81.944,67.355
885,2.936,5.979,1.33,76.45,75.321
850,2.976,5.633,3.463,83.377,83.916
866,3.953,5.595,3.056,87.329,86.847
867,2.385,4.891,1.607,75.103,69.544
603,3.187,6.245,2.096,76.694,73.395
1290,1.975,5.513,0.935,74.405,70.771
875,2.441,7.272,2.414,77.619,80.203
441,5.031,11.564,5.942,76.757,66.509
568,2.492,5.683,1.698,77.213,73.516
813,2.921,5.852,0.329,78.567,73.374
746,4.468,6.021,3.214,74.142,79.612
754,2.736,7.382,3.914,74.858,82.149
890,6.644,7.939,2.007,76.754,68.903
702,4.765,2.751,2.754,74.409,68.914
569,4.638,4.458,2.401,74.592,77.309
501,2.995,4.478,1.637,76.785,63.971
871,4.552,7.424,2.959,75.436,87.411
581,2.392,6.379,1.265,78.598,77.647
946,2.927,5.444,1.382,74.896,69.753
1136,2.417,9.571,1.803,76.854,80.919
998,4.051,9.726,0.861,75.878,85.924
898,4.667,4.459,1.95,77.281,86.071
697,5.778,5.954,1.582,75.064,79.901
605,3.471,7.196,3.05,76.256,82.177
1435,3.727,5.768,1.48,73.732,77.644
639,3.726,5.445,2.963,79.022,82.273
742,4.51,1.646,3.201,76.601,69.985
654,4.364,5.394,1.065,77.064,67.107
805,3.113,6.866,2.821,79.593,73.035
552,2.923,6.314,3.442,75.184,82.027
610,3.951,6.625,1.276,77.756,73.145
999,2.066,5.061,1.478,78.507,85.541
795,2.592,7.209,2.676,77.962,79.102
885,4.567,7.814,0.679,80.074,85.814
796,4.026,3.118,5.607,77.632,79.234
568,2.769,1.237,3.385,74.968,78.805
790,2.929,3.811,2.79,75.919,81.667
884,0.052,13.124,1.649,77.268,82.972
959,2.663,11.539,1.958,77.946,75.072
1346,5.457,6.39,4.564,77.249,76.805
799,3.814,7.332,2.616,75.855,77.293
824,4.526,8.673,5.732,73.982,75.396
651,2.759,4.51,1.163,77.24,85.477
781,3.544,8.019,1.753,75.787,88.172
775,2.027,7.596,1.423,75.6,88.213
1109,2.341,2.147,1.339,82.102,74.099
1496,3.524,5.876,1.525,76.62,80.862
610,4.498,9.977,1.886,75.366,70.154
500,1.879,1.769,1.512,75.249,72.622
661,2.239,5.662,3.489,74.813,64.976
814,2.233,4.732,1.735,77.346,85.939
619,4.11,7.105,0.527,77.736,65.389
980,1.942,7.271,1.894,77.026,72.289
427,2.183,6.656,1.603,75.843,71.188
697,2.808,11.478,1.826,76.955,82.29
656,4.242,12.473,1.815,76.596,87.471
836,3.96,4.929,3.705,74.395,84.098
907,2.206,4.203,1.945,87.448,85.967
650,4.744,9.63,1.765,80.682,77.693
1394,4.623,5.369,4.394,75.297,80.805
1246,3.079,5.891,3.097,75.647,84.469
657,3.135,6.88,3.448,86.123,83.672
624,5.435,5.174,1.365,75.423,72.218
639,2.233,6.825,2.799,82.172,85.377
666,2.931,8.264,3.95,76.698,72.048
576,2.455,8.68,1.926,74.816,75.482
1345,2.236,7.961,5.191,76.668,83.02
659,2.739,5.254,1.35,74.993,84.305
1009,4.502,5.126,3.392,78.182,78.67
751,2.701,7.067,4.842,75.172,74.977
668,4.09,7.945,2.627,85.631,84.537
430,5.004,10.721,6.066,76.186,77.562
968,5.189,6.27,2.241,76.782,65.994
631,3.183,3.824,3.041,77.594,75.717
600,4.169,4.665,2.363,75.856,77.903
511,3.539,9.857,1.987,76.493,66.04
410,3.366,5.877,4.15,76.031,74.657
597,2.14,4.538,2.375,72.851,81.838
1257,2.84,6.338,3.451,82.353,73.687
683,2.822,4.058,1.427,77.079,75.649
679,4.586,6.338,1.897,74.993,79.536
557,2.012,6.044,2.236,82.22,73.841
631,2.135,4.959,2.264,76.649,88.512
1341,4.472,6.074,0.962,76.756,76.717
793,0.623,4.446,2.122,77.594,75.861
1066,2.753,7.487,1.339,85.567,73.914
518,3.24,4.821,1.723,76.239,87.009
808,4.245,6.727,2.462,76.789,84.539
760,2.181,3.357,1.607,76.429,80.561
592,4.858,5.611,0.921,75.623,75.367
1201,1.953,5.53,1.335,76.999,71.172
593,2.362,6.135,1.212,77.348,74.513
754,3.414,5.976,3.22,84.063,86.968
520,2.557,8.551,3.02,77.45,82.902
595,2.193,6.687,2.364,75.261,90.913
474,5.258,12.293,1.704,73.77,82.349
1116,2.408,1.904,1.77,76.478,78.261
1279,2.189,7.162,2.037,85.546,83.676
408,2.128,2.427,2.607,76.026,71.378
611,3.841,1.091,0.785,82.02,65.311
1678,4.229,8.247,2.045,86.088,86.46
702,4.965,6.606,3.72,76.6,71.695
419,2.361,12.888,3.298,74.317,75.399
886,4.316,8.037,3.183,84.939,88.901
428,2.467,6.296,3.174,75.591,75.049
1198,2.332,2.694,1.138,81.068,77.772
461,4.381,5.98,1.39,76.157,88.104
767,4.597,7.497,1.433,84.924,80.266
1877,5.209,8.083,2.173,77.501,86.514
1128,3.072,8.674,1.456,77.662,71.668
936,2.514,6.618,2.112,76.537,81.414
1346,5.269,3.964,1.433,76.026,84.108
417,4.146,8.287,1.368,77.114,93.862
492,3.12,5.909,1.763,78.5,72.046
1221,3.707,7.744,1.458,76.998,74.558
795,4.645,7.291,3.686,77.986,81.901
709,2.552,3.538,1.468,80.427,84.473
814,3.732,7.445,5.214,78.119,71.183
828,2.309,5.006,0.717,78.455,84.188
882,3.058,7.094,2.749,75.639,75.02
574,3.743,8.945,2.576,74.907,82.199
513,2.335,6.249,0.917,79.84,71.693
928,3.084,5.579,2.839,75.403,77.278
1005,3.084,3.817,4.641,75.352,73.128
840,2.489,5.569,2.077,77.262,80.271
1015,3.133,6.077,3.426,76.406,79.981
528,2.54,5.839,5.523,83.781,83.833
496,2.119,6.302,2.07,75.67,89.77
563,1.774,7.764,1.603,76.027,72.85
1280,2.447,8.028,2.123,77.25,73.384
723,4.044,9.745,1.467,74.698,79.294
581,4.673,5.436,1.469,75.274,83.804
477,3.306,7.072,1.418,80.241,84.294
1068,2.791,4.866,4.282,75.575,75.766
1010,3.509,9.522,1.758,76.175,76.197
700,3.527,5.088,2.34,79.032,86.03
599,2.863,10.512,1.962,76.584,78.745
802,3.263,6.098,2.751,78.057,66.793
961,1.265,6.911,2.226,76.049,92.039
961,1.907,14.432,1.552,76.475,71.137
811,2.766,5.239,1.16,76.584,80.617
812,1.973,3.924,1.436,77.872,74.157
496,2.901,4.526,1.428,75.186,81.979
1016,4.429,5.08,2.978,77.367,84.478
1146,2.191,1.601,2.075,77.8,88.227
670,3.509,6.833,2.383,87.526,74.864
613,2.388,4.624,2.186,76.112,81.899
928,2.746,4.924,1.616,82.969,72.923
919,4.901,8.546,2.924,77.52,85.727
679,3.552,5.827,2.606,76.871,66.184
726,2.282,8.866,2.326,77.488,77.037
536,1.754,7.943,2.74,76.076,73.021
263,3.863,6.626,3.158,75.886,74.341
744,2.492,10.515,4.298,77.257,64.405
752,3.427,6.457,2.526,83.18,73.694
1420,3.882,11.044,4.82,77.798,70.695
922,2.188,5.23,1.587,89.014,82.69
660,3.594,7.051,1.977,76.353,77.125
603,2.714,7.447,1.29,76.64,81.438
1119,4.359,5.436,2.614,75.831,81.969
626,5.028,5.872,2.426,75.037,83.746
1038,3.94,7.012,2.945,77.246,83.593
799,3.266,6.263,1.662,76.382,85.584
1271,4.914,4.957,1.629,77.154,69.677
876,5.432,3.15,1.943,76.105,84.153
545,2.382,9.831,2.292,75.242,73.543
650,5.293,4.57,1.961,77.895,75.32
874,2.06,6.102,1.533,76.056,81.918
922,4.378,14.213,1.196,83.256,84.876
955,3.386,3.376,2.621,75.634,79.661
1395,2.77,2.559,3.384,76.058,88.77
1399,2.614,10.16,1.825,84.791,82.078
793,4.863,3.84,2.208,77.332,67.646
383,3.588,6.245,2.021,75.096,83.934
399,1.617,12.084,1.977,75.819,75.473
905,2.378,7.538,1.044,76.367,75.954
446,2.546,4.428,2.585,74.398,70.718
856,5.255,5.861,2.747,75.773,69.698
482,2.821,5.0,0.956,78.046,87.42
883,2.423,4.509,1.354,76.542,78.842
999,2.859,5.043,1.481,74.815,85.742
658,3.782,3.804,3.405,86.686,75.593
670,2.898,5.922,2.906,74.119,67.737
875,4.183,5.387,4.156,75.347,87.302
1175,4.269,3.987,1.978,77.314,69.841
554,5.023,7.1,2.671,84.207,84.382
428,2.322,6.125,1.136,79.053,81.154
583,2.903,2.105,2.449,76.706,85.838
793,3.683,4.266,2.747,76.508,81.867
747,1.989,8.141,1.593,75.048,86.144
686,2.163,6.447,2.228,75.788,73.325
849,5.663,6.236,2.021,75.379,88.681
798,4.12,3.626,1.392,87.015,85.819
1552,1.952,5.012,3.143,75.358,81.372
747,3.782,9.82,2.308,76.53,74.18
523,3.428,10.535,1.913,78.476,75.228
819,2.581,5.057,2.776,79.829,74.335
705,2.865,4.031,2.093,74.077,84.577
624,4.887,6.388,3.057,74.845,66.906
501,3.205,7.298,3.258,75.333,69.771
587,2.184,1.891,1.564,87.753,74.573
599,2.593,3.681,3.657,81.887,73.95
628,2.08,6.575,1.569,84.213,88.439
438,2.32,3.203,2.366,74.703,80.65
673,3.7,3.862,1.721,76.602,83.645
796,4.487,9.808,3.377,73.513,69.686
855,3.442,12.217,2.584,76.241,73.806
539,4.871,5.502,2.097,82.116,80.092
1093,2.832,15.464,3.117,75.478,89.621
1051,4.04,9.001,3.09,77.452,84.956
957,3.493,6.49,1.415,79.872,84.041
856,5.49,4.998,1.818,85.976,72.413
724,2.057,5.0,1.204,83.065,81.692
919,2.924,4.971,3.711,80.968,80.951
571,2.391,4.431,2.722,82.876,75.156
1001,2.732,7.788,2.48,74.357,81.054
719,2.593,5.548,2.768,77.606,69.039
1318,4.197,2.459,1.781,78.472,91.687
537,3.224,17.235,3.231,77.047,76.589
681,4.575,14.341,2.51,78.534,80.425
515,2.823,7.719,1.687,85.073,86.878
981,3.912,3.106,3.362,75.948,76.116
809,3.124,7.652,2.256,76.4,77.467
615,2.299,7.428,3.621,87.123,82.777
892,4.767,7.425,1.162,80.327,87.035
1074,4.376,10.532,2.685,75.996,82.622
568,1.697,5.111,1.106,77.05,66.189
1214,5.176,1.772,2.129,75.833,76.738
768,1.985,5.767,3.299,73.508,82.299
949,2.833,7.489,1.096,79.178,70.755
582,1.306,5.211,2.633,75.935,75.581
928,3.557,7.282,2.443,77.538,76.321
625,3.645,5.29,3.075,85.643,82.283
979,2.816,3.575,0.903,75.811,83.48
781,2.344,4.927,3.105,82.514,91.338
733,3.81,6.015,1.597,76.663,75.324
527,4.001,6.932,1.267,76.985,81.994
468,2.149,6.386,2.359,76.267,78.599
562,2.463,6.881,2.249,78.043,72.264
606,5.491,6.655,2.762,83.046,72.12
649,4.821,7.456,0.961,84.755,82.537
727,5.338,16.325,1.195,75.738,71.167
492,2.179,4.467,1.922,75.011,82.621
1159,2.133,7.29,1.683,73.815,89.186
676,5.154,4.015,2.983,75.105,68.779
571,4.052,9.154,1.46,77.029,73.616
1093,4.273,5.808,1.772,74.154,84.829
902,2.205,6.227,1.771,78.976,87.207
606,3.618,3.803,1.59,77.368,90.556
671,2.985,9.743,2.5,87.962,91.98
627,1.973,8.787,2.472,75.929,71.024
632,2.4,16.787,3.121,80.632,84.621
952,2.407,7.419,1.443,75.181,78.453
429,3.645,6.939,1.719,76.661,72.778
1181,5.007,5.26,1.463,84.128,72.285
466,2.274,4.345,2.351,75.153,91.907
1033,2.036,4.932,2.235,75.932,69.71
790,1.874,3.927,2.126,76.989,84.327
604,3.306,7.515,2.638,75.676,78.446
569,2.31,3.985,2.639,77.158,83.83
1404,1.69,6.175,6.051,75.807,82.212
498,5.187,2.257,2.667,76.242,68.739
753,2.533,6.1,3.072,76.8,78.236
857,5.882,9.527,3.281,75.295,75.048
1034,3.036,7.485,1.985,76.665,89.388
757,2.381,0.316,3.371,76.081,78.05
797,2.093,3.039,2.13,77.976,80.878
737,2.938,5.676,2.484,75.769,79.187
768,2.612,7.282,2.947,76.711,79.035
444,2.279,5.857,2.986,82.552,86.607
701,5.226,6.843,2.802,75.806,82.3
1018,2.567,7.197,3.202,75.763,68.233
630,3.322,6.525,1.15,78.042,83.132
714,2.899,12.261,3.591,78.793,78.76
915,3.913,6.699,2.005,75.804,81.643
754,2.743,3.846,3.348,77.548,85.235
813,3.3,6.14,1.601,83.091,65.69
629,2.555,3.459,1.659,86.256,83.724
773,4.05,5.057,4.802,77.221,83.44
759,3.681,13.211,4.091,78.328,82.026
599,4.453,4.336,1.548,80.882,78.143
450,2.215,5.949,4.025,77.122,73.416
546,4.62,9.38,3.161,73.93,78.416
998,2.576,4.068,2.687,84.02,76.62
1068,4.247,5.281,1.76,78.185,71.934
880,4.598,6.683,3.019,77.385,90.503
565,2.877,6.243,1.08,76.505,78.17
600,2.534,4.462,6.643,76.151,78.159
669,4.917,3.813,3.056,74.143,74.316
393,3.997,3.22,2.279,76.369,73.956
421,4.87,5.541,5.029,77.163,80.586
514,4.881,5.069,2.625,84.499,82.409
776,3.985,5.542,2.323,85.932,90.626
768,3.376,4.76,1.622,76.659,72.332
700,1.959,7.237,2.913,73.799,77.787
739,2.062,1.019,2.673,75.729,76.06
708,4.646,10.251,2.386,77.115,79.422
790,2.058,4.808,1.421,76.766,67.592
502,2.406,6.487,2.664,79.987,86.791
409,2.424,2.743,1.863,88.042,89.523
558,3.021,8.004,3.492,74.167,76.516
608,2.573,7.351,1.333,77.731,89.51
434,4.78,1.804,1.515,75.519,71.281
539,2.584,7.811,1.224,74.363,70.823
1144,2.244,4.418,4.163,75.09,75.834
827,4.427,6.017,2.762,76.794,87.706
1133,5.369,4.891,1.807,77.958,81.031
674,2.506,6.066,1.442,76.942,70.922
492,4.955,8.112,3.321,76.415,76.418
831,4.399,5.655,1.502,75.403,81.324
521,3.987,10.181,2.889,75.07,91.858
664,3.635,5.829,1.621,73.815,68.303
826,3.338,11.37,4.103,76.676,80.872
922,2.094,4.138,2.894,80.425,82.486
1667,3.631,4.266,1.815,77.03,68.609
631,2.841,6.369,1.296,78.608,91.916
1168,2.404,6.302,1.022,75.47,82.683
774,3.842,10.692,3.597,75.507,82.713
635,4.725,4.708,1.497,75.313,78.43
736,4.213,2.561,2.905,81.945,78.477
783,3.773,0.414,1.886,76.848,86.382
1046,3.529,5.977,2.381,76.927,68.218
801,2.5,5.912,1.979,77.77,76.467
625,2.467,7.751,1.999,80.618,73.357
2143,3.853,5.925,1.68,74.387,72.498
530,3.877,5.64,2.927,78.797,76.717
716,2.828,5.605,2.382,76.138,91.86
471,2.513,4.528,4.143,74.965,79.895
825,4.052,4.376,1.91,84.566,74.4
583,2.425,5.294,1.852,78.386,72.551
892,1.95,4.987,2.647,77.292,78.281
597,3.871,8.084,0.798,78.325,68.866
546,2.232,3.555,1.875,76.771,74.008
555,4.796,7.075,2.279,74.63,74.499
989,3.57,6.329,5.597,77.481,89.223
768,1.825,7.674,2.843,85.336,76.485
365,2.562,5.598,1.724,74.613,73.673
387,5.081,5.014,2.876,73.632,73.11
752,1.911,5.179,1.356,75.248,74.702
446,3.682,4.102,1.564,75.343,86.194
811,2.831,5.54,2.886,84.236,72.305
1612,4.491,8.327,4.089,83.558,88.505
737,2.655,3.539,1.755,75.261,69.942
921,2.44,6.415,1.859,73.844,71.143
708,2.677,5.856,2.755,76.964,90.653
932,2.456,11.977,2.531,73.808,82.669
682,2.321,6.271,2.914,85.735,89.84
1212,5.051,6.868,5.243,76.495,79.749
450,3.745,4.805,2.769,81.977,84.441
558,4.061,9.606,3.123,77.406,81.084
885,4.437,2.126,2.81,85.112,75.098
778,2.431,3.785,1.653,84.517,80.356
617,3.424,5.364,3.645,83.474,68.497
764,3.941,6.832,2.686,78.514,85.659
679,2.327,6.494,1.719,84.581,93.363
507,3.536,9.654,2.965,87.07,82.824
873,4.852,6.684,1.829,84.294,81.68
680,2.143,4.189,2.906,81.102,79.811
764,3.117,10.382,2.478,74.892,66.241
825,3.09,4.394,2.499,76.257,76.776
703,5.058,3.459,1.577,75.047,73.405
733,3.648,6.619,2.011,76.041,79.942
720,2.93,8.401,0.844,80.121,75.8
937,4.076,5.363,3.7,77.867,69.534
786,4.453,6.176,2.016,85.249,68.924
611,3.76,5.847,3.17,78.041,83.696
728,2.559,4.509,2.427,74.881,74.743
603,3.296,4.972,3.26,78.214,73.467
922,3.658,8.462,1.103,76.624,86.69
664,4.053,7.267,3.095,77.135,83.868
934,3.503,5.044,1.284,77.54,77.224
620,2.865,10.744,4.368,74.358,82.627
994,3.506,11.205,2.423,81.702,75.983
1030,4.377,6.867,1.651,76.035,80.554
986,3.015,6.161,5.742,82.493,73.659
945,2.351,4.857,2.24,84.161,79.862
676,4.248,3.418,2.389,74.465,81.418
910,3.112,1.068,2.67,75.457,74.283
720,3.091,8.302,1.411,73.916,71.685
526,2.496,7.673,3.547,82.645,80.821
427,1.956,6.41,1.66,78.026,81.244
663,4.299,8.101,2.576,77.993,73.2
1127,3.495,7.926,1.13,76.724,73.719
580,4.721,2.671,2.027,77.963,68.345
1297,4.787,6.141,2.396,76.503,78.879
652,3.189,4.321,2.513,77.026,85.632
630,4.4,7.022,2.566,75.354,78.319
751,4.877,7.83,1.584,77.086,78.972
1676,2.588,4.534,0.984,76.604,77.473
942,6.108,4.772,1.743,75.504,79.585
1041,2.711,5.166,1.006,75.8,75.818
828,3.902,4.341,1.673,84.118,74.786
717,3.031,7.099,1.951,75.686,81.908
444,2.165,6.733,2.413,77.325,85.299
1476,3.733,5.752,1.624,77.053,72.638
713,2.8,4.008,2.518,77.836,84.503
504,2.653,5.573,2.677,76.325,82.618
695,4.385,8.507,2.675,77.198,66.369
866,2.263,8.11,1.855,77.108,78.42
810,1.949,7.205,1.307,75.849,84.839
713,2.54,5.546,1.872,76.834,81.57
563,3.169,7.247,3.629,76.608,74.184
1009,3.21,7.494,2.161,75.907,71.982
1010,3.126,10.367,1.355,74.597,68.519
677,2.509,7.951,1.715,84.153,82.738
513,3.593,3.94,3.258,77.129,85.726
1289,3.664,4.276,3.212,75.572,76.888
648,1.93,7.745,1.627,81.282,90.579
725,3.114,9.144,4.299,77.189,79.525
634,1.891,7.471,0.569,78.203,81.734
638,3.192,8.92,1.689,75.889,74.201
744,2.98,4.575,3.015,88.459,74.107
804,2.837,6.724,3.064,83.329,86.371
409,4.34,6.763,2.622,77.702,68.156
920,2.398,6.276,1.52,76.795,87.633
1073,4.292,5.677,1.426,86.071,79.58
672,2.921,5.335,1.02,76.208,78.199
746,0.527,5.984,2.634,76.952,68.385
469,3.999,3.525,3.114,74.981,79.957
933,4.249,4.142,0.638,84.456,81.326
688,2.481,4.054,2.496,82.921,69.947
1149,3.533,4.574,1.4,76.866,80.025
695,2.361,4.44,1.208,76.483,74.684
614,2.204,5.564,4.286,86.697,75.352
544,2.752,5.876,3.345,87.898,83.719
662,3.668,8.842,0.471,76.359,75.897
659,2.811,13.131,5.917,84.539,68.017
799,4.49,3.432,2.766,83.781,85.755
1132,4.365,7.23,1.466,82.251,83.863
604,3.616,6.717,1.314,76.261,74.047
699,3.055,8.43,1.285,74.464,77.152
747,4.339,5.692,1.395,82.467,80.667
519,4.047,5.248,2.268,76.677,72.717
1096,5.17,5.205,4.395,74.974,72.368
589,2.288,4.36,5.442,75.325,72.622
739,4.476,6.7,2.925,77.671,92.732
680,3.972,7.747,1.999,81.32,90.746
589,0.452,7.231,1.634,83.706,76.693
525,4.218,5.539,2.779,84.835,71.748
1264,3.296,5.858,2.185,86.616,74.983
601,1.867,6.718,1.58,75.348,83.061
697,1.822,6.363,1.392,77.288,87.012
702,2.446,6.035,2.154,77.038,73.978
622,3.445,1.891,3.08,73.63,74.949
1257,4.782,6.491,1.446,76.839,73.733
1325,2.576,4.705,1.95,83.532,77.925
459,2.698,7.061,2.435,75.436,82.158
1052,2.391,12.452,1.28,76.626,84.425
1355,2.234,3.918,1.896,77.855,71.184
424,3.316,12.246,2.797,77.785,84.908
466,1.992,2.167,1.883,79.601,80.437
636,4.114,3.966,1.251,77.369,82.961
398,0.695,7.049,1.613,75.64,74.88
571,3.028,3.834,2.773,73.858,82.89
780,2.287,0.027,1.889,75.712,84.818
942,2.152,2.151,2.392,73.979,70.299
1465,4.876,14.138,2.335,74.447,89.335
685,2.917,3.564,2.841,76.136,69.713
735,2.346,5.122,1.616,76.452,75.538
710,2.621,11.215,2.636,76.67,72.884
825,4.12,4.135,3.513,76.581,75.658
1219,1.886,7.452,2.262,77.866,88.322
844,2.016,7.201,1.31,77.705,82.666
1457,2.558,5.857,2.099,87.271,79.275
797,2.336,5.705,1.992,77.199,81.129
725,4.385,4.745,2.501,75.99,72.487
640,2.451,4.893,3.15,76.75,88.603
987,4.069,5.559,1.334,76.244,72.646
812,2.854,6.091,1.794,77.698,90.725
610,2.563,6.886,1.362,78.249,86.044
527,3.353,2.968,1.984,75.641,82.362
557,2.606,7.785,2.81,81.33,77.721
1468,5.341,4.427,4.595,76.934,81.869
608,2.847,3.956,1.722,79.567,87.11
630,3.68,8.179,3.213,78.038,76.131
554,4.347,8.539,1.032,86.227,91.281
548,2.844,7.808,1.386,75.709,87.319
724,2.88,1.194,3.262,80.313,75.888
819,4.453,6.586,1.531,77.626,78.858
813,4.455,6.115,1.947,77.871,86.971
712,4.878,3.449,2.095,76.597,74.06
988,5.388,5.923,2.388,77.097,81.474
559,3.06,6.217,3.126,75.048,73.449
803,5.358,5.279,1.866,84.027,73.157
803,2.66,6.044,1.341,80.931,83.295
426,4.375,8.162,2.582,76.314,76.397
599,4.892,7.231,1.67,75.129,80.438
620,2.943,4.005,1.63,75.085,75.098
740,3.703,5.046,2.715,76.784,78.398
594,3.339,5.302,2.255,77.679,78.422
1153,2.697,8.013,3.132,83.497,80.439
626,2.756,5.682,2.005,75.678,75.341
747,3.829,5.924,1.719,82.838,76.588
1013,2.232,4.298,2.86,75.662,83.658
630,3.852,5.764,1.272,77.164,81.112
665,2.532,6.426,2.81,76.635,79.559
812,2.079,4.953,1.942,82.079,79.551
817,1.803,11.838,1.599,76.859,75.97
1403,3.337,7.314,2.352,77.519,76.327
742,2.856,10.396,1.7,77.967,77.635
715,3.407,6.581,2.16,77.853,79.264
775,2.243,5.804,2.852,75.115,90.833
766,2.261,6.849,2.313,75.496,86.677
477,2.631,9.366,2.091,75.745,79.887
647,5.13,9.633,2.329,72.742,79.975
798,3.738,8.888,1.935,73.657,87.495
488,4.488,6.699,1.63,74.253,75.831
551,3.453,0.404,1.067,75.67,80.618
696,5.115,11.97,1.451,75.805,82.653
719,2.686,15.206,1.793,76.996,88.164
561,2.642,4.662,2.563,75.878,83.304
750,3.668,4.458,1.795,75.364,75.688
886,4.5,6.132,1.45,77.529,77.505
635,2.797,4.49,1.551,76.916,67.327
679,2.674,6.371,4.752,74.856,69.746
1260,2.069,6.429,2.28,74.969,73.615
605,2.903,12.132,0.929,77.445,74.07
828,0.834,4.877,2.632,78.542,76.622
658,2.232,13.085,3.319,75.922,68.015
712,2.236,10.674,1.865,76.472,86.872
896,3.218,3.854,1.771,86.674,76.121
577,3.581,4.806,1.346,76.503,72.334
629,3.653,7.062,1.945,78.033,77.481
776,2.022,4.724,2.831,73.156,66.838
1203,3.405,10.929,3.426,78.144,73.617
772,4.761,9.231,7.053,73.164,77.099
1020,3.441,5.401,2.186,74.711,86.61
749,4.965,6.523,1.564,75.598,72.608
662,3.987,4.558,1.579,73.834,82.973
841,2.182,8.047,2.466,75.162,82.917
648,4.226,12.894,3.463,74.839,74.56
1525,2.703,5.545,1.871,77.957,71.221
703,3.002,6.83,0.921,76.477,66.097
1041,3.468,6.482,2.621,77.099,74.961
761,2.972,6.077,2.293,77.565,84.382
801,3.708,8.234,2.483,75.776,81.361
869,5.373,2.713,3.125,75.3,80.981
1105,4.549,5.599,1.451,76.397,67.781
491,3.228,4.906,1.234,77.966,78.801
679,5.07,5.312,2.005,77.517,82.753
532,3.317,5.335,2.897,74.978,90.935
730,3.384,4.502,2.74,81.13,87.558
513,3.527,5.162,1.985,75.853,74.394
691,0.03,6.367,1.797,73.995,70.2
1154,3.4,6.827,2.721,75.941,74.682
1331,5.42,7.996,2.56,76.56,87.261
707,3.992,2.455,3.864,80.784,68.274
479,2.814,4.973,3.184,77.219,78.807
996,2.32,3.177,3.641,82.999,77.669
547,3.757,5.929,2.29,83.66,90.201
641,3.198,2.032,2.272,78.441,81.87
728,2.435,7.564,2.749,76.2,66.912
641,2.096,6.117,1.52,78.082,80.215
571,2.139,7.664,1.192,76.441,76.63
745,4.077,4.988,4.004,80.038,81.457
434,2.022,7.296,3.127,74.991,80.441
595,2.873,5.273,2.733,74.226,83.646
412,2.362,5.287,3.374,84.567,76.518
489,2.651,8.382,2.558,76.006,71.694
815,3.915,8.944,1.499,76.803,82.461
721,2.83,5.971,2.843,77.031,84.053
1107,1.968,6.701,1.765,76.832,81.547
930,2.999,7.055,1.18,75.678,79.896
1345,2.534,14.028,2.806,74.535,78.367
632,2.369,3.345,2.232,76.96,76.786
865,2.485,7.523,3.125,76.03,85.728
933,4.034,8.343,2.747,74.505,77.193
799,4.155,5.804,1.114,74.963,70.943
1130,1.743,5.801,2.944,77.796,85.07
1128,1.965,4.959,1.353,77.469,80.796
742,2.42,11.665,3.288,74.671,88.543
1186,2.685,9.04,2.28,85.262,76.707
576,3.047,12.025,1.691,78.532,75.67
450,2.529,7.694,2.735,86.86,76.849
935,3.665,6.379,1.415,76.713,65.539
1158,3.107,5.283,2.083,83.493,91.439
1365,2.382,4.205,1.533,76.513,71.674
740,3.807,5.71,2.612,77.071,76.145
1010,3.895,4.495,2.781,77.94,91.307
818,3.637,7.286,2.409,83.82,64.77
1335,3.732,5.218,1.107,88.109,78.707
1508,3.656,10.024,2.368,83.08,73.445
663,2.505,3.863,3.089,76.453,70.9
511,4.296,4.669,1.612,76.733,76.949
837,4.492,13.133,4.465,73.481,76.178
915,1.995,6.718,1.095,77.762,83.728
502,2.233,6.612,2.451,75.352,74.575
753,3.984,5.708,1.494,85.337,79.993
673,3.887,11.936,1.84,74.03,76.046
1100,3.285,6.03,2.987,76.42,74.362
784,4.04,8.385,3.233,82.469,69.381
1095,4.471,3.81,2.324,77.119,90.623
970,2.464,6.595,2.928,74.721,84.847
922,2.056,3.766,2.484,76.411,74.786
1571,4.707,6.418,2.176,75.143,85.685
541,4.574,7.81,1.432,75.81,73.532
553,2.044,5.048,2.399,75.376,78.58
806,2.27,6.227,1.33,74.68,82.967
518,3.78,2.988,2.057,76.482,82.564
1031,2.742,5.431,2.703,73.433,66.099
430,2.41,4.633,3.029,77.417,88.048
1140,4.037,9.708,0.958,77.863,87.184
579,3.277,4.039,1.405,77.241,83.571
688,3.249,9.321,2.129,76.733,69.482
658,3.983,8.593,0.839,76.891,64.642
709,2.29,3.922,1.896,75.635,76.49
868,4.829,4.529,1.547,81.618,86.917
974,3.385,11.44,2.466,77.016,83.038
815,2.464,7.151,0.901,75.808,85.799
977,4.303,9.997,1.773,76.827,77.639
490,2.756,8.847,4.214,76.534,71.364
594,4.257,3.606,2.382,88.151,85.64
750,3.747,6.549,2.407,82.059,65.772
798,3.621,4.256,2.55,75.066,69.316
504,3.811,5.014,2.898,76.513,75.925
637,2.329,3.834,2.357,75.102,87.27
1426,5.482,8.785,1.541,81.635,74.304
1152,2.448,4.511,1.655,78.19,73.253
479,3.32,4.231,2.595,73.795,84.046
760,3.881,2.405,2.893,84.374,77.89
1102,4.059,6.65,5.053,75.849,75.0
750,2.625,5.293,3.026,76.21,77.341
516,4.497,10.882,2.12,76.74,82.059
739,4.13,5.39,1.717,75.098,75.063
1529,3.681,7.298,1.03,82.163,80.95
846,2.703,5.992,2.224,86.454,70.949
562,3.317,4.999,1.779,76.566,83.534
735,2.766,5.16,1.85,77.074,73.649
545,2.55,7.364,1.43,82.307,75.851
815,4.692,10.629,1.164,76.511,76.583
817,3.927,6.509,2.592,82.116,74.148
1002,5.045,7.399,2.166,77.465,81.963
609,2.738,5.794,1.124,77.278,79.505
583,2.332,5.947,2.178,83.781,78.049
816,4.48,5.728,1.45,84.206,85.657
733,2.019,7.619,3.092,84.371,79.098
541,3.935,7.566,2.913,77.559,78.728
821,4.415,9.134,2.066,76.862,84.517
773,4.114,6.78,3.422,76.903,72.951
1099,3.115,6.087,1.741,75.329,79.59
1424,3.386,5.818,3.596,77.192,68.693
466,3.971,0.791,3.269,77.414,92.118
645,3.365,5.27,3.177,73.513,73.932
683,2.875,5.473,2.529,77.274,86.572
555,2.023,9.83,1.675,74.895,77.064
561,2.874,8.864,1.826,76.566,86.004
728,4.282,7.247,1.9,74.827,72.805
789,2.43,3.055,2.917,76.889,76.201
1306,4.781,8.903,1.803,74.649,83.386
1236,4.948,5.668,1.486,76.189,76.537
721,2.825,5.805,1.421,81.293,71.648
555,4.356,2.085,1.291,77.995,89.048
574,4.23,8.229,3.102,74.975,75.876
1172,4.999,8.117,2.439,77.103,70.098
1244,5.117,6.781,2.067,76.139,68.301
634,1.285,8.537,5.66,75.547,71.186
779,2.149,4.565,2.416,76.251,75.846
723,3.241,4.497,2.529,76.488,83.954
1211,2.517,3.744,3.313,83.559,84.908
844,3.922,3.844,3.221,77.44,71.82
695,3.638,7.271,2.925,76.198,71.963
1171,5.761,5.438,1.221,76.67,76.047
791,4.79,9.361,0.857,75.899,65.419
927,3.68,8.442,3.116,76.331,80.015
785,2.989,7.197,1.724,76.499,87.238
588,2.77,4.308,3.18,76.197,87.962
523,1.512,6.047,1.236,77.241,77.838
630,3.655,7.47,1.244,77.984,89.411
851,3.335,5.005,2.971,78.186,86.72
1097,3.263,5.73,2.255,85.131,67.066
620,3.641,9.376,2.167,81.26,73.076
613,2.246,7.847,2.93,85.206,74.735
595,4.755,6.416,1.612,76.513,80.787
893,2.551,9.563,1.436,87.344,65.922
782,0.573,4.966,2.243,77.981,86.593
580,2.243,5.242,1.471,76.885,87.098
519,3.513,12.915,2.977,73.507,72.091
1164,1.777,4.56,1.294,76.661,76.766
702,3.364,5.427,2.236,78.857,87.046
719,4.749,2.876,4.235,78.724,72.889
586,2.581,5.688,2.659,76.228,72.425
1111,2.147,5.467,0.664,74.73,78.376
1271,5.282,6.302,3.056,76.786,78.651
779,2.022,13.787,1.027,77.127,84.858
1140,3.665,6.9,1.402,74.263,80.549
1419,3.132,5.877,1.826,83.164,90.768
591,4.028,4.071,1.813,78.491,83.914
500,3.55,6.311,1.806,73.94,90.628
1103,5.601,7.321,1.736,77.94,68.252
432,2.812,5.359,1.087,77.503,73.614
547,2.289,13.826,1.616,76.575,82.878
958,3.583,3.936,0.992,77.745,82.97
929,2.275,3.263,1.425,83.378,77.024
1120,4.057,4.953,1.229,78.271,77.895
1350,2.552,9.744,5.333,77.807,81.915
487,2.669,3.841,1.476,79.119,72.913
383,2.785,8.881,3.088,78.098,81.368
388,3.784,7.833,1.66,77.137,81.767
525,2.122,6.844,2.982,76.682,76.041
831,4.037,5.369,1.864,77.734,91.587
720,2.226,15.842,2.372,75.145,78.41
954,3.088,6.098,3.847,77.922,79.876
861,2.374,6.372,4.398,77.015,72.333
558,3.339,10.592,3.681,76.385,75.478
700,2.39,5.295,1.371,75.854,67.276
1394,3.039,6.583,1.632,76.304,76.163
921,2.37,4.795,1.543,79.907,82.531
1014,3.796,8.971,2.076,81.824,79.964
759,3.975,1.72,1.286,78.446,74.013
1413,4.866,5.936,1.591,75.415,73.652
1054,3.049,7.281,3.066,76.916,80.608
710,4.647,5.487,1.721,75.874,73.131
961,1.401,2.957,1.647,77.183,88.891
542,3.198,3.521,3.392,75.789,68.35
439,4.218,5.039,1.898,75.62,78.177
384,1.781,11.892,0.907,79.337,88.362
748,0.317,6.214,1.189,86.281,77.286
1031,4.9,4.732,1.347,78.536,77.588
582,2.071,4.253,1.374,78.099,78.5
1290,3.084,4.504,1.409,77.624,67.926
922,3.467,9.302,1.92,76.822,65.114
604,4.919,5.932,4.474,83.429,89.807
569,4.329,11.857,2.816,75.421,77.283
830,3.112,8.378,1.88,75.853,84.369
1579,2.745,4.776,1.73,75.771,89.965
411,3.942,6.078,3.954,86.06,89.374
460,2.759,7.384,1.741,83.94,82.141
558,2.517,4.461,3.688,77.08,71.931
348,2.295,14.206,2.926,76.657,73.408
911,5.221,4.064,3.851,77.975,69.862
678,4.424,6.276,2.144,75.75,73.353
630,4.724,5.227,1.823,85.785,76.062
1163,2.578,8.251,2.853,76.499,83.575
826,3.876,2.246,5.736,76.741,71.543
564,5.442,3.874,2.731,74.909,84.83
1201,2.528,6.366,1.81,78.252,75.121
1018,4.69,3.451,2.996,86.243,87.003
599,2.138,6.612,3.483,83.414,84.86
487,3.088,4.097,5.02,76.301,81.795
836,4.058,3.722,2.355,79.547,77.123
538,2.509,4.785,1.447,77.014,85.202
991,4.629,6.527,2.411,75.644,85.481
863,2.927,9.281,1.032,75.852,69.525
814,1.892,6.262,1.519,77.935,85.074
1222,6.06,8.205,0.912,75.922,72.047
499,0.584,6.823,1.361,81.287,79.573
1185,2.51,0.174,2.264,75.571,70.456
399,3.104,6.129,4.854,78.181,71.76
912,4.494,7.025,3.459,77.014,76.378
663,2.426,6.306,2.508,81.154,79.007
478,3.451,11.966,1.835,78.203,76.931
893,2.226,6.132,2.325,74.89,73.085
815,2.444,6.88,1.298,74.434,74.842
874,4.529,8.707,2.103,76.944,79.161
685,1.969,7.014,2.961,76.393,75.089
792,2.462,4.998,1.068,82.492,91.813
793,2.813,7.704,1.514,78.42,83.334
578,2.651,7.022,4.439,76.794,77.493
566,3.778,3.082,2.147,88.2,78.933
860,2.785,9.722,2.332,74.037,75.217
498,3.053,15.408,3.812,75.159,70.579
759,3.988,8.062,2.372,76.698,79.86
603,3.092,5.632,2.652,76.199,75.044
410,3.58,6.123,3.311,76.177,72.014
1131,2.401,4.946,2.345,77.072,91.757
488,2.516,4.596,1.654,77.442,77.667
760,3.812,11.463,5.719,80.61,88.088
705,1.75,6.177,1.393,85.651,80.555
635,3.244,3.909,1.934,75.77,77.701
433,2.743,4.816,2.07,77.521,86.441
492,2.929,6.969,1.467,75.895,80.496
892,3.929,4.429,2.914,85.444,69.24
813,2.451,6.648,1.867,78.529,67.739
901,2.771,4.749,2.009,75.078,84.993
1169,0.367,9.073,1.627,77.845,83.748
1136,3.54,9.264,2.817,77.384,76.298
526,4.426,6.592,3.25,75.038,66.175
1441,2.347,4.596,1.341,86.824,75.215
529,7.266,2.589,1.461,77.336,86.498
837,3.783,6.863,1.582,78.069,84.106
1258,3.123,4.575,1.377,76.216,77.898
870,2.794,7.302,0.909,75.869,83.88
629,5.574,4.761,2.383,75.704,75.832
1309,0.475,8.604,3.151,75.351,69.181
664,1.93,7.032,1.505,76.112,80.516
655,4.397,5.758,1.698,76.034,84.298
529,2.466,6.929,2.372,80.955,82.521
581,2.533,5.212,1.02,84.032,74.973
736,3.911,1.997,3.115,83.413,78.154
355,1.886,5.969,1.412,83.744,79.75
1019,4.76,4.798,1.834,75.213,71.965
1200,1.856,4.243,4.829,76.516,81.679
637,3.982,3.352,2.554,76.945,77.972
407,2.956,10.655,3.521,74.525,84.765
589,1.902,3.894,2.331,84.569,69.024
1149,3.907,4.235,2.074,85.846,85.197
881,3.401,4.111,1.905,75.64,76.408
601,3.504,5.896,1.923,75.763,78.684
425,3.723,9.829,1.653,74.938,65.936
742,2.913,7.372,1.197,79.531,81.23
1179,0.027,5.883,2.448,75.946,75.96
884,2.704,5.279,0.706,75.337,77.831
1027,4.636,5.375,1.289,83.051,68.063
758,1.954,3.753,1.278,86.696,85.063
523,5.442,4.9,1.899,76.57,71.083
453,3.233,12.937,2.65,79.322,87.36
394,2.068,3.963,0.775,77.659,94.074
431,4.286,4.971,2.721,77.521,80.527
517,2.081,0.049,1.094,77.625,78.724
611,4.347,9.85,6.776,77.108,76.424
633,5.06,11.621,3.034,77.612,76.778
550,2.884,4.4,2.043,77.695,76.73
1062,2.674,6.17,2.262,74.395,82.101
503,3.576,4.114,2.347,75.618,76.771
746,3.707,6.637,0.958,74.851,85.175
673,2.914,5.717,2.173,76.857,79.258
910,2.837,6.48,3.2,75.004,85.154
932,4.242,6.692,2.254,76.413,74.418
1064,0.192,7.374,1.414,76.855,81.591
530,4.736,7.433,0.693,76.632,80.258
725,5.102,6.016,2.54,75.612,84.372
610,2.322,6.551,0.987,84.001,87.922
359,3.815,5.783,3.001,75.629,76.515
775,2.912,7.492,1.402,77.128,69.588
1488,5.044,6.817,2.288,76.613,71.489
636,5.406,7.938,2.334,80.555,64.355
868,2.604,11.872,5.106,83.119,71.701
481,5.497,7.002,2.133,74.558,80.244
948,2.909,6.465,2.577,77.683,74.594
971,2.541,8.873,2.933,76.564,81.703
605,3.245,9.447,1.862,84.95,77.992
820,1.058,5.297,2.996,75.803,76.145
941,2.835,6.612,1.645,79.623,81.542
503,3.832,4.812,2.565,77.874,80.26
1285,4.738,7.21,2.247,83.955,80.585
578,3.798,4.689,2.923,77.202,81.202
996,3.349,6.173,3.566,76.731,81.196
372,1.829,6.022,2.132,75.478,75.136
621,3.223,6.524,1.113,76.19,78.407
839,4.886,3.04,1.422,76.24,77.097
937,3.6,5.118,2.047,76.358,73.588
708,5.986,6.628,2.085,75.548,82.758
876,2.734,6.076,2.627,84.838,78.454
799,4.165,6.042,2.764,77.169,71.39
818,4.929,1.786,2.17,77.514,76.357
532,2.411,6.85,2.703,74.01,68.611
952,2.476,12.515,1.169,76.335,89.046
856,2.892,5.04,2.525,78.069,67.307
528,4.704,7.171,1.859,76.814,71.645
723,3.588,7.515,1.844,76.004,78.2
516,2.867,7.087,2.568,76.577,73.88
615,4.415,2.795,3.156,75.467,84.035
1391,2.922,12.85,1.826,75.52,81.544
862,2.581,4.453,2.126,76.487,80.704
500,3.69,4.106,2.281,77.921,77.511
444,2.06,5.921,1.349,77.933,80.839
1034,4.933,6.461,3.101,77.823,80.669
615,2.4,10.163,2.78,76.931,89.254
662,3.22,6.421,3.237,74.417,90.048
980,3.535,9.049,1.021,76.798,80.013
438,4.617,7.002,2.818,77.036,71.148
522,3.933,4.058,1.492,77.71,92.72
652,2.952,4.329,3.19,76.329,75.599
870,2.995,8.226,2.033,76.553,81.74
459,2.942,4.681,1.013,75.141,74.343
1044,2.958,7.567,1.026,73.489,77.761
576,3.339,5.735,2.883,73.411,79.28
703,2.34,7.353,2.823,74.857,79.286
660,2.31,6.548,0.963,76.401,75.791
840,4.455,7.361,1.14,83.38,77.824
602,2.558,6.738,2.145,75.026,78.765
949,3.433,5.299,2.033,77.545,79.669
865,2.929,6.102,4.982,77.691,83.328
665,4.102,6.165,2.803,77.002,78.164
554,3.63,5.295,4.803,75.341,73.624
598,2.753,5.686,3.02,73.863,79.45
463,2.529,4.724,2.195,77.213,71.105
685,4.709,6.082,3.049,74.113,73.45
852,2.589,6.369,2.776,75.712,82.227
673,2.695,6.004,2.502,74.571,80.847
522,2.28,5.42,1.871,87.166,71.793
915,4.398,5.189,2.27,77.239,85.07
1037,2.139,7.121,1.783,77.388,71.959
782,5.018,8.37,1.835,75.294,86.966
371,2.053,8.097,2.511,75.391,77.481
585,3.958,14.61,2.522,74.303,83.567
493,2.655,7.227,1.175,76.5,87.259
1044,2.767,10.421,1.85,81.134,76.007
495,5.008,6.686,1.888,78.281,83.917
601,4.893,6.889,3.507,83.104,73.676
798,4.836,4.94,4.916,77.603,84.049
550,2.264,6.08,1.811,77.114,81.226
1342,2.143,6.778,1.337,81.335,87.842
1002,3.766,4.376,1.89,75.71,77.622
532,3.206,12.8,1.323,85.962,78.731
404,2.444,9.903,1.545,78.142,76.968
902,3.361,5.507,2.291,81.424,75.566
770,2.534,5.637,1.323,74.917,81.594
969,2.791,4.499,2.562,74.23,73.99
710,2.103,7.915,1.321,75.515,84.476
404,4.472,10.304,5.361,86.218,84.488
388,2.851,6.264,2.042,75.561,74.97
776,3.76,4.313,1.676,74.008,75.663
1963,4.582,6.176,2.021,76.872,80.689
672,3.787,4.119,1.596,86.868,81.083
983,4.528,5.299,2.179,76.821,86.959
852,4.408,3.742,1.85,76.774,81.846
1064,2.103,9.578,1.348,77.162,70.524
653,2.579,5.514,1.548,74.504,80.8
667,3.281,10.888,1.525,78.705,77.468
780,2.714,7.903,2.184,80.005,83.875
521,3.862,4.125,2.088,75.437,71.589
589,2.221,4.944,3.088,75.102,77.515
961,2.079,5.771,2.096,75.615,76.786
867,3.624,6.111,1.55,75.596,66.176
523,2.972,6.761,4.459,75.294,88.347
877,2.802,4.174,1.757,76.654,78.672
744,4.793,7.729,1.811,78.532,67.177
750,1.865,5.36,1.494,77.266,74.674
1047,5.08,5.844,2.544,75.805,75.681
629,2.68,4.914,5.196,73.748,85.629
717,3.326,7.389,1.566,77.219,88.179
466,2.648,4.709,4.573,77.074,74.048
756,5.798,5.143,1.52,73.051,84.243
1465,3.799,5.926,1.366,75.095,80.447
828,3.804,6.254,4.201,77.9,80.607
925,1.774,6.027,2.483,77.572,89.218
1214,4.405,11.74,3.355,75.529,82.617
763,3.414,5.477,2.681,76.665,77.492
787,4.382,11.346,1.687,74.264,78.55
643,2.95,6.331,3.374,77.505,87.59
653,2.406,7.189,1.233,75.465,69.093
759,2.539,5.714,2.169,75.115,75.597
823,2.977,6.582,2.492,77.895,77.844
793,4.147,4.743,2.225,75.458,72.312
561,2.399,3.998,3.106,77.463,83.992
228,1.965,5.512,1.923,75.745,67.99
1004,3.891,5.659,2.19,74.086,84.334
976,2.922,5.589,1.789,76.25,76.149
909,2.935,6.598,1.323,87.024,76.932
1660,2.739,5.714,1.91,75.9,88.598
1070,2.737,6.129,1.687,77.234,87.625
652,4.05,5.699,2.021,75.783,69.491
1349,2.654,8.526,2.723,78.014,84.744
908,2.652,4.118,1.72,77.357,75.206
667,3.273,4.775,1.405,75.278,80.036
879,3.829,4.178,1.184,75.816,90.296
729,3.168,4.554,1.448,76.939,77.356
383,4.398,4.382,2.132,77.7,74.731
616,2.977,2.323,2.162,76.996,77.126
1147,4.445,10.561,2.832,78.101,70.431
1409,5.232,4.76,2.57,76.199,79.342
1306,4.936,5.132,1.922,77.329,83.868
747,2.623,5.567,2.933,84.297,75.508
555,3.533,7.631,2.991,76.741,81.841
574,1.884,11.996,1.449,88.64,71.616
1437,2.498,8.96,2.598,77.939,81.017
863,2.503,7.646,1.781,81.95,90.791
604,2.39,10.09,1.364,83.839,74.225
984,2.486,3.066,2.676,75.439,86.534
806,2.218,6.582,3.817,78.591,80.959
579,2.502,11.52,1.562,74.924,66.922
609,4.716,10.635,1.586,87.927,82.792
603,1.755,6.881,1.526,76.107,90.509
673,2.667,6.794,2.002,75.397,87.66
517,1.845,4.535,2.851,77.758,79.632
1312,2.516,6.778,2.635,85.715,89.478
847,4.001,5.269,2.693,76.766,83.159
958,2.714,4.874,0.492,75.281,70.021
747,3.122,4.253,1.979,88.879,87.505
1006,5.024,11.84,1.676,80.746,87.872
755,3.254,7.125,2.519,80.107,82.943
622,5.536,4.208,1.426,76.621,83.943
668,3.216,4.483,4.639,76.913,74.286
634,2.587,6.758,1.896,76.676,75.155
1184,2.373,6.618,1.496,77.282,79.154
1108,3.498,4.096,0.878,86.361,79.295
547,2.489,4.112,1.749,77.942,90.458
618,2.799,6.175,0.943,75.278,76.338
1387,2.987,1.911,4.151,78.061,77.674
601,3.713,5.238,2.667,76.216,79.253
894,3.747,8.611,1.893,77.008,81.972
771,2.345,10.027,2.132,75.3,71.191
736,2.398,5.342,1.835,77.116,84.255
915,2.519,7.012,2.812,87.808,75.694
633,2.839,6.861,2.303,77.249,80.603
585,3.551,8.542,1.535,77.82,80.98
1089,3.211,6.954,1.944,78.96,69.126
1071,3.448,6.599,1.67,76.371,83.459
670,2.691,5.78,5.936,75.216,73.369
847,2.72,5.558,0.776,77.581,82.627
474,2.201,3.972,1.783,76.853,76.286
701,2.798,16.861,1.873,77.956,83.427
889,2.117,3.987,1.833,78.116,87.912
984,4.211,6.826,1.716,76.53,76.644
822,2.805,4.454,0.514,78.209,78.412
1288,5.343,11.474,2.816,75.792,72.457
734,2.73,3.719,3.834,80.033,82.203
724,5.322,6.387,1.548,86.452,73.542
1445,4.327,8.415,2.725,76.942,65.266
1383,4.758,14.78,4.99,75.16,73.702
980,1.923,6.315,2.982,81.972,74.107
1173,3.747,7.109,0.921,76.913,79.577
685,3.675,3.889,2.569,76.566,79.847
470,4.285,7.255,3.331,76.585,71.374
1301,2.479,6.106,2.036,77.096,77.415
477,4.035,5.703,2.403,76.58,71.773
873,2.483,4.016,4.054,77.69,74.075
1436,3.482,10.054,2.655,77.812,79.377
751,4.299,7.394,1.714,77.923,88.831
816,2.432,4.686,1.67,81.025,81.238
581,4.611,5.815,1.397,79.281,74.728
596,2.377,4.26,1.146,76.687,77.171
1328,4.282,5.702,1.371,83.953,77.713
778,3.408,5.35,4.293,75.756,78.672
493,3.612,5.96,2.837,74.358,75.255
481,4.002,6.415,2.622,76.512,79.77
711,2.048,7.262,2.197,81.305,80.864
726,3.134,5.999,1.99,77.438,77.739
637,3.048,4.234,2.916,83.047,87.967
566,2.309,5.711,2.768,75.315,80.014
786,2.148,4.962,1.356,77.682,78.05
498,2.899,9.155,0.346,74.515,80.006
1343,3.062,5.719,1.354,77.621,85.013
871,2.399,4.86,1.518,75.355,83.491
1177,3.142,4.029,2.221,81.794,73.41
992,2.422,5.198,3.079,75.026,77.989
639,4.618,7.84,1.96,79.575,75.116
712,5.141,5.78,1.836,82.707,83.681
764,3.494,7.255,1.868,76.308,82.526
872,2.923,6.547,1.538,75.297,80.797
750,4.137,12.239,2.614,76.482,70.384
1543,3.875,5.963,2.287,76.283,78.578
1056,2.781,4.532,2.83,77.021,87.003
817,3.009,8.745,2.888,74.212,86.876
443,5.245,5.242,2.466,77.102,73.752
988,3.549,5.883,1.249,77.43,80.5
978,4.367,6.638,2.83,88.038,78.489
975,4.609,4.099,1.6,77.188,73.876
1131,2.512,7.093,2.158,83.943,76.858
943,3.14,15.881,1.602,82.009,72.704
468,3.856,9.964,1.506,76.662,85.791
702,3.496,6.869,2.913,75.485,74.64
576,3.13,8.54,2.152,76.08,92.565
832,4.796,4.583,1.777,76.188,79.547
665,4.805,11.497,1.855,75.556,73.695
673,2.33,6.681,1.363,73.422,81.433
967,2.0,6.238,0.819,82.853,73.822
487,2.791,9.309,2.672,79.659,75.08
926,4.621,5.864,4.653,77.712,75.164
887,3.427,1.225,1.743,75.949,80.695
671,1.782,5.021,1.722,76.096,82.304
981,2.762,4.995,2.166,75.378,83.838
436,4.11,6.176,2.702,82.108,66.176
802,2.278,3.753,2.303,85.159,78.85
568,3.49,6.266,1.526,75.562,64.363
480,2.806,6.914,1.736,73.69,81.776
918,4.665,10.384,1.601,85.877,72.26
545,4.727,5.083,1.329,76.101,85.334
908,3.643,6.483,6.826,77.851,81.338
518,2.369,5.182,5.214,83.402,77.983
675,3.515,7.525,1.422,77.492,83.565
658,4.812,7.334,2.857,75.384,87.176
670,2.626,2.199,1.53,75.382,68.395
1055,3.765,6.992,3.406,77.61,76.741
903,2.274,4.567,1.543,74.347,73.583
977,3.219,4.69,2.707,83.646,72.698
723,2.543,5.986,2.492,77.771,82.206
797,5.097,6.663,2.809,76.109,78.902
737,2.479,4.858,1.766,76.855,69.261
887,3.303,6.252,2.642,83.722,71.758
519,2.45,8.3,1.373,76.222,74.019
1004,2.678,5.285,1.139,75.658,70.064
540,2.421,6.386,0.939,77.175,72.581
502,2.313,13.897,1.782,80.428,68.93
601,1.813,2.337,2.496,75.794,78.068
1044,3.176,7.428,1.43,76.111,90.45
859,3.324,6.786,2.457,76.695,84.062
1105,2.482,5.702,2.164,79.85,79.007
630,3.134,5.14,1.672,74.316,74.657
576,2.932,8.461,1.102,79.889,83.974
569,2.241,4.711,4.819,75.14,78.892
670,5.194,6.614,1.232,76.084,88.633
880,3.657,3.706,1.432,75.503,78.395
756,3.521,6.68,1.285,78.152,72.388
672,2.998,5.765,1.726,76.865,78.624
876,3.18,5.14,1.893,75.375,88.862
477,2.868,4.133,6.946,77.071,76.215
995,2.288,7.404,1.389,75.486,81.161
437,2.538,6.988,3.636,75.652,77.292
602,2.437,5.89,3.493,74.49,70.273
1014,3.479,8.535,2.942,75.438,66.837
427,3.957,5.25,2.717,75.768,82.381
512,3.414,5.641,1.211,76.643,76.731
746,2.543,4.177,3.598,75.173,83.362
743,2.853,5.278,2.146,79.322,79.07
690,3.399,7.638,2.371,76.384,84.206
852,2.156,8.218,1.337,78.276,76.676
679,1.982,2.532,1.872,84.138,77.748
1439,2.397,8.617,1.725,75.985,79.878
1244,2.05,11.052,2.137,83.023,72.663
614,4.188,10.239,2.258,76.152,79.854
669,3.231,13.043,1.148,74.977,72.395
669,4.005,6.562,2.223,84.016,71.453
1413,2.87,5.065,1.716,77.48,77.13
412,2.789,8.779,1.562,75.925,91.373
763,2.329,9.114,2.686,74.306,74.527
630,1.964,6.492,2.882,72.388,72.185
698,2.78,8.481,1.992,79.043,74.153
572,3.876,5.386,2.423,75.487,76.026
525,2.922,6.394,2.979,77.584,92.865
699,2.342,7.978,1.64,82.039,91.483
662,3.432,5.771,1.366,75.648,77.11
539,3.12,3.923,1.923,73.865,70.196
1072,2.1,3.842,1.782,76.206,86.442
717,3.958,3.803,1.349,76.843,75.95
982,3.566,9.087,2.84,75.784,84.207
584,6.827,8.455,2.897,75.12,76.517
430,3.524,6.287,1.23,75.332,77.528
1021,0.014,6.375,1.912,76.361,76.524
572,4.752,6.834,2.36,76.365,66.787
714,2.018,7.764,4.216,78.088,70.006
807,3.119,4.957,1.194,77.583,83.836
870,3.49,4.642,3.37,76.599,87.096
1222,2.382,5.881,3.099,74.032,75.251
905,2.103,4.803,1.43,74.716,74.196
388,3.759,4.978,1.274,76.605,85.17
1145,2.703,6.982,3.149,76.497,86.1
632,2.07,6.307,1.422,84.891,81.352
1067,4.434,4.11,2.596,77.35,77.043
575,4.166,4.636,1.269,75.515,76.038
511,2.351,5.814,2.308,77.421,84.618
785,3.458,7.925,2.207,77.54,78.171
841,1.864,6.051,2.855,75.91,84.955
696,2.71,7.374,1.707,82.611,77.239
947,3.992,6.785,1.257,78.318,90.41
693,4.073,5.087,3.493,76.274,73.407
815,3.259,6.5,3.617,77.166,74.596
766,4.604,8.701,1.673,77.77,74.382
486,4.716,7.784,1.709,80.718,80.403
684,2.38,4.71,3.103,82.747,89.732
954,2.796,8.378,1.232,73.275,64.279
645,3.93,4.412,1.426,77.219,73.433
761,4.115,9.345,2.737,75.063,87.751
699,2.109,9.323,2.727,76.57,80.827
505,4.79,4.971,1.887,83.137,89.458
838,3.163,12.979,1.956,82.017,75.111
802,3.495,5.175,3.774,80.024,84.934
1081,4.224,4.24,3.685,74.198,73.287
892,4.123,7.932,3.993,85.493,75.888
849,4.952,11.568,2.645,77.722,77.245
686,3.184,7.389,1.905,78.915,83.156
453,1.854,14.588,2.341,75.726,75.129
668,2.861,6.325,2.886,76.647,78.521
467,2.51,12.048,3.299,75.827,72.742
788,2.846,7.571,2.53,75.011,76.469
436,2.645,1.247,1.711,75.181,87.862
542,2.798,6.034,3.184,76.701,75.238
699,5.269,12.749,1.59,77.03,70.377
804,1.679,6.201,1.839,77.367,87.055
888,3.206,2.508,1.159,73.564,64.8
817,3.336,8.374,1.701,85.392,86.128
988,4.704,5.156,1.088,76.762,80.415
685,3.043,5.7,1.224,75.296,74.0
742,3.842,5.357,0.675,76.355,80.573
888,3.14,6.552,1.47,83.964,67.699
1038,4.811,6.677,1.801,84.639,78.447
863,2.155,8.286,1.981,76.669,85.689
691,3.666,6.225,3.759,84.354,79.084
766,3.042,6.944,1.331,76.469,80.781
916,2.206,3.52,2.543,76.688,76.159
582,2.607,3.667,1.324,75.419,76.794
694,3.286,5.944,2.94,76.143,69.688
537,0.436,13.894,2.018,78.586,78.011
638,2.093,11.857,3.437,77.775,87.258
731,3.117,4.542,1.495,75.073,71.545
692,2.901,12.062,2.009,82.213,77.755
801,3.873,6.034,1.395,80.505,81.777
707,3.112,7.506,1.254,83.352,74.997
1140,3.385,11.231,1.493,76.91,70.935
728,5.178,5.534,2.03,82.782,80.157
464,3.927,2.563,5.942,76.522,76.268
822,1.875,4.994,1.823,84.612,72.527
648,4.134,5.65,1.277,74.643,75.736
885,2.595,6.281,1.307,78.017,82.996
1080,2.084,10.151,2.26,80.045,74.668
696,2.955,5.683,2.078,74.997,75.694
524,3.898,5.796,1.25,77.674,80.909
1032,3.765,12.515,1.542,77.946,78.137
448,3.132,14.935,3.015,76.793,82.812
684,2.616,5.32,1.852,75.631,80.015
726,2.938,7.208,4.641,84.713,74.72
448,2.207,7.25,2.663,74.556,81.076
803,2.668,6.909,2.982,76.9,78.823
619,4.543,6.522,2.667,79.443,72.123
693,3.218,5.69,2.561,76.804,79.021
673,5.207,8.83,2.865,82.618,82.638
589,4.769,4.606,2.228,77.498,75.717
797,0.867,9.154,1.762,76.422,79.718
768,4.143,6.123,3.161,76.77,75.668
764,2.906,8.573,2.407,77.368,81.512
858,2.627,4.402,2.721,76.773,94.784
1058,2.935,16.841,2.991,81.063,75.319
475,4.56,8.458,1.6,77.315,88.132
839,4.74,7.081,1.307,77.551,70.44
712,3.69,7.647,2.012,84.882,79.771
833,3.873,3.86,1.291,76.642,82.481
928,3.04,10.922,1.848,74.097,73.237
420,2.494,4.163,3.727,75.685,91.086
660,2.865,9.68,1.425,75.16,82.618
661,2.263,5.787,5.575,77.881,71.813
973,3.728,12.78,6.514,76.64,80.663
624,3.49,5.82,3.959,75.397,84.811
630,2.105,6.929,2.859,74.298,78.356
515,2.537,5.158,2.501,74.92,68.877
796,3.823,6.337,1.77,77.518,72.849
626,3.015,6.204,2.54,86.719,72.527
670,5.28,4.174,2.019,76.175,75.763
663,2.122,13.398,1.953,75.275,88.615
794,5.06,8.135,2.058,82.192,84.437
613,4.702,8.451,1.104,82.689,82.406
1292,2.14,5.146,2.258,86.093,85.209
775,4.427,6.825,1.142,74.875,70.969
500,4.987,5.812,2.076,74.92,73.663
807,2.449,6.758,2.28,85.346,78.684
860,3.753,4.133,3.218,73.352,73.012
769,2.051,11.753,2.094,77.194,92.455
879,2.873,16.451,1.569,75.319,69.176
1283,3.177,3.23,1.585,75.358,84.393
1382,4.33,4.513,1.507,74.9,78.452
746,4.57,3.175,2.717,76.017,87.732
419,2.216,4.268,0.856,77.228,75.901
652,2.682,9.697,2.351,76.508,87.797
573,2.358,3.128,1.302,75.226,78.953
810,2.67,7.857,1.776,82.596,75.014
603,3.962,4.79,1.693,76.98,79.126
686,3.526,7.433,2.512,77.127,75.578
772,3.531,12.207,1.553,75.156,72.199
545,4.978,16.365,2.345,75.862,81.013
656,2.089,8.443,3.592,82.042,76.766
784,3.55,8.038,4.576,86.803,82.004
738,3.789,10.851,2.221,77.986,82.983
636,3.486,6.841,1.707,74.362,76.309
637,3.009,4.91,1.469,77.46,73.786
1135,4.264,5.481,1.644,74.881,71.101
1136,2.246,6.833,1.458,73.621,73.826
752,5.489,11.163,1.062,78.725,68.347
618,2.431,6.724,1.89,84.708,72.776
536,2.542,7.481,1.259,83.635,67.563
572,2.878,6.853,1.475,76.831,92.426
472,2.949,5.234,2.007,76.985,85.05
540,5.634,6.225,3.512,74.601,70.201
778,3.76,5.437,4.861,76.678,80.226
508,5.154,7.189,1.741,75.784,84.973
468,2.137,5.967,1.366,77.018,69.993
627,4.217,6.907,2.641,77.329,88.629
632,2.588,4.398,3.142,74.2,83.778
789,2.816,6.511,1.517,80.433,74.062
780,2.595,5.256,2.115,74.993,75.527
736,4.352,4.229,2.688,76.701,83.293
821,5.271,5.694,1.336,76.295,73.921
710,2.46,6.182,2.144,76.445,82.208
981,3.693,5.767,2.652,84.509,80.499
719,3.419,7.386,2.844,73.941,73.871
541,2.83,5.299,2.439,76.78,78.41
724,2.589,7.616,1.88,85.822,73.544
1186,2.464,5.349,2.865,74.932,73.485
888,3.661,8.783,1.292,76.032,71.006
639,2.618,6.172,2.275,76.208,86.932
752,3.471,4.242,3.054,75.558,77.754
811,3.86,10.852,1.688,80.596,74.059
715,2.694,6.947,1.541,76.721,69.121
1171,5.165,3.669,2.892,75.761,82.348
544,2.135,13.668,2.883,76.761,77.117
956,3.721,5.05,4.542,78.295,75.351
807,2.643,5.23,1.688,76.53,81.359
1224,2.999,7.296,1.462,81.153,71.346
447,3.015,8.455,2.335,82.887,76.937
814,3.97,3.556,1.141,76.657,85.632
638,2.209,12.294,2.332,75.137,82.889
624,4.393,4.761,1.184,76.297,71.26
470,2.311,3.936,2.765,78.944,93.192
612,2.271,6.515,1.871,74.902,88.134
774,3.016,3.545,1.3,76.039,84.797
662,2.231,3.181,1.968,75.064,89.22
636,2.141,5.677,2.082,77.396,70.789
876,2.388,7.845,1.216,84.145,75.926
887,3.308,9.063,3.331,77.353,81.342
698,2.828,6.31,2.65,74.244,77.012
759,2.575,5.342,3.492,84.15,79.839
1546,3.904,6.205,5.555,78.826,73.678
1265,4.8,4.295,0.874,76.975,69.274
1246,3.486,7.18,2.08,75.446,87.196
820,4.115,4.773,1.092,76.285,73.567
987,2.921,5.056,1.368,78.068,75.01
573,1.134,4.2,2.874,86.46,84.086
712,2.911,7.611,1.965,76.269,81.288
785,4.056,7.141,1.579,76.521,81.405
838,4.048,3.652,2.798,76.153,85.276
472,2.0,13.391,0.993,83.172,80.524
1118,4.288,2.062,2.109,78.386,87.085
676,3.322,4.571,1.626,76.375,81.407
930,3.94,7.769,2.633,77.112,83.503
858,2.111,8.722,2.894,74.561,72.697
1264,2.809,4.985,1.215,76.921,70.426
752,2.228,7.444,1.778,80.909,80.693
604,2.292,3.815,1.232,74.563,78.462
708,2.456,9.61,2.241,77.329,71.238
443,3.055,5.069,2.75,75.167,85.556
827,2.471,6.947,6.338,78.842,71.716
735,2.383,5.534,2.309,75.48,78.8
739,3.359,9.032,5.338,75.991,71.305
1015,2.712,3.005,2.307,78.793,89.43
1587,2.348,6.523,2.754,77.404,72.437
954,3.156,3.495,3.373,75.565,79.948
449,3.511,6.785,1.779,78.381,80.923
758,2.782,7.211,6.122,81.622,74.192
1156,2.651,10.987,2.807,78.409,80.764
677,3.277,5.379,1.243,75.548,78.753
813,2.38,5.297,0.312,75.839,77.076
764,4.926,7.832,2.963,76.737,81.325
940,2.566,8.256,1.822,75.15,77.79
1023,3.029,18.345,1.008,78.402,77.146
1227,3.104,3.601,3.305,75.686,68.596
416,3.55,4.728,1.936,77.347,74.476
809,4.111,7.297,5.214,85.804,78.932
1480,3.186,8.623,2.02,77.037,77.27
752,2.971,13.138,1.429,76.034,84.875
838,4.289,6.069,1.426,77.472,80.057
554,4.331,6.096,1.489,77.891,79.271
846,2.453,4.464,2.816,76.233,73.407
993,2.159,6.488,1.125,83.089,79.605
602,4.08,4.187,2.028,75.32,72.774
942,5.038,5.701,0.955,79.649,69.718
916,4.103,11.4,3.193,76.906,69.749
1364,3.187,9.499,1.88,86.272,72.559
594,3.765,5.611,3.512,77.342,81.011
1132,3.204,5.069,1.688,77.147,78.753
918,4.454,9.281,1.456,75.787,79.62
779,4.666,6.472,1.338,75.459,72.151
710,3.994,19.077,5.196,76.938,72.721
997,4.645,2.496,1.806,75.664,71.455
702,2.564,4.742,1.938,78.899,88.257
922,3.121,4.327,1.571,77.735,70.476
643,3.889,6.878,2.948,75.946,75.961
771,3.178,4.29,1.41,77.972,65.641
599,1.823,5.775,1.329,77.321,89.798
739,4.564,4.916,2.282,75.094,79.23
657,3.614,14.19,1.629,75.889,80.222
398,2.279,4.723,1.634,77.39,87.134
1380,5.778,10.701,4.875,78.603,78.021
1367,3.434,9.399,3.158,74.905,77.661
683,2.636,8.614,2.151,74.431,72.89
434,2.371,5.953,1.745,74.555,69.163
1299,3.183,2.329,1.57,83.253,74.09
708,1.862,3.338,4.456,76.702,80.269
1057,1.97,7.027,1.921,75.386,83.766
693,3.019,10.01,1.111,74.072,84.636
1087,4.473,6.528,3.686,78.562,77.925
1187,2.577,5.039,2.263,85.107,77.426
676,1.763,8.098,2.551,77.729,88.257
674,4.121,4.673,1.715,76.112,80.871
1240,2.111,4.638,2.427,85.432,76.128
536,3.909,7.415,2.544,84.556,85.267
1071,1.858,6.388,2.983,73.918,86.323
1102,3.947,6.099,1.647,77.671,74.588
479,2.513,6.186,1.922,74.754,81.783
975,3.64,4.643,1.227,76.506,78.838
526,3.784,5.072,3.2,77.096,73.135
510,2.658,5.996,5.034,75.351,73.952
876,2.206,10.516,1.348,77.835,87.987
704,2.643,6.452,1.612,76.604,77.916
648,3.108,7.525,1.187,76.933,86.819
662,4.092,15.356,3.565,76.214,82.521
639,4.275,6.898,2.983,76.35,76.87
753,3.763,7.034,1.485,82.616,74.835
689,4.455,5.884,1.748,73.632,74.136
420,2.023,7.701,1.345,77.772,70.376
1454,2.063,6.168,1.26,83.372,82.718
495,2.548,6.305,1.024,77.229,78.53
962,2.57,6.561,3.041,76.169,78.546
683,2.756,7.975,2.411,76.576,79.191
779,4.982,6.317,1.287,76.947,64.928
410,3.787,3.66,3.538,77.589,87.546
1051,3.434,0.591,2.72,85.164,89.141
643,5.198,6.104,2.92,76.706,73.732
574,4.123,8.353,1.992,75.807,76.616
1050,2.194,4.588,0.853,75.658,85.321
749,3.659,6.225,1.831,76.557,88.645
559,2.455,8.582,1.912,76.379,82.243
849,3.056,17.964,4.114,77.043,71.597
765,2.254,3.582,2.068,85.583,82.011
924,2.768,7.054,1.371,76.163,77.877
1026,4.619,4.404,1.056,76.585,72.63
1051,2.818,4.895,2.387,76.607,76.882
732,2.814,5.701,2.194,79.851,74.275
667,3.371,6.899,1.441,76.794,83.565
1162,3.795,1.252,1.791,78.679,69.041
427,2.793,2.985,2.158,78.537,77.011
1181,2.243,4.892,1.578,86.761,80.482
1021,3.858,5.002,4.751,75.239,88.882
758,3.719,6.993,1.238,76.522,78.767
711,2.68,8.016,1.364,86.356,83.755
1001,5.137,15.17,2.366,83.482,74.954
1582,4.634,4.709,2.1,82.744,81.437
726,2.366,7.253,3.038,77.446,73.805
953,3.782,9.728,2.884,75.485,78.794
594,3.651,3.247,1.367,76.624,83.85
1072,2.824,5.06,1.622,74.229,74.337
569,3.736,5.729,1.87,76.742,79.452
638,2.674,5.646,1.84,77.749,86.248
1524,3.521,5.535,1.762,87.952,83.7
638,2.649,5.222,1.533,80.688,77.054
826,3.681,9.316,1.469,72.737,75.34
770,2.461,4.147,3.007,75.554,75.147
955,4.964,9.417,1.527,76.734,77.307
969,2.261,4.438,1.654,77.0,85.394
899,0.063,4.783,1.521,72.629,80.988
796,3.526,6.92,2.378,75.322,74.132
934,2.073,2.741,1.554,77.061,89.713
540,1.915,5.478,1.835,78.143,82.457
774,1.907,4.783,2.598,78.637,69.041
936,2.18,5.306,1.317,77.262,88.938
439,3.811,8.612,2.26,74.107,86.837
556,2.813,7.037,2.126,77.517,77.423
721,4.001,4.8,2.788,76.718,83.985
958,2.263,9.313,2.041,75.959,81.105
679,2.941,7.88,0.989,86.132,86.309
1123,2.841,6.412,2.413,82.473,83.635
1104,4.555,3.491,2.207,79.311,84.729
559,2.261,6.651,2.278,75.157,79.002
466,4.894,10.361,1.882,77.049,66.047
936,2.699,7.592,3.049,77.649,75.835
963,1.999,5.83,4.719,78.271,87.815
736,4.819,10.291,2.307,79.799,69.882
640,4.205,6.976,1.269,75.211,81.829
1021,3.227,3.687,2.68,76.05,70.629
744,4.686,6.557,1.196,74.894,93.927
924,2.154,3.824,5.013,74.298,75.608
465,4.942,2.029,2.743,77.906,78.882
397,4.907,5.844,3.301,76.08,85.11
1360,2.207,4.662,3.332,75.339,78.768
691,3.104,6.292,4.715,82.949,81.412
731,3.631,5.809,2.131,76.804,66.735
841,2.58,8.009,1.863,76.298,84.945
1379,3.331,2.979,3.157,77.857,80.235
613,3.647,6.464,2.667,76.717,79.654
441,2.248,9.689,1.64,76.554,86.888
729,3.107,6.621,2.587,77.243,68.687
1077,2.114,4.876,3.037,74.958,82.943
715,3.075,10.513,2.946,76.564,77.029
658,3.959,8.163,2.223,73.56,71.019
525,2.315,5.211,0.924,74.549,73.042
585,2.322,0.852,3.696,75.895,86.604
756,2.458,5.558,1.458,82.25,79.764
1180,2.46,6.458,3.615,78.684,82.551
775,4.191,7.746,4.081,81.792,78.975
852,2.641,6.448,1.961,76.817,75.71
648,1.946,7.265,2.084,76.802,85.2
496,2.625,8.193,1.673,74.753,67.063
1015,2.964,2.238,2.891,75.85,75.748
673,2.22,4.794,2.196,77.38,78.852
643,1.869,2.794,2.902,75.048,80.664
520,2.615,8.153,1.679,75.491,84.712
837,4.942,7.887,1.867,73.961,72.826
591,2.761,5.205,2.168,78.62,81.323
466,2.407,7.453,1.359,76.753,88.498
1211,3.787,5.561,1.919,75.95,66.105
680,2.772,7.357,1.906,78.695,82.259
796,1.959,9.064,0.99,76.72,72.807
1022,4.27,6.144,1.473,77.28,80.953
823,2.144,6.716,1.193,74.514,75.381
662,5.054,6.988,2.062,76.272,82.335
515,4.602,5.43,2.642,75.62,74.938
896,2.723,9.112,2.08,76.441,78.943
802,3.896,5.023,2.621,84.021,83.024
1448,3.555,3.251,1.897,87.744,81.74
706,4.436,6.655,2.52,76.384,66.871
616,5.578,6.248,4.28,77.233,87.37
1352,2.988,7.585,3.015,73.829,73.485
800,2.033,6.117,2.485,87.165,82.888
598,4.635,7.555,1.265,75.491,77.125
897,3.297,7.349,2.544,75.064,85.071
1215,4.876,4.925,3.245,77.099,85.096
637,4.952,6.027,2.79,74.224,70.921
918,3.227,5.489,1.543,74.207,74.522
880,4.143,5.601,1.861,77.56,83.319
522,4.948,6.417,2.739,77.319,75.374
444,3.922,4.668,4.385,81.462,75.953
567,4.941,6.879,1.68,75.805,71.483
508,1.996,3.71,2.878,78.066,84.072
774,3.659,5.798,1.455,77.941,75.516
839,2.1,5.688,2.478,76.009,80.444
841,5.027,4.846,1.808,77.661,91.728
907,2.609,6.163,0.97,78.164,87.959
555,2.32,7.549,2.576,76.832,89.176
600,1.836,6.271,2.569,74.591,76.518
1196,2.944,9.668,1.416,78.145,73.863
625,2.985,7.628,1.618,75.915,75.594
1109,3.342,6.255,2.533,78.074,82.825
488,3.989,6.956,4.233,77.289,72.638
552,2.116,4.459,0.852,79.035,79.354
1017,4.73,7.642,0.177,75.506,72.083
789,2.764,8.456,1.597,75.786,82.087
940,4.541,7.158,1.407,76.642,72.079
665,3.021,7.931,2.794,76.949,76.396
1045,2.531,5.13,2.724,75.377,70.426
696,4.026,14.797,2.021,75.223,73.766
711,4.606,7.169,1.517,75.724,69.706
1289,3.499,3.531,2.533,75.781,78.184
430,4.421,6.654,1.435,76.514,80.343
1092,3.661,13.794,1.557,74.984,83.733
969,3.89,5.007,0.797,74.477,75.443
494,2.253,7.652,1.557,78.134,68.549
546,3.308,10.456,2.322,74.34,82.246
417,3.39,6.282,1.753,75.888,71.694
1065,2.893,2.413,1.604,76.792,85.911
856,3.939,6.651,1.475,81.972,82.335
684,3.786,6.113,1.47,74.765,74.764
511,1.073,4.779,1.305,80.57,71.261
516,3.302,3.983,1.254,77.854,68.517
613,4.265,6.426,2.303,80.266,83.66
715,4.528,8.49,1.874,77.156,79.731
684,2.503,4.921,4.976,86.644,75.675
606,4.37,3.028,2.544,83.665,75.449
816,2.428,3.109,2.849,76.676,75.859
827,2.788,6.421,2.046,83.604,82.727
869,1.901,2.964,2.091,75.058,84.407
876,2.754,3.708,1.037,76.62,66.073
636,2.766,6.72,3.105,76.805,83.642
1368,5.263,10.772,1.156,77.307,76.975
535,2.915,6.178,2.131,75.385,77.791
971,4.176,10.077,1.89,78.08,76.51
1265,2.423,3.849,1.94,78.606,71.169
1099,2.772,10.394,1.758,74.826,84.205
648,2.165,6.011,1.774,77.352,71.468
550,2.812,4.23,2.976,82.493,74.707
577,3.82,6.015,1.378,81.267,78.757
496,2.002,10.865,1.415,74.48,78.369
472,2.968,4.994,1.394,76.253,69.299
768,4.988,7.0,2.858,75.882,72.663
1085,3.924,7.709,2.541,84.813,76.128
882,2.05,6.551,1.237,81.671,83.419
507,3.144,4.178,1.584,73.433,68.883
596,4.438,6.627,2.031,74.476,70.871
608,4.173,5.429,3.544,78.965,78.303
649,2.351,4.444,2.435,76.666,75.04
523,3.894,7.403,1.326,75.842,71.795
465,1.893,5.234,2.442,77.701,66.81
726,3.851,2.706,1.707,82.094,82.207
839,2.582,7.252,3.861,78.7,73.715
629,2.958,5.257,2.502,85.546,78.345
633,4.998,5.828,2.563,76.948,73.275
989,3.092,7.211,4.803,75.623,73.521
624,3.54,11.824,2.018,76.396,81.967
1223,2.547,7.434,3.553,74.658,87.608
674,2.983,5.827,2.721,76.022,69.393
756,4.255,4.742,1.404,76.919,83.748
1108,4.534,5.056,3.098,76.181,82.698
899,3.189,0.599,1.224,76.491,66.854
747,4.978,6.774,2.986,75.576,72.078
666,2.353,5.832,3.471,76.519,83.008
531,2.311,5.961,2.831,77.518,73.448
704,4.825,14.016,3.127,73.493,71.217
466,3.088,3.833,1.26,77.131,82.515
537,2.875,9.809,3.158,86.556,83.972
690,2.945,9.027,1.262,77.251,75.714
539,5.15,2.421,3.755,75.046,76.536
529,2.592,7.384,2.334,76.628,76.084
870,5.027,6.129,1.989,77.199,75.487
941,3.831,6.595,3.438,85.501,68.288
965,3.151,7.095,1.267,77.032,78.942
474,4.894,5.208,3.508,76.371,84.876
758,2.858,8.175,1.709,75.975,68.104
723,2.577,5.877,1.162,78.165,79.926
540,3.274,4.942,1.8,81.027,74.736
563,3.027,14.95,3.309,74.992,76.914
581,4.04,6.042,2.564,76.992,79.894
704,3.117,7.209,2.648,76.736,69.889
925,2.634,6.403,2.501,79.454,71.704
981,2.816,8.137,2.747,81.916,68.5
1456,2.863,6.165,3.053,76.781,81.048
641,3.227,6.331,3.188,77.161,69.358
683,4.783,6.187,1.949,77.032,83.794
512,2.779,6.48,1.533,81.466,90.476
1185,3.954,4.746,1.545,83.606,67.805
548,1.988,8.271,2.32,73.87,84.295
605,2.219,8.014,1.822,73.796,88.247
830,4.378,3.257,0.373,77.387,79.519
804,2.277,6.107,1.157,77.85,71.72
646,2.627,6.618,2.271,84.516,71.552
735,3.903,4.305,2.02,76.581,84.82
709,2.809,7.389,2.659,75.827,85.68
1058,0.579,5.741,2.244,81.921,79.069
716,2.473,12.81,5.223,75.055,75.893
545,2.296,8.105,3.085,74.154,72.729
959,2.417,5.585,1.545,77.576,82.522
868,4.849,7.976,1.695,78.013,87.998
1438,3.821,7.722,3.023,75.565,71.925
801,4.845,5.8,1.123,81.4,84.063
422,4.256,3.689,2.33,74.544,90.817
686,3.21,7.518,3.071,76.684,85.583
553,2.347,9.251,2.56,76.455,76.894
659,2.895,4.992,1.881,77.969,77.337
568,4.421,5.448,1.657,80.262,71.647
1364,5.176,6.619,1.561,76.558,65.66
405,5.246,3.82,3.849,77.24,69.36
1311,3.19,6.361,2.203,77.814,85.444
747,3.921,3.873,1.453,76.05,65.824
983,3.861,12.918,1.949,74.78,84.766
914,3.586,4.453,2.677,85.098,92.173
850,3.141,5.221,2.513,74.039,73.03
1238,2.767,5.264,1.942,82.993,68.424
645,2.2,4.112,2.396,85.435,82.938
1414,3.473,5.786,5.355,75.112,79.147
856,2.448,5.973,2.95,75.202,73.84
405,2.409,7.331,1.942,84.475,91.317
494,2.56,10.021,2.196,76.745,73.386
1514,2.077,7.63,2.897,76.307,82.214
432,2.116,6.808,2.654,75.926,72.467
527,3.268,7.484,2.696,75.835,77.125
610,2.637,9.658,1.557,74.279,77.227
1397,2.131,9.076,1.993,75.511,88.324
611,5.166,4.123,2.816,76.79,73.2
801,4.662,3.658,2.924,77.133,88.076
1086,2.626,3.765,1.811,77.044,82.627
858,5.518,5.06,1.27,78.291,75.095
644,3.615,18.091,4.594,75.975,65.746
373,2.696,5.613,2.447,77.076,71.881
559,1.765,4.016,1.923,77.237,69.52
451,2.766,4.693,2.61,86.846,84.939
1004,4.598,4.721,2.61,81.923,73.005
800,2.99,4.589,2.309,75.162,74.994
442,2.134,0.314,2.668,76.91,83.673
790,2.122,6.336,2.357,77.279,76.816
823,3.139,10.611,3.108,75.664,71.098
546,2.505,9.641,2.773,76.785,89.88
554,3.396,10.29,2.0,76.547,83.106
777,3.875,7.434,2.388,83.482,84.044
745,2.972,6.75,2.729,75.681,68.867
647,4.724,7.574,2.67,74.67,74.623
758,2.26,5.971,1.06,79.593,82.292
931,4.081,6.307,5.853,81.395,89.858
794,2.821,6.143,2.095,75.868,68.268
602,1.947,4.528,2.371,73.424,85.605
1002,4.378,15.291,1.453,78.259,82.595
726,3.019,8.418,2.522,76.14,73.214
1260,3.562,4.144,2.318,87.154,88.486
711,5.397,6.161,2.031,76.457,72.283
619,2.867,9.089,2.05,76.077,88.262
892,5.78,7.678,1.373,83.022,77.726
668,2.4,6.885,1.275,82.683,68.773
546,2.086,1.597,2.675,74.094,72.795
716,3.569,5.312,2.461,83.647,79.792
773,3.274,12.362,1.22,80.787,78.668
601,3.482,4.225,2.594,76.305,74.825
423,2.159,4.676,2.533,76.605,77.402
358,1.766,7.419,3.321,77.695,77.583
1131,3.91,6.518,2.343,81.545,77.12
942,3.073,4.504,2.04,82.072,73.289
1299,3.337,7.495,2.787,75.941,74.31
593,3.248,6.798,1.122,76.922,77.573
1136,3.185,6.02,2.655,78.088,82.667
1204,4.641,4.042,1.746,78.753,70.561
853,1.698,2.195,2.141,75.24,84.821
905,2.309,6.401,3.274,77.353,75.992
1404,3.264,8.052,1.112,77.175,75.227
729,5.143,14.287,1.295,74.014,63.335
681,3.459,5.614,1.503,84.452,89.126
768,1.232,6.383,3.302,75.56,73.777
718,2.02,5.342,0.701,76.211,84.419
1046,2.619,6.923,2.083,82.801,76.356
662,3.724,4.541,2.868,74.61,77.379
882,4.374,3.925,2.21,76.153,76.368
1007,3.553,3.144,1.479,76.8,76.343
667,2.461,5.361,0.088,86.007,89.026
699,2.154,3.464,0.91,74.536,76.206
702,2.239,14.666,2.856,77.461,77.486
417,2.914,7.299,1.918,77.097,71.479
635,2.099,14.693,2.324,82.748,86.457
1015,2.282,4.823,2.245,75.603,88.948
681,3.751,5.183,1.645,76.754,83.748
724,3.649,5.722,2.145,75.395,75.362
687,1.99,4.276,1.113,76.225,80.963
723,2.968,4.624,1.024,76.698,79.878
639,2.508,5.992,1.894,74.794,77.389
797,4.496,4.189,1.222,77.949,67.376
709,3.726,0.703,3.266,77.817,77.595
836,3.592,5.479,2.0,75.124,73.696
1154,2.537,5.789,2.982,73.353,73.326
717,1.761,5.671,3.2,77.099,83.269
584,3.196,7.168,2.336,78.428,67.33
468,4.918,4.748,1.216,76.956,72.514
451,2.692,4.442,4.545,76.873,76.81
577,4.396,3.834,1.044,83.091,75.483
477,3.857,8.345,2.881,73.46,73.789
878,2.623,5.841,2.114,75.038,76.661
1059,3.238,5.292,2.721,82.371,74.433
930,2.89,5.878,2.401,77.256,74.496
418,2.034,5.545,2.039,74.877,85.348
594,3.787,5.179,1.808,74.783,89.384
404,3.739,4.547,2.146,75.698,83.232
527,4.627,7.942,2.422,75.509,83.116
364,2.054,12.441,4.841,74.655,83.724
1159,3.417,8.809,1.633,77.276,80.549
758,4.81,4.633,1.516,76.001,71.718
382,4.007,6.041,5.217,77.001,81.064
867,3.086,7.036,1.405,85.327,75.563
1077,2.229,11.585,1.547,77.953,78.785
731,1.977,5.115,1.62,84.875,84.312
668,3.213,16.202,2.493,83.337,73.579
1067,2.228,6.968,1.905,76.73,78.829
718,3.879,4.458,1.502,76.118,74.729
1025,2.576,6.222,2.151,75.671,80.674
1386,2.575,5.921,1.739,74.272,74.662
947,5.083,6.711,1.519,76.363,78.516
973,2.925,4.148,1.38,77.006,80.936
718,5.416,6.23,2.687,74.777,74.982
408,2.695,6.417,1.144,76.151,76.339
754,4.365,3.652,1.499,77.892,78.478
749,2.265,7.838,2.894,86.669,81.097
1050,4.055,17.787,1.666,75.145,77.581
820,4.777,4.614,4.634,75.644,71.879
559,2.661,5.056,2.37,77.191,81.721
731,4.926,8.352,2.251,77.654,91.545
525,3.42,8.895,3.533,78.288,76.657
1111,3.758,12.745,1.327,73.999,75.549
677,4.084,3.41,3.358,75.657,88.84
773,2.461,6.795,1.881,82.694,82.294
749,2.111,4.654,1.664,75.602,84.083
780,2.239,5.069,1.703,81.504,75.525
779,3.48,4.667,0.016,77.258,72.875
908,2.343,13.489,1.398,75.092,89.917
518,0.143,8.249,2.914,82.571,66.808
536,2.496,7.856,2.515,76.672,88.806
543,4.324,18.786,1.505,77.955,88.262
1382,4.712,6.114,1.89,77.103,77.401
613,2.481,3.187,1.388,76.46,79.916
830,4.124,4.86,1.551,83.846,77.45
509,4.016,8.639,1.557,85.288,69.99
565,4.667,8.519,1.914,74.883,77.942
954,2.815,2.97,3.578,83.427,81.419
867,4.811,8.162,1.01,76.892,85.978
521,2.994,5.912,2.268,82.967,66.992
484,0.588,5.738,2.059,77.491,92.23
827,3.981,3.316,2.731,75.586,80.226
670,1.958,7.152,1.708,78.372,75.902
641,4.506,8.973,4.103,75.536,77.937
841,2.656,6.862,1.938,74.025,83.957
771,3.75,6.795,2.202,77.001,88.008
637,4.023,4.258,2.493,77.949,70.582
684,2.662,9.008,3.046,76.479,70.254
537,4.477,8.435,2.336,75.452,78.582
619,4.431,6.311,2.204,74.196,71.067
647,3.854,5.376,2.025,76.745,88.075
1406,2.113,8.507,3.628,76.529,81.727
610,4.677,4.659,1.91,74.597,81.23
457,2.751,2.965,2.627,78.088,75.43
562,4.81,6.096,3.415,83.226,76.534
1015,3.164,9.547,2.07,76.796,78.866
1521,3.501,6.747,1.924,77.577,80.796
698,2.542,4.872,1.581,75.332,88.595
537,3.539,15.866,5.447,75.602,80.304
713,3.554,8.33,5.212,77.489,82.485
1144,2.741,6.743,4.495,74.909,79.13
529,2.317,4.039,1.54,77.683,72.309
604,3.667,6.316,2.557,76.495,79.333
489,3.719,6.194,2.068,78.01,89.011
667,3.18,8.718,2.048,80.424,79.185
518,2.634,4.809,1.347,76.663,82.238
519,5.154,7.559,3.0,76.604,70.793
638,2.628,4.269,1.735,78.165,67.168
892,2.919,7.323,1.744,75.873,70.847
1220,3.647,6.137,3.597,74.127,76.957
437,2.299,7.103,3.093,79.246,81.643
787,2.496,14.21,2.114,88.227,86.618
629,1.95,4.731,1.471,77.661,92.551
795,3.311,2.619,1.771,84.458,72.935
448,2.747,7.938,3.025,76.519,82.898
658,2.915,6.258,1.922,75.394,77.631
613,3.872,5.302,2.259,81.888,80.921
640,2.47,6.228,1.05,77.725,87.288
619,3.742,4.672,2.194,77.822,82.772
769,2.545,10.13,2.979,84.776,85.206
1221,4.309,10.514,1.95,81.032,75.923
935,2.911,4.693,0.815,77.724,89.827
775,4.12,6.469,1.428,76.281,86.937
587,3.332,6.977,2.56,77.593,83.553
846,3.431,7.839,2.303,72.525,66.968
752,3.557,5.126,1.986,76.769,74.18
473,3.92,4.228,2.355,74.95,76.806
1368,3.048,4.405,1.921,81.203,78.193
605,4.276,3.373,1.782,75.694,82.982
1237,1.937,7.956,2.576,75.886,77.872
513,1.837,5.477,4.242,75.328,72.434
757,4.76,6.98,1.071,77.78,70.007
445,2.046,5.392,1.723,76.405,80.074
399,4.485,6.596,4.638,76.429,82.118
519,4.466,5.07,1.184,77.645,66.704
801,4.222,9.856,0.641,76.841,72.563
604,3.514,7.798,1.407,85.278,87.319
513,3.176,6.178,4.232,76.612,79.186
718,2.358,5.759,3.0,79.809,81.805
854,3.107,5.408,0.821,77.29,80.334
890,3.363,4.033,1.591,77.261,86.687
549,2.043,8.779,2.203,74.785,70.693
1110,2.318,4.488,3.542,76.836,78.766
966,2.148,1.219,5.335,79.631,76.914
725,1.95,5.576,1.892,76.852,76.229
449,2.181,5.417,5.694,83.361,82.143
634,4.01,10.838,1.848,75.797,79.123
727,3.474,8.37,4.157,77.375,87.41
549,2.841,7.228,4.759,77.253,70.276
508,2.539,7.142,2.902,74.913,90.737
762,1.387,6.56,1.471,80.799,74.008
446,3.307,5.314,1.852,82.325,66.734
577,2.501,4.455,2.358,76.01,68.666
767,3.068,12.086,1.394,76.488,83.368
770,1.862,3.745,0.179,76.938,80.408
824,2.689,6.31,1.946,76.598,86.654
888,3.979,8.782,1.928,77.167,68.124
590,2.012,4.712,1.689,77.954,83.237
787,3.528,5.274,3.155,82.629,73.534
790,2.201,6.534,2.542,75.897,85.878
723,3.727,4.316,3.469,75.692,67.019
713,4.338,4.4,2.53,75.763,74.881
1072,3.266,7.24,1.782,77.833,68.131
665,3.534,2.039,3.303,74.483,76.879
808,3.447,2.482,1.326,75.659,69.841
631,2.578,4.518,1.873,85.417,75.249
912,4.18,1.709,2.635,78.575,71.655
865,2.919,2.947,1.748,77.454,77.261
514,2.486,3.364,1.83,76.898,86.654
423,2.502,2.939,3.761,75.4,78.875
786,2.62,7.045,2.075,77.001,86.407
753,3.039,4.458,3.277,73.066,79.688
777,2.315,8.476,1.841,74.332,79.167
768,2.472,7.135,3.346,72.721,87.667
848,4.144,2.866,2.522,86.776,77.876
1048,4.667,8.348,3.691,75.161,86.437
1011,4.573,11.47,5.787,75.321,68.578
987,2.695,5.729,2.955,77.739,90.209
490,2.439,11.307,2.107,82.556,74.603
557,5.093,8.804,1.685,77.013,81.249
657,3.749,6.248,2.374,76.732,78.005
641,2.873,8.621,1.523,75.943,71.941
875,2.706,4.952,3.186,76.946,79.434
1439,2.73,3.558,1.651,77.554,77.887
1074,4.111,7.577,6.472,85.964,79.364
885,3.352,7.18,2.455,77.162,71.352
723,2.956,4.688,3.422,77.549,74.414
781,2.711,6.598,2.647,76.074,80.064
528,0.839,8.027,2.312,84.062,77.713
738,5.431,6.209,2.235,77.141,79.098
872,2.81,6.491,2.993,77.94,86.711
814,2.419,5.227,2.993,75.379,73.005
1114,2.73,6.466,2.213,84.517,76.796
593,2.524,5.041,1.962,76.522,73.106
372,2.845,3.242,1.363,77.524,73.487
1068,1.932,4.367,1.604,77.415,78.906
673,3.921,8.217,2.707,76.457,75.24
538,2.887,7.016,1.559,78.469,78.829
587,2.527,5.614,2.094,77.298,65.64
653,3.888,6.343,2.313,75.803,69.687
1069,3.2,5.907,2.408,76.753,84.46
1068,2.581,1.099,2.169,78.183,87.614
1073,2.818,5.123,2.328,77.179,74.066
625,4.291,1.157,1.069,88.09,78.664
598,2.055,5.203,1.535,74.766,73.285
707,3.678,7.553,1.625,76.728,81.1
531,4.404,3.541,1.904,78.055,84.772
618,5.337,8.673,1.736,75.545,76.956
545,4.64,5.403,1.437,74.306,74.716
765,1.712,6.705,2.763,76.566,79.752
647,2.664,2.818,1.804,75.747,78.741
948,2.598,4.399,1.284,77.148,77.539
397,5.26,3.55,0.948,76.86,82.354
681,4.21,7.116,2.587,78.444,78.278
612,2.312,6.24,2.499,76.839,89.895
670,3.036,7.161,2.766,76.876,84.208
612,3.613,6.125,2.651,76.963,74.927
739,5.449,5.043,1.569,76.54,79.08
618,4.09,6.089,1.541,77.483,80.501
764,1.901,7.515,3.073,74.761,91.079
675,4.38,4.336,2.725,81.806,90.047
1188,2.479,4.745,3.202,81.287,85.938
647,3.052,6.821,1.414,76.879,75.114
1273,3.328,5.403,1.902,76.774,80.636
913,2.915,5.08,2.492,78.403,68.63
939,2.521,6.981,3.02,75.173,76.407
538,2.21,5.154,1.511,74.75,74.279
691,3.115,8.881,2.53,76.42,84.946
633,2.789,11.452,2.178,75.874,74.323
529,2.484,6.976,5.508,80.447,81.255
886,3.006,7.411,3.058,74.839,77.405
966,2.809,7.914,1.622,77.981,78.41
1493,2.4,7.378,2.829,77.927,78.901
632,2.91,6.847,1.791,75.559,69.399
504,2.965,7.9,1.807,78.322,76.379
616,1.937,5.455,2.127,78.125,88.557
1359,4.791,6.028,2.577,77.475,72.544
1182,4.633,8.134,3.2,76.123,83.418
868,4.135,10.8,1.796,74.307,82.17
785,2.497,6.118,1.917,76.093,82.268
655,5.239,7.018,3.044,75.432,83.2
1084,3.94,6.879,2.326,75.499,70.347
517,3.579,7.717,2.998,74.438,74.733
663,3.006,3.817,2.309,76.813,72.973
1028,2.306,5.929,2.089,76.361,77.163
677,3.676,4.735,2.334,83.901,67.34
688,5.06,5.777,2.632,77.762,71.179
818,3.822,6.887,1.494,77.208,76.606
1257,4.409,4.327,2.608,77.946,82.84
872,4.044,7.631,1.138,77.307,81.535
518,2.545,10.429,2.143,74.374,83.55
951,4.153,3.552,1.79,75.874,73.328
470,1.908,2.829,1.289,75.892,75.153
879,2.969,6.396,3.209,77.445,72.291
559,3.575,3.63,1.569,75.639,70.467
635,2.041,6.844,1.357,76.005,81.071
968,3.736,4.288,4.266,78.47,71.045
428,3.84,5.791,2.237,74.269,72.483
977,4.697,9.441,3.003,74.7,74.59
583,4.037,8.059,2.242,76.389,68.362
391,3.21,4.403,2.74,82.685,80.829
727,3.425,5.856,1.156,78.686,72.607
620,3.812,5.114,2.98,75.598,83.665
951,1.994,3.903,1.59,78.174,74.278
745,4.185,6.736,2.721,80.125,67.298
844,4.061,5.935,1.28,76.688,77.281
803,2.867,3.541,2.802,77.143,84.633
408,2.086,2.403,1.831,85.01,86.814
419,0.342,4.548,2.139,77.304,83.438
813,3.905,14.079,2.693,76.819,81.554
670,1.651,4.093,3.088,74.247,89.271
401,3.129,6.47,2.71,73.78,70.228
930,3.284,8.668,3.158,75.814,66.585
839,3.296,5.804,1.607,77.208,84.683
561,3.901,1.391,5.344,82.503,66.854
1080,2.648,5.835,1.467,77.485,75.133
1362,2.449,5.897,1.491,85.371,81.194
733,4.854,17.712,1.884,75.892,67.437
727,2.96,4.584,1.999,74.808,78.324
474,5.112,10.242,2.392,79.104,68.163
800,2.382,9.698,2.244,75.478,80.806
525,4.366,5.994,0.799,75.289,82.504
1120,1.139,5.329,1.333,76.481,79.291
498,3.738,8.149,3.112,75.452,71.643
574,3.487,4.95,1.872,74.399,79.765
811,3.072,7.091,2.746,76.139,74.83
966,2.069,8.428,1.771,75.285,82.858
982,4.271,6.655,3.09,77.014,74.175
419,4.572,6.923,1.706,85.64,81.846
862,2.765,7.18,2.892,76.002,91.354
544,3.573,4.029,2.296,77.119,66.899
594,2.67,9.095,2.783,77.077,83.556
377,4.867,10.716,1.939,85.85,82.269
789,4.224,5.0,1.688,77.014,77.474
676,1.845,4.869,1.228,75.784,81.535
897,3.443,4.082,2.998,73.992,83.61
527,5.126,5.604,3.291,77.643,74.615
493,2.376,6.255,1.884,73.887,83.558
590,2.663,2.586,2.206,77.799,89.801
918,2.029,4.68,3.137,83.204,75.561
600,1.853,6.602,2.455,75.776,80.197
717,2.055,3.679,6.184,76.14,71.394
360,2.782,8.144,1.886,80.987,86.42
513,2.559,4.152,1.326,76.09,68.697
1083,4.457,3.717,1.723,76.75,84.253
524,4.073,6.866,1.352,75.718,86.261
1261,2.824,4.89,2.379,77.679,83.475
859,2.508,4.902,1.625,76.257,72.706
1046,3.373,9.197,2.828,75.011,79.463
442,2.647,7.774,1.201,75.625,79.241
631,5.239,9.963,2.49,81.78,94.458
580,2.231,5.731,2.57,77.13,74.396
577,3.482,4.617,2.562,74.069,85.234
557,2.514,5.823,3.185,77.264,73.659
596,2.467,5.978,0.939,81.991,81.334
812,4.576,10.625,5.935,76.941,84.974
697,2.599,2.939,2.704,77.9,77.368
700,2.214,5.039,2.813,77.212,80.713
580,3.435,12.648,2.72,75.486,78.992
982,4.062,4.511,1.76,76.747,75.622
1044,3.356,5.027,3.73,76.457,77.576
1412,5.053,6.155,4.035,75.721,85.848
445,2.044,6.018,1.231,83.494,68.135
606,3.373,9.389,3.101,77.197,81.996
388,3.141,3.342,2.719,81.912,75.487
660,3.047,4.623,3.432,75.515,77.926
987,2.864,5.32,1.376,77.541,67.742
516,3.561,5.232,4.847,78.132,78.789
655,1.93,7.042,1.559,76.325,79.661
408,2.007,6.877,2.654,74.484,70.189
1544,3.107,2.966,3.553,75.958,88.669
965,5.105,10.393,4.773,78.102,86.791
698,2.341,5.672,1.716,82.776,70.151
701,5.882,4.43,1.662,76.08,79.458
754,4.521,2.618,2.592,75.674,76.589
1297,3.332,6.169,0.784,83.635,77.382
625,4.125,6.959,1.843,74.204,78.196
884,2.508,7.841,3.391,77.861,69.603
486,2.073,1.907,2.235,85.105,78.581
1041,4.387,5.124,2.236,82.303,84.331
652,2.827,9.129,3.034,77.593,85.865
502,2.947,7.823,3.497,76.665,85.895
1346,1.931,6.331,2.544,77.063,85.078
402,2.695,7.67,2.028,74.239,77.303
984,1.97,11.854,2.597,78.259,84.16
416,3.472,4.407,2.378,74.683,77.208
505,2.632,6.825,1.232,76.564,88.121
854,1.776,10.294,2.339,87.276,83.813
1238,2.763,7.573,2.262,75.289,72.028
551,1.978,6.798,2.158,74.801,76.739
537,3.722,5.38,1.468,84.66,91.689
502,4.45,5.187,2.301,74.591,78.075
711,3.296,6.439,2.52,74.914,72.601
459,3.029,6.88,1.408,76.774,76.565
493,4.998,5.861,1.69,78.006,71.46
1424,3.41,8.954,1.957,77.88,72.71
594,3.016,4.344,1.998,76.85,82.466
1143,2.98,3.989,2.608,76.344,80.913
549,2.44,9.908,2.689,76.665,78.875
537,4.783,5.331,2.468,75.496,82.951
426,3.376,7.073,1.689,75.03,83.06
742,4.133,8.021,1.967,76.2,86.51
618,4.714,5.271,3.863,84.877,67.812
643,3.594,5.444,2.881,76.839,92.534
460,2.801,3.503,2.616,76.76,80.289
735,2.359,5.396,3.686,77.308,88.938
775,3.289,6.414,2.582,82.813,67.1
1042,3.278,4.305,2.63,83.191,67.055
790,2.927,5.736,1.716,83.714,75.126
832,0.13,2.905,2.369,76.605,83.395
902,2.13,15.053,1.277,84.772,77.542
668,3.884,10.751,3.238,75.861,81.146
756,4.172,5.314,1.68,77.245,84.48
971,4.134,0.829,2.39,75.254,82.408
716,3.665,5.799,0.868,78.806,77.817
965,2.202,5.699,1.803,77.988,74.295
1162,3.042,6.605,1.668,77.716,84.741
832,3.166,7.245,1.626,76.844,87.103
452,2.66,12.891,1.471,76.943,84.195
1192,2.372,5.985,2.351,76.848,79.051
864,3.991,4.045,1.383,76.952,90.358
1014,4.317,9.773,1.7,76.413,84.487
851,4.995,3.791,2.433,76.741,66.545
501,4.049,4.395,1.972,75.045,71.568
796,4.92,7.962,3.055,75.306,82.819
417,1.72,5.106,4.466,75.462,85.027
470,2.542,5.574,1.945,76.897,82.774
446,4.211,7.46,4.142,75.943,81.35
1260,4.636,3.028,2.631,78.547,69.768
390,2.611,4.945,0.409,76.793,70.851
1228,4.813,7.451,1.285,76.839,81.338
721,1.015,7.133,2.002,74.556,71.829
1040,3.869,4.187,2.104,77.514,85.032
731,2.844,5.187,1.39,85.56,85.47
1126,3.407,4.321,2.056,78.145,69.743
554,3.511,10.132,1.702,80.284,69.451
657,2.639,4.276,2.532,83.527,81.634
605,3.59,4.112,1.686,79.189,77.47
807,2.51,4.94,0.395,75.948,78.089
777,3.336,10.627,1.707,76.69,80.723
488,3.959,5.001,1.444,78.527,77.697
590,3.745,7.928,4.196,76.789,70.974
1073,3.205,6.745,4.397,75.799,80.934
1195,3.447,5.943,2.918,75.955,71.75
817,3.648,1.917,2.409,77.952,77.483
774,3.652,3.757,1.603,77.855,79.957
1163,1.798,9.926,1.439,75.655,77.3
1018,2.027,2.48,1.4,77.249,76.003
830,4.937,7.789,1.822,77.538,82.696
1283,3.663,8.05,3.362,76.004,83.539
876,2.942,3.638,3.744,77.66,68.539
708,3.291,6.792,2.991,76.185,70.72
720,5.515,4.94,2.842,75.737,68.804
832,4.223,7.56,3.225,75.455,77.696
851,3.676,8.083,2.547,86.794,87.002
929,2.409,5.611,1.744,78.12,73.721
447,2.774,7.164,1.239,83.059,74.911
930,2.404,5.016,2.267,77.925,88.934
684,1.94,8.288,2.017,75.717,75.527
485,4.698,6.142,2.984,77.432,85.145
653,3.013,5.296,2.867,75.402,85.909
1269,2.381,7.384,1.352,73.525,75.168
970,4.129,6.878,2.366,74.556,75.498
587,3.502,8.624,2.231,74.849,81.927
556,3.154,3.706,1.647,77.054,88.693
559,2.856,6.079,5.496,81.961,71.338
724,3.022,15.255,1.654,77.456,77.841
574,4.57,3.764,3.76,75.746,83.35
887,4.049,5.807,1.838,77.797,82.255
554,2.978,7.934,2.215,77.618,83.678
825,5.031,4.669,1.74,77.863,77.896
1033,2.211,2.992,1.354,76.318,75.219
827,2.667,10.964,2.27,77.344,80.389
810,2.9,7.384,2.096,78.04,71.678
912,3.316,5.986,2.202,76.928,86.387
933,3.833,3.595,5.915,77.217,79.688
770,3.132,5.124,2.357,76.569,82.078
613,3.202,8.913,1.947,75.043,76.176
571,2.89,4.036,2.201,76.692,73.357
763,1.535,5.295,1.2,76.343,68.878
685,4.848,4.502,0.993,77.329,70.486
765,2.807,3.969,1.992,76.68,86.538
1158,3.431,7.938,3.361,75.608,83.596
698,4.711,4.049,2.102,75.695,80.542
630,4.62,5.298,1.822,77.287,77.899
600,2.277,5.856,1.272,74.309,71.567
681,2.034,4.55,4.433,74.658,74.715
1032,3.974,6.875,1.455,88.354,89.913
1126,2.465,4.979,2.93,79.375,71.716
574,4.754,6.82,1.398,76.473,86.002
804,3.569,10.678,1.35,74.345,82.287
1315,2.648,7.542,4.304,77.109,80.244
799,2.0,3.784,1.758,76.082,81.539
1541,1.925,5.475,2.712,75.68,87.055
847,4.233,4.488,2.839,75.814,70.683
788,3.612,7.267,1.731,87.352,90.781
694,2.585,15.845,2.189,75.718,74.729
916,3.1,5.556,2.455,75.982,79.207
426,4.076,3.018,0.87,74.224,72.514
547,2.302,4.602,2.528,76.273,70.741
494,3.635,5.562,1.656,76.771,78.326
517,4.459,7.963,2.624,73.772,72.561
1153,2.502,3.735,1.085,86.595,81.16
501,2.824,4.754,2.988,75.762,70.228
627,2.188,14.072,4.369,76.249,82.754
915,2.488,3.106,1.492,76.03,76.28
909,2.82,7.535,2.068,74.365,78.749
1144,2.516,3.918,2.038,76.988,75.988
1002,3.29,10.325,2.558,76.74,79.598
576,3.38,6.683,1.622,82.047,76.587
933,2.309,4.543,2.754,78.057,90.304
1108,2.196,6.817,1.749,75.995,88.847
901,3.385,5.596,1.004,76.789,82.572
631,1.942,5.052,4.925,76.803,75.02
697,2.059,5.37,0.024,79.992,91.885
872,4.563,1.977,0.754,83.191,88.463
1011,2.495,5.553,1.106,76.474,79.458
739,2.064,9.591,1.459,76.293,68.256
438,4.475,9.358,6.147,77.719,77.385
1453,2.533,5.862,3.321,77.68,77.795
617,2.864,7.194,1.523,75.439,81.157
713,2.916,7.351,2.68,80.376,80.664
376,2.987,7.198,3.02,73.745,86.772
1486,2.332,1.402,1.236,76.285,72.942
701,3.521,1.729,1.944,78.161,78.399
915,3.644,4.913,2.973,77.007,80.347
573,2.91,7.552,2.068,78.531,80.57
1083,3.159,7.416,2.014,77.04,75.611
1087,2.294,6.141,1.693,75.958,75.017
563,2.903,4.822,2.387,76.71,79.786
906,2.449,6.599,2.637,76.918,87.061
897,2.354,5.882,2.333,76.744,87.062
457,2.037,7.011,2.839,75.167,78.547
704,2.935,3.824,1.249,82.832,69.482
745,2.423,5.324,2.48,78.298,82.989
843,3.609,3.416,4.027,72.685,88.526
903,5.484,4.92,4.74,81.598,79.183
1061,4.764,6.431,2.813,74.645,71.919
829,2.52,4.85,2.113,74.728,77.642
745,3.049,5.36,1.381,76.251,82.611
675,4.721,6.873,2.235,78.938,72.391
881,1.636,3.781,1.321,83.808,82.758
493,2.491,10.6,2.725,78.205,75.332
823,4.257,7.276,3.422,75.378,67.37
837,4.005,5.171,3.443,84.981,85.192
1450,2.291,7.436,1.291,85.275,84.234
979,3.935,6.295,5.165,77.102,65.612
485,1.966,3.297,1.721,74.45,83.877
943,2.637,4.21,2.019,80.774,74.275
731,3.475,7.348,2.364,76.038,79.778
540,1.824,7.034,4.135,76.084,75.916
1000,2.658,6.696,3.469,73.457,84.688
674,5.385,8.824,1.992,79.334,81.74
432,3.06,6.882,1.829,75.368,68.936
785,2.895,6.353,1.958,75.121,86.842
628,3.93,4.728,1.783,82.99,75.231
531,4.61,4.191,1.348,75.794,79.334
716,2.79,6.01,1.83,76.541,77.981
1031,3.888,7.746,1.979,74.63,73.636
805,1.368,0.581,1.578,76.129,80.901
629,3.987,6.076,2.797,74.958,70.889
1137,2.709,2.022,4.238,76.633,86.942
744,2.005,7.039,1.705,76.867,86.672
751,5.242,6.348,3.382,74.915,79.172
547,4.365,6.9,1.473,73.989,79.25
577,2.111,8.851,2.578,81.317,87.651
653,5.146,10.692,4.176,77.076,80.848
978,2.856,7.626,1.052,76.435,87.429
569,2.751,6.359,2.724,77.063,69.621
449,4.724,5.251,3.368,77.169,67.325
544,4.029,6.304,2.202,80.939,79.095
844,3.354,4.811,2.961,82.495,85.438
724,2.577,6.443,2.395,75.142,73.003
639,2.306,5.621,4.171,77.641,81.785
935,3.846,5.382,2.675,74.571,80.241
570,2.635,5.86,2.215,77.737,85.192
580,4.175,11.5,2.535,79.009,71.231
619,2.343,10.503,0.998,75.702,70.431
794,3.8,13.632,2.486,78.363,85.913
1016,3.895,8.706,1.729,75.876,72.163
635,4.345,7.579,3.362,78.239,80.759
1037,3.113,5.453,0.143,76.445,83.413
796,4.128,8.325,2.253,75.327,76.276
451,4.166,8.219,2.351,77.014,78.985
1097,3.595,6.711,3.772,78.043,70.484
721,2.49,7.431,1.459,78.611,76.045
1180,2.66,6.629,1.492,78.133,84.466
898,5.395,5.014,2.505,77.02,75.106
645,4.961,6.896,2.601,76.322,66.946
934,2.064,6.508,1.666,83.841,72.827
753,2.228,4.458,1.937,76.536,71.533
507,4.595,6.723,2.301,81.217,74.991
427,4.791,12.893,3.971,76.674,74.292
722,3.784,5.365,1.581,78.169,72.729
692,2.267,6.616,1.777,77.508,81.259
608,3.835,11.483,2.07,73.297,79.498
620,2.054,8.874,1.657,78.209,84.196
1176,2.671,8.942,1.771,77.548,87.395
628,2.798,5.296,2.987,73.077,83.448
673,4.506,9.184,1.272,76.304,84.416
678,2.882,6.625,2.104,77.043,79.275
741,3.865,6.653,1.516,75.872,76.48
1011,2.809,6.346,1.783,76.541,81.071
1322,3.604,4.704,3.157,77.025,70.802
762,5.945,7.854,2.038,78.192,69.146
1362,1.923,6.752,2.22,79.957,70.365
650,3.757,3.648,3.289,87.089,88.016
610,1.744,6.242,2.656,78.729,87.578
540,3.922,6.023,1.681,77.569,82.276
958,2.662,4.922,2.087,74.51,87.052
1342,2.417,5.191,3.223,74.363,75.656
531,3.395,7.543,2.669,77.28,81.031
836,3.076,5.678,3.992,82.059,83.115
856,2.495,5.927,5.345,74.978,72.533
844,3.126,6.369,1.752,83.912,76.256
1153,2.981,7.737,1.826,76.99,87.336
593,4.971,7.697,2.778,73.731,71.057
539,3.003,8.052,3.515,74.574,79.5
848,4.411,4.005,1.749,75.805,85.536
1302,2.941,17.858,2.754,76.707,68.516
1038,2.973,11.131,3.236,76.05,82.029
953,3.605,4.396,1.813,84.469,71.982
703,2.277,6.269,1.915,77.272,73.287
695,3.464,9.84,1.622,74.562,69.438
1198,2.148,7.342,1.515,77.746,88.646
771,3.394,6.028,3.397,77.11,77.718
574,4.399,10.304,1.69,75.335,80.99
665,4.452,5.674,1.792,77.477,87.162
817,3.212,3.616,1.897,76.489,69.823
648,4.866,6.209,1.96,76.826,74.249
583,2.408,4.766,1.283,74.712,74.7
1055,3.949,2.297,1.621,77.471,66.091
824,2.667,7.849,1.511,75.258,76.866
1118,4.782,11.881,4.798,84.315,80.776
447,4.672,4.98,1.315,77.34,74.952
858,3.08,5.824,2.556,76.112,82.818
849,3.067,5.087,4.738,76.868,78.131
1135,2.615,6.839,1.998,77.128,78.519
833,2.995,8.845,1.288,77.172,74.157
1344,5.18,8.005,2.665,72.341,83.016
1000,2.584,9.91,0.877,75.766,81.839
992,3.392,4.237,1.772,78.044,74.362
623,2.959,6.114,3.46,86.112,81.986
773,2.136,6.823,1.714,77.344,83.51
672,3.836,7.32,2.571,78.359,72.496
881,1.996,8.433,1.721,82.549,81.493
1019,4.513,5.855,1.826,77.397,75.736
773,2.663,7.114,1.996,76.097,86.644
368,2.855,8.258,3.059,76.103,73.446
622,2.878,7.553,1.74,81.075,72.264
480,3.231,7.313,2.578,82.068,79.584
622,2.925,4.634,2.186,77.162,81.699
957,3.261,6.913,5.63,78.563,83.86
705,3.398,7.717,2.374,76.878,67.245
453,4.622,4.563,2.516,75.603,87.037
984,3.893,3.573,2.703,85.857,77.69
1142,3.815,8.57,0.998,79.193,77.598
776,4.582,4.787,2.864,78.049,72.475
911,4.483,5.95,1.862,85.536,76.286
512,4.86,4.191,7.264,78.277,78.28
1035,3.687,8.881,2.225,80.948,82.024
957,5.076,11.925,0.965,77.342,65.946
1102,2.298,5.777,2.949,74.33,75.436
1207,4.35,5.318,1.896,77.856,84.243
521,3.897,2.65,2.91,76.913,76.383
825,3.733,8.471,2.594,77.087,72.635
1335,4.271,4.824,1.464,77.01,85.576
659,2.084,13.837,1.526,76.721,72.599
1063,4.16,3.473,2.733,77.766,72.945
726,2.597,12.251,2.792,77.691,70.486
792,4.32,8.303,4.004,75.657,69.403
760,2.876,5.714,3.041,74.527,73.255
992,2.764,9.434,4.55,77.154,86.883
1024,2.381,5.591,2.199,77.085,78.407
1333,2.651,11.894,2.818,76.531,66.468
701,5.981,6.767,3.175,77.404,70.274
973,2.184,5.793,1.622,74.07,90.888
1025,3.75,5.405,2.183,76.169,65.979
757,4.502,6.113,1.58,86.599,84.031
975,1.891,5.555,2.418,75.494,86.111
721,3.09,6.101,2.959,77.925,75.543
1153,3.728,4.542,2.714,85.684,85.623
1470,2.958,7.952,4.787,87.439,78.906
1009,3.736,4.235,2.748,83.011,81.891
738,2.161,6.694,1.94,78.741,84.388
901,1.86,2.624,2.832,75.19,83.1
732,2.798,6.598,2.644,78.35,76.016
1028,2.471,6.598,1.79,81.118,86.744
721,3.211,7.104,2.818,78.039,79.423
621,0.973,5.68,2.028,85.862,86.515
688,1.946,4.491,2.206,77.496,75.152
582,2.519,3.921,1.555,76.099,72.895
865,2.233,6.053,1.79,77.245,83.059
398,2.466,4.533,1.58,76.553,93.779
985,2.519,9.05,1.67,76.504,80.175
504,3.701,5.241,2.024,76.416,87.964
708,2.947,5.088,2.925,77.462,76.91
1125,3.098,6.941,1.48,75.397,77.487
1305,4.723,7.435,1.38,87.052,83.804
1210,4.547,6.323,2.387,75.293,83.329
782,3.707,8.331,2.07,75.455,79.559
1568,2.873,3.249,1.795,76.678,74.991
625,1.854,4.151,2.283,73.875,81.945
781,3.181,5.865,6.065,78.2,89.142
933,2.116,8.15,3.006,77.16,73.011
765,4.616,4.758,2.5,78.145,79.394
782,0.747,4.612,2.264,83.577,82.691
811,2.97,7.678,2.742,75.481,78.337
597,4.756,4.112,2.877,73.841,67.854
895,0.104,7.665,1.906,74.774,74.63
819,2.185,8.078,1.808,78.191,80.614
436,5.325,7.105,3.063,75.218,85.707
974,2.607,7.942,2.031,77.571,71.489
876,5.827,8.346,1.781,76.389,72.193
1099,4.546,5.281,2.176,75.499,86.231
611,3.662,5.13,2.183,76.309,85.424
578,2.599,6.077,2.509,74.591,69.525
1088,5.334,7.317,1.162,78.257,75.449
1084,2.423,7.458,2.8,74.551,89.302
487,2.131,3.874,3.203,85.53,93.576
817,4.064,5.52,2.018,75.83,80.66
686,4.46,6.579,2.251,78.638,76.076
531,2.765,4.918,0.868,75.806,85.819
1106,3.157,5.499,4.04,76.195,89.867
948,0.604,5.952,2.922,85.694,83.242
490,2.512,5.377,3.11,76.21,75.528
1072,3.116,6.518,2.137,80.231,80.019
1355,2.973,5.757,1.334,81.988,83.191
901,5.311,8.2,2.004,83.376,73.46
1220,2.527,8.806,2.313,76.805,84.314
1138,3.088,4.839,1.896,73.874,75.396
766,2.543,7.797,1.648,77.327,78.853
897,2.318,7.473,1.739,78.052,83.014
734,4.234,5.617,1.376,80.433,76.739
1009,2.368,7.574,3.055,75.259,88.738
1103,3.214,7.849,3.065,77.023,74.896
766,2.888,14.795,2.813,74.59,70.706
811,2.926,7.822,2.607,76.375,77.891
690,3.078,7.223,3.355,77.04,78.766
643,4.902,6.793,2.656,77.001,84.874
532,3.953,4.591,2.667,75.024,73.542
631,2.704,7.523,2.473,79.986,72.146
618,3.967,5.504,2.469,82.131,85.835
679,3.785,4.743,2.485,74.576,87.119
664,2.672,3.514,1.647,83.876,93.029
802,3.04,5.208,1.797,76.006,80.549
818,4.27,7.289,1.889,76.196,90.176
882,4.263,11.666,2.308,78.029,78.763
392,2.736,7.004,2.23,74.405,82.263
668,2.542,5.145,3.114,75.494,70.381
817,2.725,9.688,3.335,76.144,73.386
859,4.614,5.664,2.177,75.054,72.108
684,5.237,16.806,1.058,77.156,72.273
1048,1.898,7.192,3.345,76.07,73.274
435,3.833,9.676,3.425,75.313,78.015
779,5.09,5.741,1.62,76.988,84.014
1262,2.169,3.439,1.634,84.943,67.512
582,2.739,6.138,1.129,74.153,73.002
913,3.434,5.095,1.288,78.911,79.737
549,2.373,6.28,1.532,78.114,67.103
966,3.762,8.04,1.856,76.612,80.487
1060,2.209,6.885,1.619,76.837,70.774
664,3.978,7.537,4.854,76.413,84.565
587,2.875,2.764,1.347,76.423,76.22
606,2.141,6.029,1.441,78.263,69.764
1047,2.618,7.081,1.931,76.664,74.648
1065,3.63,7.532,1.274,72.495,66.867
784,4.847,3.992,1.661,75.984,91.388
512,4.006,7.318,3.594,76.476,70.584
1557,4.741,7.586,1.902,74.822,72.086
987,0.753,4.801,2.413,77.965,68.746
1061,4.522,8.127,1.627,76.737,77.063
650,2.832,4.034,1.679,78.194,76.498
402,2.205,5.488,3.126,75.486,88.935
604,2.917,3.774,2.461,78.486,80.078
763,3.658,1.22,1.542,77.096,80.139
880,3.688,5.574,2.622,77.468,86.849
697,4.402,2.475,1.957,76.259,81.754
469,3.416,7.151,1.8,77.609,82.599
634,3.961,6.472,3.329,74.499,74.795
489,2.659,9.229,1.441,75.418,72.278
490,4.066,4.232,4.735,74.888,73.072
933,4.484,7.828,1.984,75.435,78.215
613,3.998,15.332,1.276,75.66,81.058
554,2.356,7.499,3.331,75.492,77.8
774,4.847,8.882,1.614,76.986,77.059
459,2.361,8.118,2.606,75.009,78.584
1373,3.745,7.107,3.354,75.759,88.155
502,1.923,5.417,2.271,77.587,76.457
1021,2.296,6.061,2.232,76.865,88.323
867,3.417,3.672,1.373,84.995,78.456
475,2.944,6.584,1.526,82.686,79.574
1013,3.205,6.734,1.439,74.025,71.688
791,3.418,6.039,1.422,78.14,68.455
537,4.893,8.109,1.326,77.278,77.481
406,3.456,16.155,2.472,75.656,71.598
629,4.702,4.314,2.666,88.623,74.953
893,4.695,3.992,1.515,75.473,85.885
922,4.901,6.273,1.913,77.009,84.863
869,2.08,4.014,2.004,76.756,79.184
446,2.677,11.401,1.862,78.248,80.794
782,4.74,4.826,2.999,76.485,90.326
372,3.903,4.652,1.192,77.192,92.656
1468,2.815,5.702,2.792,82.064,82.611
1640,3.809,6.756,1.682,85.121,66.755
782,0.14,6.569,1.557,80.717,73.515
717,2.644,6.05,2.73,76.055,85.593
919,3.616,5.616,3.022,76.919,78.004
854,4.791,7.658,1.765,77.829,79.988
792,2.086,6.038,2.188,76.01,86.675
425,1.99,9.955,1.609,77.282,80.522
803,3.386,6.169,1.735,76.927,71.597
1047,3.261,6.365,0.899,76.875,88.724
548,3.979,9.832,5.969,76.727,90.241
733,3.143,5.343,1.377,76.417,75.766
470,2.638,4.102,6.075,75.349,65.863
1128,4.154,7.754,2.932,75.361,66.448
894,2.958,4.073,3.033,77.02,83.503
793,4.03,9.396,3.081,74.609,67.853
667,3.293,12.559,2.917,75.484,89.972
868,2.953,5.403,2.352,76.949,83.608
912,4.591,5.766,2.768,75.944,85.641
1459,3.808,6.44,1.61,78.745,84.588
908,4.649,7.974,2.698,84.391,79.002
501,4.02,5.865,1.931,73.52,77.497
1300,2.266,7.343,1.466,75.691,85.249
688,2.96,5.229,2.534,75.027,74.097
133,4.558,5.517,1.558,77.49,66.464
402,2.58,4.158,2.111,85.932,87.368
927,3.105,8.395,1.366,75.323,65.636
732,4.661,7.716,1.701,75.612,69.859
691,2.315,11.725,2.308,76.408,80.993
1165,1.757,8.405,2.682,76.804,85.174
846,3.587,4.695,2.683,84.818,88.387
719,2.869,6.449,1.887,85.615,78.63
1404,5.401,12.094,1.479,74.993,81.475
890,3.091,9.635,2.791,76.398,80.646
406,2.937,6.8,2.554,77.583,84.244
606,3.388,4.077,2.014,84.418,83.812
825,3.888,6.166,2.652,77.638,83.537
459,4.683,6.253,2.371,75.142,71.106
856,3.603,11.344,1.519,76.639,77.779
681,3.846,8.286,1.006,85.011,67.451
445,3.553,6.226,1.811,74.71,69.68
1418,4.794,11.583,1.958,76.713,76.183
546,4.54,6.442,1.385,77.785,81.148
662,2.308,7.194,3.094,74.787,82.567
1478,2.811,7.202,1.907,77.18,77.214
645,2.352,4.684,5.762,76.223,84.405
987,2.153,13.165,2.503,78.542,84.968
1046,4.571,5.902,3.354,75.554,80.791
965,2.547,6.439,2.644,76.628,82.166
944,4.723,4.848,1.222,77.427,69.486
693,3.862,5.613,2.206,78.323,85.292
699,2.18,3.904,2.787,75.239,77.207
767,2.434,8.52,1.872,74.692,83.586
1443,2.215,5.813,2.8,78.008,86.715
769,2.335,2.277,2.116,79.963,76.537
595,0.198,13.196,1.744,77.8,69.195
555,3.92,5.641,2.97,74.98,83.343
845,3.291,6.949,2.056,77.093,71.122
446,4.185,11.994,3.325,77.784,79.067
1224,4.15,11.165,1.885,81.915,79.173
868,4.867,5.287,1.514,76.57,91.614
491,3.66,5.486,3.28,77.093,68.394
651,3.991,7.889,1.558,74.267,79.817
534,2.152,7.573,2.02,76.228,82.899
388,4.902,3.839,2.336,74.963,78.792
643,0.11,7.167,1.715,75.994,72.71
657,2.86,8.79,1.486,73.957,68.604
652,5.51,8.872,3.08,77.146,71.076
618,2.628,3.632,1.958,85.093,77.13
1553,3.405,5.522,3.652,77.015,71.563
941,4.756,8.641,1.299,89.581,79.036
548,4.711,3.665,1.469,76.193,76.616
1094,4.183,8.274,1.357,83.128,90.294
934,3.366,6.094,3.388,76.932,74.919
799,2.073,5.871,1.549,76.32,82.672
1331,1.827,4.23,4.315,82.962,76.367
732,2.157,15.507,1.637,73.517,85.086
493,2.021,6.113,1.734,81.234,67.672
517,3.18,3.766,4.564,75.048,81.968
640,4.709,7.202,3.284,77.339,79.164
733,2.61,7.11,1.999,78.62,80.053
572,3.74,6.799,2.844,75.32,74.814
741,5.472,7.233,2.415,78.568,80.836
970,4.81,3.038,1.758,76.673,79.07
625,5.089,8.31,2.723,75.498,78.32
721,5.411,10.193,5.691,75.232,70.399
694,2.946,9.174,3.371,75.42,64.601
1235,3.413,4.811,1.556,77.356,71.66
1275,2.964,3.696,1.549,86.73,71.911
849,3.649,3.98,2.289,75.383,74.019
804,2.206,8.003,2.072,76.192,84.42
1185,2.807,4.084,1.234,75.341,70.589
803,5.148,5.425,2.714,76.061,79.848
651,2.889,8.667,1.236,81.524,72.063
493,2.682,9.615,2.234,77.604,75.871
864,4.178,6.505,2.637,76.266,81.098
589,3.629,7.894,1.834,74.053,81.126
477,2.917,7.35,1.691,74.361,70.161
890,4.35,7.568,2.746,77.96,67.419
825,4.849,4.858,1.051,81.558,82.715
1204,3.276,6.371,4.595,87.46,87.686
622,2.539,14.243,1.943,78.281,72.38
696,1.817,10.959,2.303,76.147,80.79
960,2.475,3.486,2.302,77.742,85.011
488,2.263,6.058,1.12,76.975,83.61
377,1.87,5.15,1.705,77.867,77.531
655,2.362,4.839,6.243,75.877,77.408
882,3.423,5.697,2.352,76.685,73.848
864,4.874,8.162,1.828,81.267,71.873
668,2.647,6.779,2.181,76.335,74.626
486,5.489,7.053,2.016,74.569,72.831
489,2.274,5.673,2.094,77.055,80.351
459,2.39,4.709,2.282,77.014,79.145
767,5.072,5.264,2.389,77.06,70.072
530,2.554,6.799,0.783,74.994,74.155
471,4.379,4.445,1.504,76.65,77.891
440,2.912,13.214,2.057,75.138,86.156
693,2.751,3.81,1.014,77.819,84.808
569,2.675,5.032,1.304,76.512,73.016
510,2.846,9.767,1.73,77.746,77.744
821,2.969,5.541,3.213,75.157,63.805
1132,2.401,5.682,2.297,82.126,76.719
631,3.765,6.545,3.228,76.301,83.49
793,2.598,5.79,5.893,77.058,75.43
1004,3.681,8.772,1.607,78.404,85.149
1202,2.258,6.889,1.55,86.537,76.799
534,2.743,8.271,2.476,73.74,71.637
1019,4.112,4.894,2.444,78.263,72.166
443,4.36,8.351,3.459,75.803,78.225
1119,3.356,5.639,3.3,77.269,70.163
900,3.196,6.32,2.68,80.713,78.903
434,4.862,7.39,1.436,84.727,82.679
1605,3.355,6.722,2.666,76.432,94.812
1159,2.255,10.772,1.837,76.114,73.547
512,2.435,7.15,2.878,74.537,68.683
836,3.121,6.792,1.758,76.903,88.934
459,2.053,9.94,2.399,75.079,81.264
769,4.573,6.257,1.824,78.002,86.743
808,2.689,6.048,2.963,82.782,77.884
580,2.463,8.402,1.954,72.245,86.855
782,2.872,5.408,2.004,78.183,74.973
638,2.09,5.202,2.704,76.576,72.113
668,3.312,2.725,2.826,76.859,89.669
890,4.268,7.579,3.114,75.105,66.376
569,2.186,6.419,1.468,74.724,73.63
1133,4.084,5.385,1.49,80.484,75.567
841,2.434,6.862,2.012,77.138,74.351
534,4.041,10.409,4.793,75.685,70.385
642,4.192,6.285,5.257,76.456,83.484
1047,4.526,9.852,1.437,77.491,85.095
778,4.582,5.371,3.484,75.408,86.41
370,3.794,7.738,1.515,84.737,76.639
826,3.064,17.443,2.063,78.509,74.613
615,5.185,5.007,4.761,75.673,70.217
730,3.12,7.61,2.796,76.799,70.84
974,2.597,5.885,1.059,76.974,89.35
718,5.351,2.939,3.194,75.127,77.054
986,3.315,5.959,1.706,75.108,80.575
1685,2.686,5.157,1.795,74.548,79.069
1012,2.765,3.887,2.797,84.041,74.94
739,3.006,3.308,1.679,76.66,72.64
382,3.604,5.636,3.069,76.186,80.037
995,3.689,6.731,1.676,77.519,77.718
851,2.85,4.73,4.603,78.106,87.859
507,3.877,7.846,2.599,87.139,78.213
476,2.484,3.703,2.095,78.444,78.341
888,4.849,8.229,3.003,78.684,68.709
723,4.829,6.681,1.754,75.442,72.633
769,3.709,16.566,1.134,74.684,72.921
591,2.989,5.467,1.615,75.449,75.219
952,2.684,5.57,1.711,75.424,79.283
1093,4.308,7.909,2.18,77.115,87.709
701,4.331,7.302,2.345,77.215,81.892
487,4.957,2.858,1.55,75.123,85.147
879,4.09,7.438,2.6,74.452,78.937
1032,2.187,0.802,1.484,84.387,84.188
871,4.035,3.993,3.249,76.698,93.446
1576,4.529,7.364,1.031,76.376,83.314
933,2.208,5.661,3.081,79.794,68.06
699,2.971,8.07,2.074,77.145,70.494
873,3.604,9.135,1.368,73.385,72.204
1244,3.58,11.179,6.799,79.32,91.745
813,4.396,3.854,1.2,77.311,80.522
718,2.662,7.781,6.154,87.327,74.013
692,2.851,7.518,3.887,76.122,76.136
779,2.505,9.672,1.689,73.067,67.234
552,2.619,8.345,2.889,76.7,74.264
833,2.259,5.146,2.143,77.366,85.309
743,6.177,5.925,1.265,76.036,67.927
827,5.19,7.692,1.67,75.159,75.618
837,4.947,5.155,4.815,75.396,73.802
1219,4.406,5.509,0.364,76.955,75.678
781,4.584,6.712,1.63,77.143,79.845
730,3.542,9.458,1.793,76.958,79.009
646,2.461,2.727,1.702,78.145,78.069
830,2.943,6.472,2.429,75.425,80.325
663,3.567,9.116,1.994,80.106,68.368
1401,3.981,6.927,1.923,77.709,85.786
644,3.163,6.626,3.16,77.685,77.783
573,2.27,10.931,1.763,77.337,81.803
783,2.801,7.614,1.241,76.334,70.024
946,5.07,6.448,2.171,77.474,81.11
731,3.222,4.11,3.059,75.723,75.39
824,2.213,5.209,3.295,73.25,73.926
642,4.645,5.949,1.144,77.879,81.231
1068,4.17,5.853,3.168,75.742,82.708
782,3.866,8.158,1.947,75.503,78.276
790,4.246,7.813,1.987,78.362,90.821
1001,4.236,7.461,2.512,76.302,73.207
501,2.553,7.179,1.186,75.353,81.892
892,4.292,4.782,1.218,74.634,77.557
401,3.35,16.131,3.625,75.787,74.626
386,2.385,7.572,1.95,74.904,89.869
759,4.283,13.784,1.33,85.22,84.057
481,4.532,8.11,2.571,76.709,73.962
930,2.427,8.144,3.182,76.528,80.438
994,2.429,3.603,5.112,86.35,82.276
690,3.075,6.996,2.526,82.8,75.506
757,1.128,12.864,2.405,79.158,80.778
932,4.689,7.964,1.004,85.176,78.239
823,2.306,5.792,1.311,84.16,76.792
893,2.353,4.81,1.708,76.62,81.586
1062,3.505,10.676,2.828,78.639,64.565
413,2.491,5.111,2.694,78.142,78.967
969,2.566,6.042,1.405,74.246,67.764
1288,2.781,8.537,1.46,76.401,78.08
550,3.151,7.388,1.19,74.599,70.872
1173,4.906,5.457,1.767,84.294,82.86
605,1.537,7.919,1.862,74.859,78.408
1129,3.159,7.449,1.541,78.024,86.258
460,1.956,4.282,1.41,77.758,73.427
743,4.195,9.271,2.635,77.26,70.325
658,2.575,7.87,3.252,78.086,84.536
576,4.469,3.067,1.249,77.139,77.679
736,4.973,9.07,2.758,75.927,73.741
1003,3.481,6.137,1.502,76.143,82.972
1212,2.312,13.038,1.89,84.495,82.321
620,4.801,5.621,3.214,75.345,76.867
1210,3.444,8.723,3.224,78.635,70.702
736,2.574,6.127,2.897,74.032,76.51
548,4.276,6.032,3.012,82.553,81.733
1451,2.175,1.961,1.961,74.24,72.032
877,2.185,6.557,0.747,77.17,73.54
1661,3.532,4.277,2.774,75.399,73.591
990,2.708,7.835,1.859,85.882,73.453
505,2.825,8.469,4.126,75.494,74.33
1674,2.502,3.624,2.043,76.772,74.642
453,2.613,5.572,1.364,73.602,75.065
513,3.125,11.589,2.568,75.431,72.239
892,3.598,8.757,3.067,75.42,87.038
570,2.219,11.532,4.932,75.935,83.827
1048,3.938,4.225,3.139,74.809,79.558
735,3.32,10.068,1.45,75.275,74.971
903,2.23,3.954,1.559,86.742,74.923
650,1.995,5.052,2.098,74.165,77.157
1628,4.693,6.369,1.608,75.139,73.744
840,2.657,5.24,1.401,81.945,71.85
666,3.996,9.824,1.945,76.093,89.901
885,2.684,6.475,1.466,75.347,70.47
708,2.284,15.98,2.132,77.495,88.682
899,2.813,5.577,2.304,76.567,82.477
486,1.714,7.594,3.272,73.743,91.297
868,2.296,4.221,5.858,76.005,88.286
587,0.108,6.222,1.589,76.031,75.0
1150,3.195,3.577,3.132,75.836,88.585
902,2.626,6.068,1.395,86.093,74.327
861,4.717,8.256,1.669,77.531,72.803
348,5.007,6.472,1.332,74.004,71.031
692,2.784,6.283,1.107,84.804,80.886
1163,4.513,5.45,1.376,74.883,88.995
555,2.757,2.942,2.085,78.194,83.436
487,2.424,5.473,0.989,77.673,72.047
543,3.479,12.042,2.184,78.799,75.998
1152,3.952,4.955,1.906,76.272,73.479
736,4.97,1.274,1.577,75.646,83.164
403,3.343,5.95,1.268,76.199,81.979
1335,1.859,6.579,3.158,83.469,86.263
766,4.852,6.406,3.055,75.166,81.442
1067,2.597,6.11,1.831,74.989,82.248
856,3.438,5.349,1.548,75.305,71.48
486,3.691,6.783,1.257,79.626,73.437
573,5.373,4.793,1.1,76.416,78.88
778,3.152,6.433,3.063,75.402,83.314
750,2.424,7.542,2.879,75.158,71.731
440,3.709,2.946,1.938,76.662,81.478
923,3.554,7.179,2.826,82.115,82.705
820,2.407,13.467,1.783,76.348,80.916
508,3.17,3.842,2.836,84.273,86.716
1508,3.965,6.448,0.626,78.652,74.113
460,3.226,5.495,1.891,81.352,76.212
1031,3.197,12.978,1.341,77.536,75.436
1317,4.623,6.572,1.374,78.546,74.837
993,3.272,8.76,3.139,76.575,87.23
773,1.833,3.658,4.011,75.143,69.506
766,3.28,3.939,1.968,79.313,86.539
554,0.429,4.489,1.273,73.965,77.309
463,3.129,4.794,2.529,75.918,83.902
554,2.811,6.049,3.561,76.295,80.111
1578,3.424,1.767,1.627,77.784,85.869
1311,4.778,0.568,3.208,83.524,76.935
417,4.625,4.925,1.558,74.504,85.067
730,3.854,6.124,4.192,79.123,84.979
806,3.299,4.518,5.29,86.401,81.558
519,3.045,13.36,0.228,78.53,70.226
598,3.515,5.662,1.573,76.238,78.945
849,1.852,11.519,2.929,78.256,91.88
797,4.929,8.0,2.05,75.053,72.283
497,2.738,3.972,0.881,77.218,80.97
488,4.516,9.531,4.665,73.26,80.99
775,1.966,3.141,3.035,77.223,87.745
480,2.264,10.922,3.269,84.379,85.476
817,3.4,9.313,2.753,87.92,83.977
790,4.184,6.65,3.372,75.755,82.967
734,2.526,6.361,2.384,85.391,79.487
553,3.319,5.179,2.232,79.156,71.524
779,3.09,4.69,4.788,76.446,90.675
534,2.053,4.142,1.877,83.865,71.642
466,3.693,7.214,1.422,86.014,92.521
489,2.603,5.176,2.08,80.56,74.307
589,0.081,5.942,2.309,78.107,83.591
1356,2.766,6.198,1.46,77.007,71.447
830,2.26,4.749,5.017,77.541,82.256
753,0.478,4.922,1.462,76.002,78.07
650,3.619,7.977,3.36,74.648,69.942
462,2.503,4.615,2.852,77.419,77.202
1394,4.933,6.934,3.995,77.646,82.779
524,3.878,5.628,1.831,77.373,82.46
1047,4.414,7.504,2.342,78.005,82.49
819,3.148,7.348,3.014,75.995,81.903
429,3.161,6.394,5.876,83.172,69.023
705,3.739,14.712,1.702,76.903,85.712
596,2.447,6.887,2.11,76.534,72.155
580,2.51,5.618,1.793,75.387,74.811
825,2.077,5.722,2.249,75.027,83.343
482,4.116,8.067,1.101,88.251,88.729
1046,4.31,9.183,1.043,79.577,82.534
617,5.051,5.208,2.423,73.255,73.297
844,4.66,6.486,2.148,75.888,80.027
531,3.897,4.765,3.473,74.461,84.462
787,2.726,5.339,2.158,73.711,85.694
907,2.699,8.415,0.331,78.926,78.63
1517,2.667,10.112,1.484,76.919,84.231
1438,3.128,3.346,2.328,84.176,75.921
596,2.54,8.021,1.375,74.316,78.813
453,2.063,6.285,1.38,74.155,76.316
863,2.152,4.195,1.632,77.84,88.101
989,4.446,6.97,2.454,73.659,82.544
833,0.477,12.959,1.533,76.797,66.211
463,3.138,3.427,1.278,76.734,79.992
554,3.434,3.936,2.255,75.251,83.228
878,5.159,2.487,2.253,84.02,68.287
499,1.953,4.807,3.002,76.939,78.156
1271,0.493,4.34,1.129,76.877,68.975
842,3.735,4.146,2.176,82.829,74.897
660,1.855,5.039,1.808,75.279,81.952
982,3.039,7.723,2.433,82.599,87.988
651,3.735,11.645,1.684,85.217,87.724
508,3.361,5.734,2.557,78.526,81.747
902,2.395,6.615,5.526,85.245,82.477
492,2.272,8.384,0.626,74.652,79.668
609,2.87,6.605,1.771,77.621,78.279
705,4.509,6.893,1.72,87.281,76.521
783,3.094,8.31,1.43,77.655,79.432
551,3.775,4.784,1.917,77.199,79.26
601,3.934,9.0,1.721,77.607,74.786
817,2.769,4.742,4.805,77.427,90.13
777,4.862,2.489,1.904,77.414,71.46
1224,4.581,6.583,1.797,77.318,71.638
580,4.683,4.96,2.731,78.021,87.371
811,3.741,4.014,2.007,78.506,84.298
1071,4.029,6.384,1.238,86.634,87.3
650,2.884,5.667,2.621,76.774,71.014
786,4.694,5.658,2.185,83.65,77.092
660,4.415,5.631,2.382,77.109,67.935
856,1.813,7.535,3.039,77.79,70.95
580,3.2,4.062,1.508,76.363,78.844
806,2.689,4.811,2.243,74.886,78.031
916,2.762,6.52,1.67,77.966,73.036
754,3.297,6.569,3.643,74.733,64.199
552,2.556,3.6,1.829,75.686,78.206
451,2.755,8.195,2.779,76.032,75.687
869,2.209,6.471,0.594,77.283,69.974
983,2.715,5.622,2.147,83.748,78.21
543,3.277,5.941,1.922,76.182,72.915
659,4.522,8.535,3.696,77.325,72.082
513,2.909,4.472,1.14,78.516,75.241
698,3.465,6.944,0.835,77.277,72.445
635,4.94,5.516,0.993,76.02,73.756
455,4.275,5.534,2.296,76.475,85.951
431,2.048,6.051,0.796,76.051,73.482
1536,2.9,5.514,4.016,75.145,80.747
723,1.816,10.833,2.191,76.724,82.675
437,3.865,5.742,3.877,75.603,82.406
400,2.525,3.886,2.317,78.578,67.877
645,3.609,5.422,2.327,76.255,82.455
691,2.311,4.907,2.829,76.427,81.457
632,2.54,4.88,6.892,75.978,73.497
613,3.812,6.711,2.869,77.292,79.047
1349,3.279,6.405,1.348,77.431,77.765
1041,2.738,4.111,3.033,75.51,82.187
697,4.326,7.667,1.733,85.736,75.74
620,3.129,3.057,2.802,75.178,85.261
662,3.045,4.326,1.125,77.195,82.367
825,3.237,6.319,2.437,77.042,78.611
599,3.922,8.869,1.727,77.97,89.413
1238,4.143,6.98,4.696,81.4,87.531
536,4.261,6.736,1.316,77.554,77.125
610,4.589,5.183,1.863,78.296,73.586
942,3.944,14.743,2.941,73.041,72.743
884,3.071,8.14,2.468,74.431,79.197
1392,4.708,6.485,1.23,84.537,82.47
1008,3.697,5.027,1.069,77.553,71.293
724,2.534,2.091,1.568,77.338,77.384
1417,4.144,5.398,3.365,76.094,77.832
494,3.742,4.744,1.984,84.096,79.722
613,3.464,2.997,2.233,77.907,73.444
666,2.356,7.421,1.907,77.334,83.375
664,2.695,6.504,2.718,74.713,77.572
620,2.149,6.713,2.303,76.814,74.066
632,3.134,6.866,4.881,75.936,76.668
772,2.492,5.521,1.545,86.931,84.603
549,2.529,8.061,2.908,76.567,73.806
512,3.673,2.054,1.594,75.105,65.154
400,3.717,4.124,0.439,76.415,80.104
361,2.308,8.238,1.241,75.66,81.245
632,2.586,4.563,1.569,75.05,76.06
471,2.273,1.732,3.032,76.85,87.611
675,4.049,5.219,2.256,83.669,75.613
585,3.484,10.895,2.265,76.348,80.932
1418,2.248,5.45,3.106,75.062,83.282
559,1.958,10.562,2.596,76.2,75.886
747,2.538,7.939,3.041,77.335,75.96
911,1.997,4.37,1.602,77.768,78.389
882,2.392,5.495,2.983,76.793,72.269
566,2.435,6.197,5.49,83.092,72.708
719,3.862,4.945,1.534,73.506,74.875
468,3.032,5.136,0.866,76.092,81.79
1674,4.134,10.1,2.519,78.608,84.449
932,2.815,6.405,3.449,73.674,80.87
654,3.818,14.543,1.556,77.561,77.619
630,2.793,3.985,1.673,74.386,66.798
915,4.022,5.534,2.898,77.405,82.723
742,3.392,7.495,1.359,77.433,72.661
425,2.289,8.294,4.134,73.919,75.04
765,2.652,9.611,3.595,74.558,89.766
1147,3.041,7.217,1.496,76.648,77.314
807,4.064,2.59,2.668,77.099,72.915
675,2.698,5.087,2.608,75.78,83.019
479,3.764,6.187,2.145,78.307,75.382
583,3.33,4.753,1.669,77.287,69.411
710,4.339,5.456,1.666,77.19,83.979
489,3.82,5.814,2.85,77.393,76.916
471,3.201,5.761,3.096,77.822,67.728
761,4.094,4.859,2.658,73.89,81.353
696,1.858,1.31,4.544,77.202,84.987
711,2.781,3.425,2.035,77.527,89.776
737,2.854,8.195,1.847,75.655,74.765
840,2.379,15.382,2.937,74.858,82.776
1258,3.947,5.878,1.742,75.318,74.742
613,2.904,4.501,3.195,75.863,78.065
967,3.072,8.66,1.73,75.253,65.6
386,2.754,5.745,2.171,74.376,74.468
1296,4.114,6.912,2.804,78.449,75.219
854,4.577,6.531,2.662,77.245,84.818
963,1.86,4.713,1.817,76.234,83.349
638,4.652,6.665,1.059,83.01,81.499
693,2.763,3.522,3.553,84.467,88.583
520,3.621,5.756,2.023,78.235,72.717
891,4.545,5.643,1.994,77.677,83.801
646,3.221,6.022,1.241,76.511,86.807
657,4.458,12.888,2.132,74.593,81.605
852,3.537,7.695,2.319,76.47,83.707
676,2.535,7.869,4.208,76.695,79.031
591,3.018,5.158,1.526,74.844,66.4
612,3.572,11.021,2.552,76.978,77.014
833,2.402,5.857,2.083,78.362,90.019
685,4.606,7.061,2.39,88.035,82.779
459,2.94,4.487,0.283,78.178,74.959
558,4.443,5.61,3.113,76.664,67.082
767,4.52,4.594,2.72,78.358,81.526
570,2.714,4.435,2.148,81.827,76.241
710,2.301,0.666,1.054,76.717,80.8
639,5.211,8.093,2.835,77.026,68.097
850,2.376,7.552,2.569,77.131,86.943
773,4.242,6.817,2.821,77.932,90.938
454,4.583,10.49,3.541,76.125,66.711
673,2.644,0.803,1.714,75.064,76.516
915,4.762,6.994,1.992,76.471,66.754
895,4.801,6.351,4.464,76.815,71.313
339,5.274,6.489,2.509,85.527,80.788
848,2.158,5.891,1.942,77.451,67.312
667,3.13,10.736,1.732,76.762,79.349
534,2.304,10.11,2.141,84.167,75.931
1257,4.893,7.802,2.909,77.045,83.39
660,1.411,6.929,1.774,84.305,78.034
492,2.209,7.442,2.593,77.695,75.581
492,3.796,4.522,3.641,77.894,77.013
401,1.65,6.852,3.404,75.735,89.403
497,2.378,5.32,4.306,74.702,71.297
1229,4.42,8.303,1.748,76.238,74.166
896,2.194,6.872,1.571,77.766,86.373
669,3.55,7.334,1.374,76.917,79.502
699,3.781,5.444,1.654,75.155,75.586
471,4.784,5.481,1.999,75.696,68.89
623,4.24,8.1,1.147,76.248,69.808
1145,4.015,5.256,3.169,76.958,67.861
782,4.902,5.188,1.687,77.368,79.276
797,2.989,6.814,2.908,73.471,81.766
669,3.696,9.001,1.37,84.04,78.466
1144,2.038,6.694,1.622,79.433,79.087
1150,4.341,4.748,4.516,76.102,83.696
932,2.384,4.655,0.911,88.703,83.2
780,2.213,5.678,3.818,75.107,71.129
955,2.813,7.283,5.553,76.418,72.49
886,2.43,5.588,2.396,75.673,86.334
686,2.282,4.581,2.439,74.081,69.072
1118,2.948,7.301,1.555,84.441,83.279
743,2.96,3.733,1.723,73.72,77.197
518,4.69,10.473,2.512,86.523,78.249
734,3.251,5.786,1.261,82.473,78.484
1011,2.626,4.957,3.705,75.898,77.117
773,3.348,6.89,3.393,73.985,68.243
681,4.512,7.071,1.808,76.7,73.109
822,2.299,5.513,1.519,75.994,81.12
1625,2.727,9.333,2.718,77.492,71.912
683,4.016,4.705,2.889,76.75,69.476
1555,3.934,4.74,4.704,80.018,71.883
617,3.398,4.794,1.33,78.269,78.564
774,4.515,17.33,2.717,74.025,91.432
1091,4.931,5.937,1.439,78.535,83.444
501,3.538,6.1,3.054,75.997,70.433
534,2.875,7.797,1.417,74.384,71.55
1041,2.839,8.973,2.36,74.561,85.595
1230,2.713,3.303,2.971,84.273,84.892
536,5.075,10.302,3.394,82.824,84.137
1054,2.38,4.247,2.031,75.545,76.832
889,2.873,7.686,3.019,76.013,83.742
671,4.839,7.68,2.639,81.534,85.053
633,3.721,7.897,2.067,75.97,73.592
810,2.282,7.934,1.62,76.761,76.996
946,3.228,6.037,1.338,83.831,87.796
853,5.053,12.691,3.48,77.221,67.241
637,4.141,6.828,1.787,77.238,73.856
1348,2.68,5.852,2.242,76.08,72.145
868,3.717,3.868,1.162,82.275,80.741
401,2.799,7.322,2.866,75.576,75.184
592,2.649,5.987,2.681,79.345,73.801
996,3.492,7.755,2.094,75.958,71.506
766,4.105,5.895,1.791,74.81,92.35
509,4.034,7.039,2.171,76.008,76.649
507,2.324,11.766,2.306,75.068,85.098
643,1.78,6.839,3.109,76.069,80.136
716,2.32,5.298,2.945,77.455,72.007
648,4.01,3.58,1.803,77.401,81.349
969,3.26,0.318,2.498,85.683,80.709
803,2.912,6.69,1.602,76.095,64.967
632,1.971,7.133,1.6,77.389,91.864
800,2.23,7.92,1.221,80.025,75.773
458,3.041,3.493,1.47,78.443,72.137
1305,2.675,8.223,1.407,78.116,76.359
958,3.015,7.911,2.739,83.441,86.565
569,4.969,7.998,6.685,78.542,70.427
422,3.01,9.491,1.489,80.219,80.09
1012,4.119,4.776,1.788,82.377,80.843
579,2.55,5.466,2.837,85.056,68.532
839,3.809,6.578,3.043,77.418,76.885
1413,3.598,6.421,1.335,72.631,65.31
526,3.004,13.138,2.501,82.018,76.187
548,4.439,5.393,2.277,82.663,71.092
817,3.271,7.178,5.423,82.114,75.739
1574,1.878,1.793,2.994,77.215,75.886
701,2.159,3.708,2.418,83.691,77.395
782,2.067,13.66,1.895,84.19,79.789
1295,3.173,7.841,2.221,78.123,81.788
645,5.652,5.196,1.594,87.985,78.295
1027,2.82,8.986,1.453,75.513,82.062
481,5.001,5.548,2.764,83.099,71.991
381,2.834,7.484,2.187,77.76,78.548
1425,2.751,2.677,2.668,83.38,75.704
1281,3.025,6.218,3.071,75.573,87.537
610,3.279,7.912,1.525,74.839,83.262
501,3.889,5.557,4.795,75.444,71.235
499,2.432,4.822,2.44,75.092,69.421
835,3.516,3.704,1.36,89.276,73.338
407,2.435,5.244,2.116,76.996,82.632
548,3.581,5.569,1.339,76.219,75.981
1138,3.912,2.918,3.033,75.823,83.431
1115,2.056,4.86,1.813,75.619,78.095
1536,4.776,10.212,2.119,81.401,83.65
734,3.538,3.6,2.976,77.401,86.581
924,3.881,14.278,2.053,74.995,76.522
760,4.519,7.398,0.625,82.358,85.241
430,4.262,8.038,1.613,74.06,75.446
708,3.179,4.442,2.935,77.297,82.85
836,2.685,5.915,2.267,74.549,78.468
592,2.733,0.05,3.084,80.173,87.269
766,2.858,5.013,2.704,75.912,76.359
594,2.815,5.786,2.62,74.719,72.338
1275,3.547,7.39,1.032,77.836,77.764
503,2.079,4.588,2.178,76.395,80.419
717,4.239,6.053,1.937,76.1,89.776
906,3.084,1.603,1.904,75.806,83.068
489,2.778,5.438,1.755,77.821,78.603
658,4.193,4.381,1.467,76.867,84.928
863,2.91,5.537,1.044,77.057,86.398
947,1.963,5.607,1.612,73.012,77.413
670,1.739,12.006,1.596,76.43,87.812
601,3.77,12.905,3.697,77.706,83.355
465,2.588,6.532,2.089,74.337,71.183
946,4.94,5.102,1.548,75.699,86.028
681,3.463,1.607,3.888,81.315,79.791
576,2.251,13.042,2.27,75.601,71.563
508,2.761,4.416,2.309,76.097,79.252
524,2.254,6.136,1.937,76.153,73.995
732,5.164,5.879,1.323,76.88,82.132
606,4.049,5.028,2.216,77.111,80.642
801,2.056,6.429,3.157,74.484,76.42
1378,3.721,3.875,3.566,77.77,83.875
996,4.75,13.868,1.692,78.055,80.518
453,4.413,5.863,2.036,77.549,77.326
542,3.936,5.731,1.912,74.175,69.503
762,2.21,6.996,2.026,75.145,82.024
1603,3.02,6.812,2.448,78.698,74.799
1086,3.543,8.753,2.802,77.565,72.209
593,3.705,4.689,2.187,78.009,75.908
662,2.563,7.129,2.25,81.942,79.913
725,3.531,2.637,5.449,83.627,84.729
926,2.973,6.37,3.728,76.124,70.288
645,3.493,4.565,2.907,76.551,88.598
1419,2.624,4.651,2.052,76.073,67.016
896,3.475,6.645,2.43,75.943,80.698
721,5.295,3.845,2.419,77.207,77.8
2022,0.685,4.39,1.685,77.12,89.404
663,2.027,7.593,1.633,82.748,94.727
583,2.822,10.768,2.693,76.996,69.709
668,4.476,6.002,4.015,75.073,87.237
1281,3.714,4.723,1.312,78.155,74.391
1352,2.984,11.686,1.848,75.056,73.144
479,3.358,9.312,2.016,73.241,76.609
1290,5.234,6.88,2.139,86.345,74.638
879,2.162,5.689,2.643,77.203,82.703
708,4.657,6.524,1.351,78.453,74.755
739,2.829,4.493,1.278,76.643,85.785
983,2.282,5.732,2.799,82.133,70.791
676,3.538,5.956,3.225,75.226,67.153
1025,2.783,6.053,1.49,77.954,76.904
696,1.671,9.982,1.798,75.682,80.041
688,2.933,5.637,1.851,75.296,79.132
465,4.011,13.376,2.693,77.505,72.292
1156,3.898,4.305,3.027,78.006,82.775
877,3.383,6.128,1.907,76.499,82.697
1206,2.382,9.213,1.38,75.945,75.75
420,4.075,9.183,1.483,81.319,77.091
669,3.818,3.919,2.319,74.352,86.302
791,4.257,4.628,1.598,77.502,75.238
986,5.426,2.169,3.004,77.06,76.303
771,3.145,5.514,1.819,75.405,84.536
521,3.585,7.062,1.459,76.243,81.696
998,2.72,5.493,1.789,86.766,85.466
468,2.194,3.611,1.244,79.631,85.26
1078,2.379,3.723,3.418,76.317,84.643
740,5.658,5.41,1.77,76.149,75.511
395,2.386,7.871,1.663,77.008,70.048
1434,4.615,5.687,1.107,84.633,79.704
746,3.165,4.557,4.43,77.7,70.677
856,1.843,5.728,1.825,77.908,91.136
548,2.681,7.218,1.299,76.338,70.344
902,2.103,4.771,2.724,77.386,75.607
1403,2.373,6.389,4.32,75.607,80.509
419,3.772,4.728,1.583,73.813,73.39
809,4.664,7.567,2.692,77.209,75.256
746,2.777,4.644,2.003,76.619,81.247
665,2.936,6.565,2.006,77.747,67.347
878,4.158,2.538,1.05,75.832,76.736
922,4.17,9.224,5.607,78.033,75.261
631,4.105,6.28,2.51,77.075,88.298
634,3.697,5.275,2.738,76.051,74.145
842,2.494,5.542,1.652,77.203,69.56
1004,4.23,7.544,2.292,78.038,93.205
676,3.781,4.246,1.629,74.942,73.587
1020,4.434,4.848,2.63,77.57,87.335
448,1.99,4.281,1.567,74.423,73.521
589,3.256,4.668,3.006,77.019,78.699
773,3.502,5.412,0.282,77.253,75.752
1016,1.583,5.535,1.686,75.949,73.094
447,2.666,5.09,2.042,77.956,75.075
630,5.384,6.176,0.854,76.304,86.47
530,2.767,8.65,3.767,76.161,76.101
851,5.945,7.395,2.202,84.181,79.455
1098,2.956,5.64,1.224,76.607,72.643
991,5.299,8.097,1.827,76.823,68.649
857,2.327,14.004,1.405,86.546,77.954
1077,3.129,11.046,5.035,75.563,77.704
580,3.747,7.361,1.863,77.452,81.037
870,3.048,9.383,2.913,77.991,89.069
780,4.071,6.26,1.74,76.919,79.24
786,3.858,3.604,1.207,77.534,73.094
454,2.9,3.89,2.268,75.789,72.949
750,2.308,4.999,1.886,78.137,79.389
636,1.858,6.383,3.185,77.136,82.465
680,2.128,6.039,1.87,75.633,72.507
755,2.677,0.199,1.896,83.852,70.954
417,2.38,9.457,2.613,75.085,87.163
554,3.161,7.495,3.53,77.461,65.245
998,3.222,6.41,4.465,74.386,66.07
764,5.13,5.196,3.623,76.542,66.757
1226,3.296,4.337,2.876,76.062,78.333
789,4.645,3.826,3.437,82.044,86.406
604,2.213,8.006,3.759,77.563,76.564
481,3.632,6.528,4.007,76.634,78.341
705,3.05,9.87,5.371,82.767,72.157
1114,4.655,8.335,2.442,76.11,68.134
528,2.649,4.665,0.132,76.763,71.014
475,3.392,6.598,1.424,76.886,78.632
698,3.887,5.217,2.555,79.362,72.896
727,1.834,5.545,2.77,77.013,79.227
813,3.795,7.188,2.948,76.072,78.322
767,2.765,5.291,3.213,77.381,79.447
811,4.157,5.633,2.177,75.223,66.355
880,2.962,7.531,1.77,80.172,81.991
642,3.799,7.267,1.699,74.988,73.355
435,2.275,2.831,1.675,74.442,63.839
717,2.914,5.789,1.586,75.416,68.204
890,4.087,5.649,1.904,77.05,79.929
549,5.006,8.0,2.946,76.826,72.904
698,3.477,7.991,3.445,79.903,77.069
1215,1.97,16.758,1.207,77.657,83.378
637,2.77,5.336,1.416,76.82,80.52
921,3.874,4.783,1.923,74.105,78.635
1001,4.704,4.389,4.248,76.724,72.27
711,2.865,7.954,1.532,76.956,86.143
773,4.369,6.72,1.614,89.121,87.454
911,3.678,7.146,1.195,76.755,65.815
766,2.392,6.218,2.783,76.563,87.604
521,3.056,4.381,3.047,84.079,87.98
735,2.991,8.719,1.188,76.867,74.439
742,4.528,6.265,2.676,76.85,85.675
607,2.516,6.734,1.149,76.416,84.376
603,2.321,5.106,1.019,88.263,86.36
680,3.034,6.668,3.622,74.131,79.017
594,2.649,4.653,1.345,76.644,81.487
487,2.255,4.395,2.787,74.623,82.234
873,2.404,3.996,2.939,76.95,81.08
775,4.758,3.475,2.605,78.029,85.842
710,4.746,5.257,2.939,75.111,72.446
787,4.045,8.285,2.99,76.225,68.2
685,2.63,3.727,2.749,76.461,79.803
908,3.655,3.366,3.73,83.943,89.394
569,5.183,11.671,2.872,73.597,82.503
632,2.21,5.565,2.424,84.529,81.689
741,5.858,10.192,3.238,75.511,76.716
678,3.706,4.829,2.045,74.545,88.96
670,2.492,7.122,1.28,81.013,77.184
530,2.747,3.796,2.311,76.016,73.186
725,3.804,5.607,2.159,85.638,85.186
864,4.467,6.942,1.784,74.287,84.559
684,2.181,8.897,3.004,74.855,80.604
1059,1.893,9.388,2.386,77.1,76.342
681,2.002,3.505,2.564,77.576,76.499
698,2.887,4.184,2.164,76.603,80.045
750,2.675,7.572,3.496,75.439,77.235
908,0.946,4.708,1.276,74.681,81.281
554,3.325,10.314,3.314,76.676,70.657
756,2.082,6.07,2.186,80.51,80.417
527,2.6,7.067,2.633,82.472,81.09
757,2.786,5.393,0.583,79.995,80.397
365,2.24,4.911,1.559,75.427,64.665
992,1.974,4.747,2.302,75.018,84.882
869,2.031,6.387,1.066,77.654,77.252
698,2.412,3.999,2.318,75.378,78.854
904,3.921,7.781,1.711,75.879,88.32
1070,2.069,4.361,3.034,86.251,68.068
1170,4.516,3.599,1.974,75.874,84.158
689,2.689,3.075,1.867,74.255,73.181
811,2.937,8.762,2.592,77.047,73.75
648,1.997,5.445,1.857,74.348,85.532
577,3.941,7.322,3.347,77.789,85.144
724,2.583,2.26,2.419,87.688,76.441
909,2.431,6.692,2.665,82.937,82.146
544,2.369,4.253,2.332,77.163,93.142
982,4.509,5.179,1.834,77.577,89.969
1027,5.119,4.983,2.313,76.376,75.702
992,4.915,7.182,2.314,75.569,78.487
606,0.012,6.929,2.593,74.377,67.599
964,3.614,5.462,1.724,75.414,77.918
1361,3.246,9.446,1.552,75.065,77.934
429,2.437,5.698,2.969,75.454,72.662
998,4.672,7.002,2.303,77.253,76.693
881,2.994,5.655,2.719,77.759,77.434
947,3.62,8.497,1.956,77.959,75.456
434,4.623,4.861,2.417,76.057,80.856
599,4.201,6.293,2.619,77.524,84.508
942,3.05,7.931,4.21,76.959,76.224
542,3.586,6.81,2.09,75.835,77.231
743,4.522,7.787,1.251,78.097,84.629
782,2.421,6.864,4.337,82.06,79.048
737,5.077,7.024,1.213,76.622,85.334
1388,4.324,5.442,1.733,86.888,85.607
581,3.207,6.706,2.257,75.022,91.996
1202,3.602,4.493,1.812,85.821,76.762
1031,4.811,4.488,1.916,85.53,78.622
763,2.268,3.468,2.805,74.423,72.056
811,4.06,5.39,1.868,76.589,78.553
1418,2.409,3.96,1.366,77.09,72.911
769,3.434,5.649,1.493,78.199,82.423
636,1.874,3.507,1.714,87.71,76.655
1507,2.078,6.956,1.455,77.52,73.27
524,2.823,6.755,3.379,78.34,81.584
610,3.002,9.176,2.832,76.958,80.866
643,4.286,5.007,1.814,76.579,89.859
728,2.556,6.163,1.988,74.317,75.153
815,5.712,5.511,2.275,77.788,88.95
623,0.756,7.871,3.737,78.276,80.08
1073,2.157,3.499,2.599,74.39,78.039
1172,3.073,5.129,1.482,76.606,83.824
423,0.708,4.831,3.609,75.725,83.246
809,1.865,6.83,1.36,73.804,82.556
817,2.295,4.359,1.244,76.921,83.603
690,4.293,6.116,1.956,76.551,76.8
484,2.366,8.493,1.675,75.613,90.076
957,2.778,7.336,5.895,74.957,68.303
499,1.787,4.813,1.318,75.885,83.852
946,4.335,8.462,3.143,75.293,82.759
613,2.281,5.749,1.16,77.476,75.772
597,3.921,8.482,1.49,76.801,85.735
964,4.132,5.57,1.536,84.429,69.055
1093,2.007,8.469,3.967,85.434,75.517
671,4.088,11.859,2.518,83.747,81.5
703,2.305,5.921,2.333,76.387,69.26
843,2.472,7.037,6.072,75.584,82.301
609,1.987,5.912,2.342,74.808,76.716
527,2.599,6.134,1.184,74.984,76.767
825,4.224,7.823,1.452,82.503,74.056
937,2.872,7.05,1.438,77.832,86.015
1132,4.464,4.994,3.72,77.895,83.378
748,4.401,4.751,1.978,82.986,77.245
549,4.078,7.185,1.997,83.383,92.423
1352,2.253,4.501,5.098,83.821,71.648
1043,3.971,8.248,3.283,76.719,71.413
468,2.989,7.635,1.352,76.057,70.869
751,2.315,4.986,1.385,74.027,86.579
1633,2.417,6.701,1.142,82.017,81.649
482,3.584,5.105,2.807,77.652,85.601
973,4.999,7.917,2.09,83.887,72.469
1054,1.767,4.701,2.207,75.275,73.965
943,3.317,6.359,2.367,77.357,77.723
685,2.179,9.313,0.284,76.44,81.05
443,5.521,5.968,2.261,74.971,71.58
369,2.746,6.989,1.83,77.181,75.697
686,2.566,7.142,1.576,74.93,72.188
799,4.385,9.715,0.202,76.764,73.987
663,2.245,2.923,2.103,73.869,76.513
567,2.292,6.885,1.755,78.08,80.252
855,2.711,4.274,4.787,77.533,82.278
740,2.894,5.79,3.248,77.516,71.854
976,2.176,7.679,3.584,75.4,79.137
783,4.995,5.183,0.891,76.803,69.46
851,4.164,10.172,3.021,77.497,76.958
833,4.495,7.078,2.781,79.513,78.954
1022,1.792,7.351,1.474,73.581,82.005
473,3.342,5.122,1.874,76.431,73.924
957,3.129,10.868,2.57,82.015,78.151
619,4.351,9.093,2.314,76.822,92.399
916,4.537,7.719,7.138,76.894,74.348
674,2.959,9.176,1.462,76.927,86.666
757,2.707,5.712,2.786,77.539,77.369
570,1.685,5.11,1.741,76.095,79.357
641,2.435,9.063,1.526,75.928,71.609
901,2.961,5.376,1.118,75.282,78.885
643,2.098,9.988,2.691,78.957,85.827
814,3.267,7.747,0.191,75.339,74.245
921,5.387,7.958,1.569,77.347,66.956
909,3.818,6.748,1.736,76.432,76.697
992,2.321,4.408,2.316,77.484,82.747
496,1.945,2.81,2.602,77.23,69.174
420,4.747,13.1,3.1,76.201,73.018
814,4.408,10.275,1.835,78.845,79.53
632,4.06,6.641,1.503,82.661,68.723
910,2.816,6.706,2.008,83.214,68.599
1483,2.723,2.911,3.0,76.187,74.896
786,3.627,5.705,2.815,75.637,88.593
925,5.443,5.526,2.028,77.852,81.061
916,5.354,7.991,2.009,75.647,75.52
668,3.613,3.627,1.176,76.099,81.68
612,5.606,6.183,2.328,77.038,69.371
816,3.824,8.526,1.609,75.527,82.155
442,2.695,7.295,1.641,75.067,74.413
669,5.13,6.129,3.169,80.78,66.071
1554,4.839,3.807,4.128,76.814,79.587
714,2.705,14.023,1.081,77.867,78.835
464,2.382,14.372,2.691,75.608,81.394
530,2.916,5.634,2.726,80.292,80.285
767,2.412,4.289,1.856,75.654,75.385
1531,5.315,5.837,3.092,75.952,76.473
838,4.283,7.747,2.34,76.89,76.714
708,3.804,6.809,1.111,76.514,66.419
1036,1.803,8.965,2.329,76.675,90.503
871,3.804,5.966,3.116,86.923,87.11
586,2.179,6.316,1.339,77.167,80.208
616,2.182,3.836,1.213,76.223,70.148
616,2.929,7.403,3.799,76.488,71.731
543,3.682,9.851,3.611,75.733,72.854
484,4.172,11.536,2.821,78.37,74.962
589,2.218,11.667,1.944,78.146,79.345
705,3.172,4.744,2.282,74.431,75.948
743,4.127,5.509,2.237,76.226,87.924
750,4.145,3.771,2.371,77.052,84.555
684,4.905,4.538,1.852,72.319,87.283
1079,4.55,8.193,2.311,77.501,88.971
795,2.756,4.218,1.437,75.505,68.068
655,2.32,0.462,2.579,82.755,83.241
644,4.199,3.758,0.835,77.778,73.462
474,2.937,4.246,1.233,77.17,77.593
618,2.726,4.434,1.907,77.832,83.349
652,5.801,5.363,3.141,76.795,75.73
976,2.294,5.902,1.785,78.489,83.304
674,2.665,7.238,1.565,74.156,74.349
518,5.014,10.311,1.968,86.552,80.872
797,1.991,3.419,3.493,81.572,75.625
603,4.564,4.698,1.697,76.465,70.003
930,4.553,7.887,3.226,74.782,75.854
863,4.054,6.082,2.403,76.682,73.478
842,2.94,5.16,2.771,75.026,69.201
1193,3.101,5.821,1.381,76.57,69.936
533,4.184,6.085,1.302,76.851,79.456
657,2.995,4.179,2.479,77.226,78.19
662,2.775,8.76,1.058,76.912,86.182
758,4.419,4.395,1.714,78.369,91.01
725,2.998,8.785,3.419,77.177,82.577
610,3.216,3.987,3.702,76.755,82.76
981,4.403,7.192,1.995,76.991,82.017
907,4.053,3.974,1.683,76.45,79.93
644,3.768,4.19,3.36,78.614,89.64
1680,2.833,4.382,1.694,77.146,80.028
606,3.113,4.983,3.797,85.144,66.269
973,2.157,11.994,2.617,76.643,78.454
855,2.043,12.566,3.69,73.949,77.331
1006,3.224,4.311,1.686,76.336,86.333
717,5.498,13.979,2.974,78.717,84.295
606,1.802,6.327,1.236,73.905,75.98
451,2.512,5.453,1.593,75.974,78.912
445,4.268,4.065,2.372,76.108,86.096
872,4.087,5.221,1.396,76.297,83.088
1211,2.605,7.668,1.711,83.062,81.698
733,4.404,4.9,2.285,76.366,84.254
1113,3.084,4.995,2.377,77.877,75.717
569,1.195,4.131,3.061,76.352,67.323
1135,1.492,4.673,2.338,77.229,71.699
1033,2.31,11.604,2.493,76.938,70.76
1077,2.571,6.883,2.561,79.512,78.086
630,4.36,7.752,1.655,77.499,73.688
720,3.879,7.907,1.916,76.796,86.431
580,4.468,9.183,2.29,76.159,70.986
772,3.914,6.709,1.642,78.188,81.886
707,2.385,5.092,3.737,84.353,92.064
516,3.892,5.989,1.856,76.855,77.263
886,5.575,6.726,1.512,78.099,84.023
809,3.756,6.788,1.907,74.12,78.128
520,2.714,9.372,5.538,77.501,79.937
1072,2.657,8.599,0.408,78.222,75.598
632,4.196,6.565,1.776,74.932,69.853
529,3.839,8.335,1.281,76.434,82.917
1700,2.366,6.918,1.816,76.521,78.466
466,3.519,6.478,2.672,76.206,64.625
721,4.306,5.836,2.13,74.692,84.217
1254,1.774,7.902,6.235,76.706,74.7
546,4.852,3.735,1.739,74.445,76.399
344,2.283,13.236,2.009,75.63,84.128
1409,3.998,8.235,1.683,85.271,78.441
672,2.778,4.958,1.537,76.437,91.557
576,2.436,5.826,2.231,84.159,85.204
582,2.704,7.479,2.599,76.266,80.833
673,1.936,7.017,1.442,83.111,80.362
645,4.694,6.343,3.411,75.695,92.048
914,3.817,6.852,2.98,77.522,87.795
1295,4.629,7.532,1.127,76.707,78.456
525,4.434,9.23,2.729,77.377,80.745
824,3.83,4.709,1.385,76.282,84.867
704,5.113,5.011,3.203,77.313,77.051
742,3.698,6.028,2.38,83.13,90.479
497,2.937,7.593,2.297,75.825,79.693
785,4.053,3.735,2.372,86.089,86.175
650,4.47,3.852,3.129,77.176,82.883
542,4.744,4.766,2.06,75.202,80.155
1008,1.812,5.925,3.09,74.373,91.357
612,3.334,8.368,2.842,75.579,67.566
973,2.868,5.455,2.5,79.438,83.821
1417,1.938,9.142,1.462,77.901,82.866
794,2.663,5.038,2.073,77.013,73.703
1295,2.983,6.009,2.386,77.605,87.14
783,4.309,8.378,2.632,78.177,69.631
448,3.994,10.883,2.936,77.065,66.414
880,2.292,5.985,3.59,76.138,73.971
624,3.727,9.84,3.459,78.165,84.204
724,3.032,7.646,1.821,77.34,78.031
934,3.941,2.564,1.761,77.547,70.026
1374,4.638,7.071,1.6,78.189,74.447
593,3.563,14.935,1.574,73.638,84.099
620,1.53,8.526,2.17,76.296,80.097
1020,3.126,6.006,2.893,76.626,73.877
868,3.616,1.43,2.152,86.575,87.112
400,2.646,5.135,1.246,76.544,77.526
972,2.951,8.513,2.665,76.18,75.713
387,3.453,12.94,3.142,75.537,75.621
861,2.552,7.993,3.068,76.687,83.003
608,4.664,9.954,2.127,76.929,84.072
1133,3.785,5.209,2.476,84.768,74.829
857,4.428,9.329,2.762,77.479,67.122
641,4.205,6.63,1.841,77.975,74.57
592,4.143,3.204,3.046,75.961,75.915
954,2.681,8.277,1.862,76.23,81.758
525,4.145,6.068,1.615,77.038,72.254
1162,2.823,7.133,1.783,74.762,70.123
555,2.752,5.465,1.699,78.006,88.904
816,1.907,9.223,2.168,77.284,79.918
631,2.214,4.408,2.866,73.294,81.958
726,4.506,8.738,1.775,75.766,83.537
420,2.838,7.013,3.021,79.855,82.979
657,2.132,3.765,1.911,79.502,68.772
683,2.741,4.705,2.794,86.673,80.685
907,5.652,8.047,4.844,76.607,85.0
1188,2.279,4.923,1.801,82.701,84.704
647,4.073,9.677,2.782,77.278,77.775
1213,2.615,12.881,2.19,76.892,73.27
1315,4.213,6.697,6.509,78.638,82.904
817,2.407,7.665,1.541,77.928,77.465
1302,2.3,4.868,2.838,74.396,64.725
905,2.396,6.322,1.047,75.904,86.55
865,3.787,8.253,1.036,77.009,69.22
725,2.683,6.852,1.543,76.386,73.678
730,2.895,7.2,1.611,76.207,76.35
580,2.192,3.719,2.621,83.596,86.429
1390,5.536,16.434,1.773,76.715,82.524
681,2.38,3.195,1.15,76.454,81.212
471,3.534,6.511,2.946,75.616,76.996
474,3.451,6.647,2.071,75.785,79.68
1417,4.131,5.328,2.06,85.987,80.887
536,4.297,6.017,2.545,83.06,73.818
899,2.939,6.034,6.482,75.165,84.794
892,4.405,10.175,2.923,76.329,71.361
644,3.131,13.046,2.673,77.176,72.337
520,3.833,2.455,3.437,76.242,86.444
1376,4.054,4.8,2.901,74.592,82.378
1087,2.424,5.12,2.49,74.213,85.461
731,4.303,6.135,3.286,78.549,82.364
595,4.102,6.612,3.362,84.0,77.793
1095,5.159,7.167,1.907,74.956,74.427
514,3.736,7.497,1.749,75.527,84.615
651,2.236,7.661,2.562,81.471,87.506
629,2.234,7.074,2.826,87.323,90.898
801,3.392,5.883,4.767,79.543,78.378
1022,2.114,7.853,3.985,77.537,80.852
522,2.554,5.255,1.91,75.865,68.377
757,2.953,7.67,3.548,75.476,73.455
587,2.395,4.428,1.734,74.901,78.992
883,5.014,7.307,1.275,76.567,79.517
652,2.649,3.054,6.281,77.918,75.068
773,1.792,6.978,3.12,77.179,78.834
1203,4.471,3.566,2.647,81.589,78.703
774,4.483,7.699,1.826,79.218,68.502
1013,3.463,4.868,2.923,76.067,76.812
516,5.295,7.287,1.443,76.521,75.104
831,2.75,5.336,2.577,76.079,82.427
558,2.971,5.979,2.181,77.526,77.504
791,3.335,6.987,2.695,74.743,72.731
805,1.99,6.394,2.442,76.397,79.062
542,4.905,5.53,3.642,76.515,82.204
1512,2.61,5.747,2.156,80.749,70.039
576,3.118,4.713,2.281,78.015,75.985
476,4.021,6.708,1.618,76.998,76.926
706,3.269,11.141,2.851,74.506,73.078
671,5.392,1.435,3.267,76.139,84.822
948,4.0,10.427,1.15,76.306,74.616
825,2.991,16.343,2.815,76.412,77.312
950,2.256,7.318,2.659,76.711,79.083
974,2.174,2.699,2.891,75.351,85.766
741,4.476,14.293,2.627,75.973,81.915
189,3.234,7.551,2.985,75.923,77.799
1185,3.102,3.6,2.288,76.418,78.386
786,2.718,7.626,2.936,77.233,69.414
1158,2.593,5.207,2.031,76.587,79.123
520,2.829,6.412,3.329,75.715,86.529
661,2.602,3.961,1.168,76.774,79.065
888,4.131,4.227,1.4,86.451,79.517
938,3.049,8.326,5.31,75.902,79.382
2239,5.315,1.968,1.165,77.108,76.494
740,2.888,8.185,1.683,76.509,64.014
971,3.904,5.85,2.876,76.944,85.223
390,3.813,5.455,2.54,84.041,81.899
916,1.885,12.119,2.275,78.492,83.433
704,2.268,10.013,2.148,76.248,88.933
663,2.062,2.576,2.59,76.776,80.328
428,2.63,14.178,2.884,82.308,76.843
483,3.704,4.731,1.946,75.652,85.267
630,2.282,6.159,1.279,77.58,75.633
690,4.099,5.168,2.92,77.166,76.277
812,5.295,6.649,5.86,76.903,79.778
1224,2.215,5.869,1.722,82.982,78.939
672,2.342,3.093,1.787,74.961,93.248
773,2.122,5.812,1.529,77.814,79.166
1322,4.583,9.728,2.807,75.341,76.575
476,4.951,5.527,2.763,75.344,82.374
751,3.013,4.474,1.323,78.055,77.803
445,2.482,3.645,1.603,76.259,71.575
632,3.766,4.251,1.816,76.312,77.672
1452,3.424,7.908,1.044,82.328,90.188
1164,4.444,4.848,1.451,81.972,76.098
713,4.712,10.109,5.511,77.349,67.281
719,3.027,3.264,1.579,77.414,78.859
857,4.263,7.478,6.025,76.3,79.175
853,4.566,6.413,0.964,75.111,80.541
852,2.627,7.235,5.249,74.622,80.876
779,2.597,4.57,1.358,73.748,77.327
1033,2.585,8.144,2.119,79.439,76.359
837,4.546,6.451,3.181,77.096,75.127
550,3.156,8.517,2.132,78.015,69.005
997,4.66,8.363,2.847,76.537,78.522
1446,2.92,6.732,1.168,84.647,80.567
583,2.548,8.346,1.447,87.872,84.122
764,2.533,6.755,3.165,77.111,78.619
574,5.808,6.497,1.667,74.721,74.339
1385,2.857,5.272,2.005,75.62,85.382
1095,2.683,6.844,1.718,77.765,78.053
620,4.59,6.099,2.19,77.583,69.357
755,4.836,2.973,2.828,74.832,85.516
915,4.783,5.174,1.332,77.949,75.034
663,3.065,6.811,2.964,79.234,78.312
620,4.121,1.217,1.772,75.94,72.814
810,2.986,6.489,2.274,78.365,78.265
1056,4.573,14.118,3.072,79.361,69.293
428,3.764,6.01,3.171,77.893,82.275
818,3.238,7.342,1.483,80.376,66.567
1062,3.175,5.861,2.188,77.072,83.651
1179,2.773,11.924,1.52,78.601,86.825
906,1.912,7.041,2.915,78.436,89.352
673,2.397,4.122,1.219,76.668,75.673
970,4.499,4.543,1.087,76.702,78.639
1012,2.21,5.435,1.17,77.872,73.733
986,5.154,4.41,1.523,77.933,70.031
575,2.617,4.806,2.33,77.454,71.593
513,2.411,7.567,1.723,75.915,71.704
1216,4.557,4.898,1.387,77.533,81.063
617,2.688,6.035,1.367,85.182,69.471
553,3.419,8.019,2.575,75.585,89.815
672,2.326,15.006,1.563,85.609,86.91
677,4.751,7.938,3.47,77.658,78.108
841,3.345,4.387,3.996,77.859,73.078
997,3.204,4.912,2.056,78.353,81.372
566,3.81,4.611,2.77,76.449,70.231
1235,2.925,5.59,2.756,85.933,66.611
842,2.158,5.946,3.409,84.173,84.79
788,2.064,5.225,3.372,77.049,77.392
896,2.075,4.601,2.065,82.707,76.213
468,2.781,6.005,1.697,78.172,78.141
631,4.905,6.926,1.839,77.534,75.691
753,3.937,7.991,2.541,78.374,79.591
701,2.566,6.43,1.577,75.331,75.203
1280,3.993,16.271,1.583,81.289,85.003
553,4.665,2.708,3.394,77.539,82.946
475,2.176,7.438,2.696,76.4,80.297
920,3.482,0.227,1.133,78.175,79.649
1208,3.715,7.718,3.042,75.573,69.177
625,4.778,4.029,0.114,77.76,73.868
358,4.489,4.39,2.989,75.863,71.694
778,2.343,5.567,2.278,83.615,76.859
807,3.616,12.449,2.761,78.337,73.698
672,5.649,6.17,3.17,76.067,74.612
837,0.893,4.478,1.264,77.071,79.325
577,3.576,10.506,1.712,76.567,76.915
1432,3.552,12.359,3.394,83.072,76.009
1084,4.369,4.391,0.79,75.558,84.994
751,4.189,5.904,1.831,81.417,71.436
1047,2.527,4.303,5.141,77.999,77.287
419,3.986,7.982,3.027,75.227,80.883
978,4.212,5.694,2.464,76.143,72.257
1123,3.543,4.175,1.444,76.406,82.206
686,3.071,3.901,0.943,77.418,74.592
567,2.253,8.463,2.927,75.73,90.902
1331,2.621,6.017,3.028,83.53,79.555
624,2.141,7.808,2.624,75.507,82.512
527,2.82,5.586,0.75,77.155,88.193
660,3.679,5.827,2.795,74.298,68.579
985,3.619,6.658,2.752,77.26,82.745
1010,2.481,5.544,5.024,75.934,81.237
513,3.741,6.946,2.259,74.764,75.464
518,0.263,4.803,2.249,77.62,77.443
818,3.924,2.611,1.457,75.387,77.201
1040,2.516,3.99,1.019,78.3,89.058
508,4.265,4.519,1.845,84.02,82.373
415,2.219,5.127,3.441,83.572,79.374
614,2.603,12.321,2.696,84.751,88.307
844,3.167,4.35,2.569,77.559,80.12
459,3.515,5.873,1.059,76.652,86.679
648,2.433,1.127,3.582,84.196,91.096
765,4.836,8.271,2.685,78.426,77.675
762,4.514,7.358,2.05,85.283,75.912
1282,2.868,7.175,2.774,74.921,85.908
692,2.652,18.654,1.961,74.098,89.59
1434,3.886,5.017,1.528,78.825,68.79
857,1.987,4.817,3.736,86.43,86.135
423,2.152,4.41,1.698,87.013,80.06
962,3.997,5.8,1.986,77.895,81.744
759,2.873,6.887,1.777,76.664,89.854
726,4.654,14.022,1.911,85.524,75.091
797,2.55,5.756,2.791,78.588,70.953
703,2.074,6.243,1.446,77.025,72.273
817,2.567,4.074,3.03,78.18,73.748
941,4.057,7.411,3.164,74.648,71.559
742,4.164,5.913,0.849,83.563,83.792
874,2.946,5.117,2.328,78.049,85.415
1246,4.813,6.874,1.384,82.527,71.994
693,5.624,5.709,1.863,75.955,66.75
742,3.032,2.967,1.446,77.754,77.301
756,2.278,6.891,1.565,76.834,78.758
576,2.196,2.256,0.963,84.773,75.975
608,4.975,7.79,2.068,77.131,73.908
539,1.019,11.443,2.706,87.442,83.851
949,3.982,6.795,1.133,77.624,73.665
696,5.006,5.305,1.141,74.493,80.861
1082,2.157,13.009,3.018,83.178,83.386
1004,4.895,7.565,2.746,78.035,88.21
1118,4.223,6.865,3.369,76.019,76.293
805,3.983,12.727,1.684,81.113,80.709
533,2.655,7.263,1.629,77.072,79.338
825,2.709,3.921,2.428,83.597,92.092
656,2.555,10.143,3.486,75.723,77.804
403,3.694,4.244,1.51,75.482,76.971
900,5.529,4.418,2.798,73.778,80.404
1019,2.254,6.275,1.108,74.68,76.553
819,4.928,6.916,2.419,73.864,80.665
734,5.37,8.631,1.485,75.186,72.129
358,2.567,3.842,3.057,77.807,77.552
766,3.14,3.949,2.125,74.256,75.667
1042,3.573,2.856,1.172,75.898,78.51
338,1.968,3.653,1.551,78.666,83.463
634,4.681,6.573,3.178,76.284,81.131
1330,5.166,7.526,0.255,78.411,72.526
640,4.611,5.066,3.683,77.258,71.712
785,2.823,5.156,1.85,76.438,74.779
914,3.952,5.418,4.338,78.435,87.89
621,3.127,3.752,2.911,74.225,82.282
670,3.302,7.156,3.602,77.295,86.947
361,2.127,4.277,2.394,76.899,83.203
923,2.622,1.686,1.574,76.269,82.241
908,2.613,6.391,4.414,78.371,88.783
556,4.216,2.667,1.063,75.539,73.504
1028,2.439,6.431,3.31,74.444,87.351
931,2.747,7.258,1.436,83.601,82.934
645,2.982,5.416,2.308,74.852,82.768
1004,5.753,10.426,2.38,75.173,81.563
653,2.348,6.992,3.428,72.845,76.204
929,3.384,6.353,2.693,83.171,79.693
1306,4.193,7.47,1.578,74.282,73.646
807,1.061,7.219,2.369,74.012,79.045
672,4.144,16.468,4.638,78.176,69.48
960,2.902,6.07,1.819,77.788,68.992
670,2.722,5.124,2.515,74.397,71.791
461,2.494,10.65,2.08,76.281,84.541
739,3.136,6.194,1.143,84.296,65.984
467,4.611,8.076,3.564,74.441,73.921
697,5.038,4.552,1.557,78.505,83.415
1326,3.757,5.411,1.461,77.194,88.432
555,4.193,6.665,2.072,76.644,68.983
502,2.385,17.783,2.954,79.257,69.351
684,2.311,5.43,6.02,78.39,72.353
682,5.108,12.36,3.29,77.614,80.445
1240,4.339,4.512,1.57,76.508,72.475
792,1.886,4.479,2.981,74.94,72.071
867,3.59,8.509,3.053,75.591,76.533
780,4.499,5.65,5.809,76.569,84.808
627,3.196,8.28,2.453,75.604,77.604
1290,2.049,5.391,2.011,77.72,85.946
1271,5.019,7.873,2.422,83.285,77.015
1052,3.336,6.074,1.432,77.53,73.36
719,3.988,9.622,2.569,82.875,82.054
536,3.107,7.474,2.591,76.854,79.592
751,4.334,5.302,1.504,81.666,78.449
591,3.253,5.998,1.482,76.361,74.568
1010,4.425,8.745,2.369,84.57,88.891
668,2.267,6.212,1.178,77.842,70.513
1014,5.212,6.863,1.768,74.321,80.113
707,3.765,5.511,1.683,78.134,92.613
353,3.893,3.974,1.84,77.526,67.821
863,3.014,9.356,1.779,83.527,80.992
710,4.791,5.437,1.338,83.293,71.301
418,2.538,2.945,2.603,78.015,76.493
1192,1.913,14.234,2.565,76.327,76.165
940,4.048,7.404,1.739,76.117,80.775
779,3.195,6.288,1.562,83.33,77.848
659,2.184,13.81,2.785,78.344,86.793
854,2.696,5.316,1.431,82.523,81.549
559,2.932,6.316,2.036,85.075,91.493
1034,2.916,4.585,2.236,76.431,78.782
1154,2.297,6.496,1.715,76.767,87.388
767,2.292,12.35,2.017,76.601,88.808
525,3.605,7.27,1.475,78.085,72.353
376,3.171,6.242,1.84,74.95,80.806
530,2.23,5.429,1.047,76.744,77.012
911,5.065,7.939,2.869,77.32,77.902
466,2.813,6.169,1.377,77.749,85.138
1156,3.248,7.077,1.846,76.191,82.611
897,3.541,3.015,3.182,78.237,71.393
814,2.754,10.342,2.956,77.56,74.51
749,2.243,5.5,3.204,75.671,75.944
457,3.432,7.954,1.463,74.96,74.418
652,2.242,7.172,0.016,75.946,70.794
817,2.289,5.456,1.815,74.468,84.805
1776,3.648,5.874,1.319,76.481,71.234
603,4.057,5.356,1.882,77.256,82.001
794,4.446,6.493,1.043,77.936,80.178
740,2.304,5.534,2.771,77.129,83.088
1054,4.196,4.579,2.736,76.924,71.354
607,5.564,9.538,1.095,86.756,78.052
650,5.842,16.25,1.307,74.325,68.446
780,2.083,5.599,1.288,76.642,76.853
873,3.719,5.202,3.021,77.915,70.035
746,2.162,4.146,3.176,75.524,90.775
487,4.65,5.29,2.937,75.321,71.844
816,3.606,7.996,6.46,87.433,83.681
591,2.615,4.987,1.591,75.061,69.556
432,2.864,6.444,1.671,75.999,77.156
465,5.038,10.338,2.473,76.657,79.182
731,3.136,5.498,3.002,75.399,73.64
1148,1.988,6.273,2.521,74.951,77.414
1457,3.337,3.368,1.531,75.647,86.351
665,3.964,7.048,1.599,76.763,69.416
847,2.449,12.609,3.796,84.316,88.29
779,2.95,9.412,3.942,77.171,71.715
879,2.674,5.016,2.789,77.15,86.567
1097,2.403,7.165,2.17,76.061,85.31
394,3.871,5.189,1.718,75.437,81.876
437,2.75,7.989,2.355,76.474,79.462
982,3.196,4.498,1.114,83.557,84.372
527,3.93,6.648,1.109,75.272,76.556
809,2.759,0.523,2.469,76.806,80.578
807,2.441,7.433,4.368,78.169,77.888
695,2.609,5.306,1.878,77.827,79.349
371,3.58,3.966,1.696,86.195,91.628
602,2.732,8.964,1.99,75.354,66.872
601,3.778,18.497,1.804,78.029,87.514
398,4.794,9.863,1.526,82.924,87.428
1015,3.753,11.135,2.812,85.204,85.082
464,2.855,8.461,2.436,78.534,75.373
909,1.935,10.258,3.063,86.955,70.666
577,3.179,12.091,2.053,74.261,68.655
720,2.926,7.331,2.887,77.454,82.31
1032,2.234,1.099,2.397,78.274,75.285
837,4.952,6.138,1.469,79.488,88.798
556,2.205,4.492,2.703,77.584,84.82
766,4.273,10.877,3.11,74.74,64.736
1463,2.796,9.633,2.289,77.515,75.554
801,2.677,6.091,1.662,77.237,86.185
893,2.505,7.598,2.585,83.41,82.274
995,4.504,3.708,3.339,78.159,81.122
919,3.34,6.242,2.846,73.63,88.074
538,2.315,13.529,1.857,79.376,75.997
647,2.672,4.848,2.679,77.404,65.831
458,2.029,5.916,1.032,75.718,82.422
529,2.406,2.636,1.124,77.105,77.669
419,2.415,6.261,3.483,74.422,74.447
984,3.14,7.444,5.722,78.578,84.846
1154,3.319,1.999,1.278,82.152,78.139
1558,2.632,5.856,2.282,76.685,71.762
921,5.654,5.92,2.142,76.862,73.996
1064,2.372,5.171,2.954,76.374,90.67
447,4.901,7.184,3.214,77.12,67.113
604,4.8,6.123,0.954,77.242,75.414
627,2.573,9.262,3.417,82.978,85.907
966,4.558,4.413,0.93,77.449,81.75
740,2.365,5.841,1.635,78.092,87.113
478,3.362,5.654,3.202,76.846,65.253
611,2.204,4.883,3.297,81.846,74.741
614,2.778,3.655,2.285,76.914,79.788
777,3.494,2.124,1.372,76.851,70.162
851,2.316,3.449,2.151,81.942,71.516
918,4.497,5.93,2.22,78.975,73.985
879,3.559,7.755,1.929,77.602,82.023
801,3.223,10.624,2.028,74.871,84.467
581,3.346,7.098,2.447,76.997,85.398
952,3.234,6.924,1.77,83.004,76.954
1193,2.394,6.231,3.678,76.231,81.88
503,3.746,7.832,2.781,73.839,80.377
498,4.695,5.65,1.292,75.269,73.062
1505,3.855,7.498,2.179,76.525,73.369
913,2.658,3.601,1.164,75.454,64.583
555,3.495,8.232,2.778,75.673,80.367
840,1.969,5.434,5.136,76.686,77.263
995,2.974,6.58,1.89,76.35,86.772
1003,3.804,10.279,6.859,75.508,85.112
1006,4.039,6.961,1.104,84.877,85.872
453,2.878,4.808,3.276,75.407,69.561
799,2.922,4.738,2.414,77.816,80.999
567,3.218,7.216,1.831,76.908,74.73
866,4.783,4.945,1.227,76.107,81.972
521,3.938,6.009,2.684,85.488,71.788
995,2.511,19.859,2.152,82.085,79.96
723,3.494,0.302,2.731,81.343,72.397
1415,2.944,7.85,2.516,78.172,75.035
891,4.22,5.246,3.25,78.293,77.017
823,2.378,2.604,1.978,73.113,76.899
821,2.26,6.65,1.425,77.936,79.171
832,3.093,11.63,4.818,77.154,76.654
445,2.691,6.753,2.858,85.559,81.622
1207,2.474,4.876,5.1,77.109,79.042
854,2.421,5.446,2.469,76.618,79.968
757,3.794,11.595,2.744,81.072,87.653
1343,2.348,8.412,2.373,83.079,84.967
815,2.916,7.103,1.099,77.07,78.187
848,5.042,6.349,4.295,75.198,82.5
750,4.866,13.057,2.016,77.395,78.436
920,2.461,6.557,1.441,77.891,70.73
764,3.063,4.62,1.408,77.372,73.755
963,4.882,7.262,5.338,77.095,77.9
1267,3.709,15.442,1.823,77.557,81.069
605,5.467,6.424,5.728,73.223,74.907
411,2.566,6.151,2.326,80.871,82.616
877,4.204,5.642,2.464,76.031,74.063
788,3.234,6.168,2.944,75.819,80.469
504,3.511,6.359,2.11,86.921,76.22
922,2.435,11.469,2.19,73.255,66.345
633,4.56,7.979,1.633,74.936,75.889
508,2.303,7.854,2.864,76.72,80.632
537,2.862,4.277,1.646,73.957,77.007
1097,3.81,7.886,3.027,75.496,79.046
766,4.717,7.389,1.857,77.48,74.223
1641,2.456,5.988,2.516,75.609,83.834
865,2.46,5.869,1.68,76.636,79.747
429,1.922,6.217,3.287,75.702,90.616
895,4.048,3.554,1.944,77.473,70.278
434,4.46,7.574,1.837,77.099,75.241
699,3.724,11.549,1.673,79.453,68.483
744,2.741,4.945,1.294,77.417,90.163
591,2.42,18.223,3.034,76.442,78.902
734,3.252,5.795,1.401,85.301,78.902
849,2.235,5.26,1.962,73.151,72.989
1251,2.075,6.774,1.56,75.475,76.989
779,3.43,5.8,4.69,74.592,88.104
844,2.138,5.539,2.639,74.119,77.374
1196,2.209,7.165,5.847,74.399,82.331
777,3.69,7.173,1.778,76.168,67.047
476,4.567,8.133,3.04,76.246,72.581
767,2.421,1.465,5.1,77.624,69.732
388,1.905,5.699,1.22,77.471,72.966
460,3.584,6.662,2.695,77.063,80.269
1579,4.249,7.441,4.658,76.012,90.729
689,3.561,15.772,1.406,75.624,86.448
1165,4.864,5.305,1.036,77.682,82.163
519,3.645,4.001,2.999,77.748,86.67
561,3.577,9.532,2.789,77.689,70.134
1212,2.505,5.519,2.796,76.001,75.181
1362,4.902,9.255,2.062,73.739,78.948
784,3.728,3.835,1.238,78.155,82.686
1206,3.737,6.1,1.018,75.204,82.575
810,2.294,3.998,2.412,76.118,83.762
473,5.574,6.907,1.142,76.447,68.793
386,2.249,11.073,1.763,75.55,86.445
903,3.836,3.892,3.201,77.653,86.347
884,4.097,5.33,1.713,77.071,90.351
1264,3.563,6.951,1.851,76.372,66.59
762,3.611,7.606,2.154,85.965,79.219
587,2.269,7.543,4.142,76.152,74.11
470,3.018,4.828,2.896,74.395,90.02
605,2.622,6.582,2.212,73.421,69.316
695,2.917,6.217,2.558,76.631,66.852
818,3.524,5.152,1.203,75.353,71.774
497,3.08,6.382,3.361,74.691,79.736
560,4.994,8.615,1.042,74.916,78.749
871,2.614,4.262,2.456,77.61,82.274
548,4.079,7.699,1.51,76.694,78.326
896,2.578,6.365,1.768,74.473,79.325
758,2.751,1.226,1.016,81.761,81.688
1029,3.565,2.199,1.249,78.141,86.345
399,2.91,5.579,2.732,74.699,83.996
736,2.083,6.199,3.147,76.523,77.113
1029,4.514,5.956,4.348,73.668,80.401
559,4.085,11.174,1.662,74.993,74.673
936,3.067,6.492,1.818,75.917,81.89
865,1.97,11.217,1.706,75.831,72.315
441,2.087,7.649,1.424,75.202,83.436
592,3.747,3.928,1.298,78.026,81.542
765,4.649,5.926,3.234,75.865,77.352
562,2.745,6.872,3.192,76.628,82.666
1035,4.378,8.488,1.028,75.883,86.905
594,4.011,11.205,3.442,81.854,90.405
1280,2.406,6.303,2.604,85.831,84.647
448,4.528,13.411,2.535,76.619,77.055
1085,1.912,3.844,2.609,86.647,75.593
800,2.917,4.271,1.92,76.568,77.778
1374,2.544,8.641,1.541,82.269,66.81
865,2.676,5.28,2.284,77.323,76.595
733,2.918,12.948,3.223,75.234,74.834
1145,4.688,5.464,1.916,78.581,70.694
811,2.434,5.652,2.725,76.827,71.459
906,4.137,5.439,3.064,75.801,78.31
856,3.619,13.147,1.905,77.543,89.109
626,3.162,6.931,1.57,79.402,83.082
1727,3.131,10.067,1.196,77.422,78.135
447,3.285,6.285,2.655,75.542,75.834
733,2.944,5.149,2.166,75.332,84.777
1003,4.14,6.975,2.265,76.994,75.054
517,3.791,9.3,1.33,81.491,71.003
730,1.764,5.685,5.167,82.569,84.163
1012,4.844,14.471,1.901,86.589,77.867
697,3.092,2.718,3.382,76.809,71.424
650,4.088,8.195,2.147,81.762,72.041
774,1.579,6.276,2.893,77.044,77.017
741,2.417,8.577,1.994,76.324,86.821
708,3.22,8.372,2.931,77.429,75.512
738,2.223,6.594,2.201,74.641,80.615
495,2.074,3.149,1.647,77.504,90.151
1048,3.278,8.66,1.405,78.132,68.65
1310,4.172,4.116,0.999,86.468,77.834
805,2.764,7.599,1.758,82.483,85.696
1256,2.308,5.621,2.507,77.798,83.425
645,4.077,6.23,1.653,87.558,71.938
954,5.86,5.504,3.383,75.3,77.347
720,4.351,7.88,6.175,77.156,77.895
944,2.758,7.529,1.33,83.429,74.237
702,4.527,7.586,2.109,77.029,75.919
909,3.883,4.228,1.529,86.797,87.007
1047,4.003,6.063,1.685,76.811,72.074
445,2.487,7.48,1.635,73.857,78.76
1131,2.604,8.516,2.217,76.936,75.189
608,2.388,6.018,1.99,72.868,75.29
487,3.236,5.1,1.392,77.018,88.354
1059,3.427,7.152,1.716,75.647,80.854
539,1.891,8.488,1.708,75.706,68.648
910,3.65,5.374,2.303,77.25,76.683
1036,2.047,5.923,4.185,74.95,81.704
568,2.297,4.479,1.829,76.372,78.772
635,2.256,13.734,1.498,75.565,91.056
474,3.772,4.994,2.331,85.141,82.028
1341,2.358,4.388,1.677,77.238,86.26
670,5.281,10.434,3.122,73.212,66.105
845,2.579,4.512,2.166,77.256,85.233
716,2.889,4.911,1.992,73.901,88.891
487,2.935,7.951,2.947,78.124,72.382
740,5.67,5.732,1.519,77.184,71.69
470,2.612,12.411,1.325,75.899,74.627
801,3.625,4.223,1.411,76.881,70.802
1562,4.261,7.524,1.511,85.524,68.214
575,4.227,5.416,2.395,77.859,87.818
675,3.176,7.769,1.963,75.888,79.203
787,3.738,5.833,1.961,76.832,82.861
722,3.184,17.023,2.494,86.829,83.835
439,2.179,5.514,1.386,75.827,69.438
925,5.022,3.923,2.778,76.388,78.801
677,2.416,8.38,2.67,76.463,80.511
484,2.005,5.089,2.979,80.809,80.217
432,3.018,8.524,1.389,78.643,77.126
598,4.561,5.076,1.518,76.766,72.711
1165,4.192,4.411,2.75,76.606,86.598
891,2.372,4.372,3.75,81.727,81.88
999,2.137,5.753,1.204,74.664,81.245
694,3.119,8.337,1.749,75.434,74.578
825,4.23,11.828,3.802,77.441,77.045
1412,2.816,4.001,1.922,83.246,71.177
819,3.042,3.586,1.701,75.254,74.899
782,3.134,18.045,2.433,84.108,77.678
775,2.677,4.819,1.07,76.012,85.83
690,2.862,4.108,1.987,80.655,78.569
805,2.483,15.278,1.019,76.647,79.61
834,3.821,2.164,2.784,75.013,80.838
766,2.729,9.208,3.17,75.677,84.649
561,3.182,3.684,1.597,87.367,67.318
654,2.971,6.692,1.69,80.668,90.053
712,3.279,5.681,1.96,75.946,76.328
868,5.74,0.733,2.628,82.0,75.454
754,3.855,5.132,2.126,85.574,75.483
753,3.175,4.604,2.018,75.655,80.549
519,4.638,11.322,1.812,76.859,68.579
773,2.951,4.465,2.718,78.039,70.66
492,4.363,7.435,2.711,77.934,73.033
1016,3.755,6.548,1.161,75.594,78.942
1243,2.035,7.459,5.103,75.839,87.23
488,4.692,5.18,1.729,76.002,81.692
1341,2.856,14.869,1.659,77.229,75.101
489,2.667,7.133,3.112,75.044,71.641
447,3.576,3.992,1.539,79.306,78.407
769,3.846,5.258,0.546,77.712,77.835
917,2.419,2.946,1.764,75.78,79.601
1159,3.93,6.196,2.318,85.654,80.346
888,5.652,6.076,2.602,74.494,89.136
777,2.878,5.31,1.928,77.343,90.109
459,1.904,6.251,1.542,72.258,84.095
676,2.391,13.573,1.524,75.393,76.21
509,2.307,4.982,1.906,77.164,86.333
1041,3.347,0.392,1.406,74.013,73.977
533,2.189,2.593,3.264,75.761,80.62
896,1.986,5.537,1.113,73.916,73.689
1546,1.983,1.62,1.426,77.135,82.503
995,3.151,5.308,1.554,78.231,82.757
690,1.873,1.788,0.907,77.433,76.297
1144,3.083,9.878,2.604,74.697,80.834
653,2.543,4.445,3.344,76.978,80.413
823,1.999,7.475,2.635,86.372,82.805
868,3.821,4.291,1.617,76.995,91.292
695,0.37,3.957,3.445,77.705,77.503
1149,2.407,5.441,2.389,77.215,71.958
1026,3.085,10.038,2.537,77.52,73.602
1005,2.433,12.625,5.626,76.438,85.222
599,2.483,6.303,3.183,81.67,81.318
538,2.205,5.257,1.54,85.497,86.802
897,3.119,6.062,1.456,83.441,79.121
620,3.17,4.322,2.484,77.619,77.644
488,5.229,2.769,2.874,78.313,87.952
1082,4.656,8.058,1.704,76.32,71.192
618,2.197,7.519,1.728,74.51,70.166
686,3.875,7.678,2.197,75.156,68.295
912,3.45,11.545,2.286,73.852,78.855
420,2.648,9.613,5.693,76.399,76.937
603,1.949,6.109,2.561,77.565,70.964
461,4.757,7.635,3.213,84.12,67.982
1345,2.906,17.435,2.695,85.89,79.995
454,2.328,10.402,1.598,75.132,67.309
994,3.713,6.319,2.066,78.383,70.552
799,2.809,8.189,2.929,82.441,74.746
572,3.696,3.341,1.336,78.935,77.08
712,4.932,5.229,2.26,78.118,73.57
1096,3.431,5.002,2.664,74.656,71.988
1107,2.677,8.088,1.521,74.555,83.424
488,2.499,6.551,0.982,80.231,85.854
1261,4.361,5.904,2.029,77.529,76.247
709,1.805,5.416,2.741,75.065,71.766
652,1.017,13.703,1.967,75.878,74.778
1002,2.53,4.744,3.36,77.869,73.197
342,1.929,4.602,1.835,74.189,64.807
387,2.414,5.286,3.204,74.055,82.309
581,2.796,12.183,2.968,74.74,88.095
538,4.798,11.91,3.691,75.168,74.963
1240,4.558,4.769,1.481,77.441,75.295
992,3.847,10.537,2.72,83.926,69.608
663,1.763,18.202,2.74,80.244,75.579
890,2.46,10.34,2.615,85.016,84.697
486,2.566,5.845,2.914,76.309,70.87
1573,2.118,5.858,2.84,80.145,77.641
938,2.859,7.774,2.884,76.962,69.82
1439,4.726,3.418,2.397,75.389,77.565
742,2.698,1.91,2.944,76.169,71.613
851,5.043,10.03,2.008,81.785,89.178
820,2.627,7.128,1.877,72.635,72.333
918,2.45,6.597,0.89,76.535,71.992
577,5.686,7.174,4.131,74.331,83.543
1187,3.84,16.907,1.961,75.926,80.25
824,3.008,5.284,3.04,78.624,86.445
654,5.048,10.145,1.516,75.391,67.914
671,4.928,5.553,1.476,75.674,86.109
788,4.34,4.913,1.235,74.834,82.317
468,4.576,4.213,1.741,77.358,77.806
855,3.016,7.734,5.054,76.279,83.035
1483,2.824,5.922,5.527,74.933,72.247
480,5.015,7.793,1.144,77.397,69.772
1191,4.161,12.531,1.204,78.017,74.661
1260,3.395,7.081,2.667,75.553,82.422
1005,2.208,8.116,3.083,81.155,88.587
735,2.826,8.101,1.272,76.87,85.382
955,2.923,12.534,1.793,76.036,76.712
556,2.504,5.428,1.547,76.342,78.745
891,5.56,5.146,3.376,77.353,84.571
470,3.247,3.588,2.815,77.155,70.33
983,2.262,6.522,3.416,80.391,85.321
651,2.623,4.818,1.581,75.36,77.15
684,4.463,6.312,1.744,77.245,81.109
550,3.909,3.312,2.835,77.006,79.342
887,4.612,7.189,2.182,77.101,77.703
1213,3.606,5.128,3.718,79.625,76.336
1530,2.243,4.267,3.484,75.947,79.789
778,1.985,5.426,1.175,75.224,78.511
1320,3.001,5.414,1.132,88.356,84.729
692,5.583,6.238,3.19,74.177,80.747
1232,2.02,6.067,2.795,76.122,86.518
738,3.753,6.793,2.12,76.845,87.734
770,3.994,2.753,0.961,76.16,80.493
576,4.465,5.109,2.617,83.364,79.072
615,3.323,8.715,2.36,76.505,72.126
676,4.588,6.114,1.851,77.532,73.903
888,2.539,7.373,2.464,76.088,68.425
710,2.497,5.709,1.106,76.579,73.692
1316,3.117,6.462,1.338,76.64,74.839
604,2.314,7.902,1.897,73.127,75.283
732,5.241,5.325,2.459,76.213,67.038
901,3.21,11.725,6.059,82.193,69.193
634,1.673,7.033,2.331,77.131,78.589
523,4.444,6.889,1.386,84.697,80.548
1112,4.005,8.66,1.557,76.613,85.05
752,5.858,9.979,1.84,76.655,72.523
945,4.777,11.464,2.438,78.941,79.898
887,2.036,12.612,1.955,77.353,82.46
618,4.805,6.098,2.202,82.492,73.892
795,3.47,5.204,1.662,77.439,66.256
696,2.952,5.303,1.555,77.06,78.325
977,1.791,6.911,2.755,77.511,69.815
750,4.202,4.791,2.984,82.27,78.59
987,3.593,8.287,1.602,77.134,82.187
1123,4.18,4.8,1.23,74.168,76.535
863,2.66,5.938,1.73,78.406,89.315
870,2.25,4.321,1.275,72.678,77.9
1232,2.115,7.392,2.034,76.536,79.793
633,2.371,4.928,1.075,78.323,72.533
928,3.243,3.537,1.318,75.446,81.865
470,3.808,5.136,2.623,76.85,83.585
519,1.887,4.114,3.19,82.664,76.865
606,3.125,3.704,2.58,76.014,78.107
1007,3.771,7.328,5.272,77.041,70.134
555,1.929,5.729,2.311,76.584,80.242
1226,3.141,4.99,2.212,81.162,66.356
910,2.865,4.411,3.3,74.23,76.154
751,2.933,4.644,2.471,85.199,91.18
1076,2.494,3.419,1.688,78.322,80.79
665,1.958,6.476,1.016,74.493,64.31
773,2.31,6.748,3.049,76.073,84.442
1348,2.097,6.532,2.13,74.637,81.98
678,4.102,4.891,3.009,77.448,66.717
498,1.956,5.55,1.668,77.565,68.37
485,4.848,8.725,1.44,76.755,79.183
749,4.93,9.182,2.933,77.719,79.483
483,3.349,7.629,1.435,76.658,88.493
634,4.0,7.85,1.779,75.123,77.906
624,3.423,5.554,1.265,77.314,78.949
1014,2.236,6.409,2.376,85.754,87.09
1101,2.617,10.599,2.553,78.058,68.753
619,3.381,7.648,2.626,83.823,82.101
556,2.294,10.102,3.229,76.829,92.496
647,2.604,4.936,3.188,74.934,72.345
635,3.212,5.355,2.117,75.5,91.26
519,2.023,6.921,5.989,75.678,73.763
902,2.019,5.85,2.869,77.094,84.309
661,4.963,17.995,0.961,76.475,73.918
484,2.39,7.762,1.123,77.396,78.819
787,4.373,8.359,3.011,82.335,90.042
582,3.335,5.854,4.177,75.474,75.298
883,2.535,6.246,2.54,77.293,68.178
562,4.635,6.338,2.952,79.467,79.733
706,2.514,3.617,1.834,76.031,74.957
1358,2.388,7.537,2.626,77.602,81.216
1264,2.626,2.231,1.014,82.921,72.348
685,2.238,8.059,3.378,76.821,73.618
414,0.763,16.35,1.347,76.555,82.851
668,3.267,5.743,1.46,75.792,77.162
844,2.928,8.691,3.155,76.04,76.608
448,2.569,8.693,1.1,74.827,85.296
1381,2.198,7.444,2.241,82.824,80.398
1568,4.011,5.746,2.645,76.022,81.9
592,2.947,6.195,2.317,76.269,87.601
276,4.663,7.291,2.607,76.734,71.447
894,2.373,5.143,1.368,74.549,82.834
886,3.77,7.348,1.895,76.363,71.072
886,5.14,5.104,2.894,75.595,72.079
893,4.303,2.631,2.622,75.165,75.929
918,2.405,4.862,0.37,76.477,75.872
920,4.758,6.973,1.561,83.916,77.259
467,3.383,7.533,4.158,76.001,70.554
888,3.676,5.202,1.18,76.167,85.636
850,2.657,4.487,1.639,77.704,87.959
1109,4.365,6.958,1.255,77.47,82.468
631,2.643,7.3,1.428,75.191,85.948
591,2.01,6.781,2.72,80.143,67.121
847,2.537,5.081,2.824,76.803,80.768
1001,2.379,8.545,2.694,76.402,83.867
432,3.556,8.54,6.044,74.398,74.449
838,2.293,6.514,2.46,77.803,86.725
787,2.732,7.062,1.451,76.247,74.232
560,2.043,5.013,1.666,74.384,86.692
576,5.373,6.01,0.949,76.476,71.17
694,2.638,6.641,2.924,75.428,74.994
642,5.403,5.509,1.999,75.276,65.597
567,2.602,6.138,1.222,77.551,74.849
587,3.944,8.096,1.057,78.2,75.672
1561,4.618,9.74,5.534,77.52,84.683
521,3.896,6.663,0.376,77.402,75.034
967,3.083,6.667,1.78,80.979,77.651
528,4.758,6.845,1.982,80.711,76.403
505,2.265,7.084,2.545,82.727,71.193
565,2.577,14.559,3.607,84.724,74.947
701,2.264,5.336,0.855,77.335,78.013
525,3.964,8.413,1.582,76.624,75.978
636,4.249,7.236,2.12,77.121,64.144
362,2.734,5.631,1.952,74.962,80.07
634,4.277,7.3,3.117,75.868,81.686
660,2.758,6.429,2.428,76.002,73.041
934,3.177,6.767,1.354,75.401,70.934
489,4.15,8.02,2.882,75.735,84.093
519,5.226,8.358,2.419,80.057,69.344
721,2.525,4.063,2.899,74.096,76.828
752,2.917,5.366,2.683,77.212,85.004
754,4.122,4.435,2.752,74.638,75.886
804,3.123,17.204,1.397,78.369,69.372
679,3.504,10.678,2.329,81.234,80.096
690,2.759,6.209,2.251,73.412,68.756
839,2.721,15.659,2.012,74.888,83.097
884,4.476,0.552,1.646,80.118,78.177
879,3.168,1.964,2.094,75.79,74.128
1573,2.503,7.223,2.398,77.339,70.341
732,3.228,7.786,1.448,74.976,64.924
866,4.438,5.396,2.67,81.98,75.394
771,1.817,12.071,2.303,84.841,85.695
1516,2.96,7.342,1.292,76.619,84.328
733,3.638,3.69,1.765,77.157,75.012
1539,3.41,5.203,1.27,73.876,70.25
705,4.856,6.228,1.848,76.996,77.871
673,2.552,6.743,1.564,81.069,78.923
369,2.692,9.676,3.04,75.999,83.89
697,3.814,1.634,0.795,78.634,86.729
368,4.473,13.253,3.374,76.5,80.827
827,1.99,7.602,3.309,75.586,76.507
510,1.856,3.02,2.39,79.73,82.963
800,1.239,11.728,1.64,76.839,68.446
1132,5.723,4.634,1.963,75.621,86.018
757,2.594,5.129,1.678,75.173,79.337
699,5.227,5.238,3.818,75.688,75.065
834,2.242,7.624,2.816,81.291,83.014
699,4.051,4.879,1.452,77.759,70.642
1171,2.574,2.902,3.057,76.284,84.519
1123,3.157,12.551,2.038,78.508,81.355
773,4.45,7.415,1.707,76.34,72.694
742,2.396,0.914,1.163,78.297,80.967
579,3.699,6.451,1.646,77.469,71.78
537,2.491,3.85,2.28,84.101,81.948
567,2.005,5.127,3.062,85.16,87.359
833,3.221,2.644,1.359,76.548,70.32
1229,2.242,7.271,1.595,83.814,84.157
866,3.47,3.913,2.484,77.054,80.974
424,4.858,6.705,1.313,74.973,76.226
715,2.201,5.796,1.725,75.971,88.68
802,3.825,6.527,1.95,77.789,74.603
1062,2.619,7.515,0.109,74.77,87.491
750,2.262,7.755,1.534,76.318,86.928
609,3.563,7.415,1.703,77.681,76.622
1341,4.626,6.188,1.503,76.927,78.884
479,2.366,4.473,1.793,83.821,84.966
704,3.628,6.208,2.092,78.01,82.768
556,2.123,6.133,2.448,79.478,82.218
759,3.098,6.114,2.049,76.721,85.993
926,4.617,5.743,2.648,76.847,82.132
458,3.663,10.798,2.952,83.527,79.197
889,4.472,8.857,1.373,75.605,79.264
801,4.568,4.997,1.777,78.042,83.589
972,2.74,5.469,4.021,77.665,81.053
383,4.432,6.573,3.698,73.961,73.237
345,1.986,8.953,3.534,74.551,69.699
609,3.328,8.851,1.803,76.572,93.603
1193,3.669,7.846,1.229,85.323,67.009
1063,2.274,5.507,2.254,77.767,85.197
558,4.362,3.404,1.784,77.858,85.916
472,2.71,4.818,1.131,76.576,70.564
638,3.562,4.208,3.464,76.498,70.384
716,4.168,8.575,3.297,77.224,78.739
761,2.587,6.429,1.655,76.234,78.985
1003,3.151,10.332,3.044,75.608,69.942
515,4.126,6.829,2.516,74.396,70.515
643,2.394,4.284,1.814,75.561,78.819
874,2.702,1.763,1.734,76.327,84.614
1436,4.415,13.033,2.881,77.138,83.504
1094,0.34,2.163,1.627,83.496,79.5
475,2.191,5.788,2.53,76.693,92.239
894,3.59,8.507,3.156,82.338,85.599
1082,2.469,5.989,1.691,84.701,72.825
737,3.705,5.128,1.607,75.799,82.466
561,5.363,4.112,2.107,76.648,85.661
710,3.104,6.019,2.76,75.79,78.951
421,2.312,7.743,2.695,76.832,92.366
634,4.338,3.759,2.915,78.489,81.159
922,3.435,6.884,2.441,77.084,78.027
608,2.425,9.479,2.215,73.813,72.14
578,3.94,6.08,2.171,74.691,85.136
954,3.886,2.952,2.17,76.715,76.39
489,2.331,4.966,2.978,86.206,76.845
1243,4.44,10.999,1.933,75.058,70.878
736,5.51,0.676,1.331,77.011,71.286
549,4.135,5.672,2.719,78.423,88.299
819,2.535,6.064,2.006,77.597,80.881
790,3.672,9.162,2.048,87.573,80.324
928,3.642,7.095,3.367,76.687,82.529
910,3.146,7.098,1.623,78.045,71.52
893,4.479,7.639,3.065,77.124,78.576
979,2.047,3.382,2.132,76.606,84.826
555,2.571,5.937,1.445,78.05,70.092
807,3.264,7.777,2.163,77.366,74.352
513,2.713,2.195,2.376,76.692,80.612
569,2.135,5.745,2.775,75.619,83.979
418,2.751,1.377,1.52,78.494,86.262
1253,2.651,7.859,2.351,75.817,88.501
484,4.32,9.919,3.323,73.857,72.12
1027,4.7,4.522,3.161,76.083,82.603
987,2.285,3.535,2.346,83.896,78.854
963,0.566,2.972,1.009,76.654,69.702
726,5.563,5.254,3.05,80.409,74.944
431,2.432,8.55,2.726,74.822,89.588
627,4.094,6.239,2.436,79.556,86.114
657,4.7,5.294,2.057,74.413,77.044
1379,2.829,6.676,1.443,74.883,65.613
772,3.819,7.32,2.299,77.454,81.134
1093,3.229,8.744,1.966,78.192,78.661
585,1.739,4.596,1.235,86.764,87.797
585,3.26,4.614,1.294,76.892,67.379
1126,4.09,2.581,2.234,77.488,85.124
1067,1.89,1.752,0.983,76.095,76.715
674,4.589,10.51,2.437,76.12,68.974
535,4.409,5.6,2.9,76.484,69.486
663,4.501,5.715,3.151,76.007,81.009
631,2.293,10.288,1.186,76.245,77.359
434,2.726,7.947,3.372,75.4,81.05
490,3.106,5.483,1.933,75.622,78.352
713,3.689,6.864,0.99,76.01,78.212
911,3.167,10.673,1.494,73.701,73.198
966,3.058,12.695,2.902,77.898,89.194
1529,4.007,6.209,3.059,75.144,89.311
450,2.176,5.678,1.059,85.835,81.025
429,3.417,5.677,1.061,82.424,77.988
825,4.279,4.191,5.986,75.341,85.013
555,3.909,6.621,2.375,76.43,81.234
669,2.46,8.38,1.851,76.514,79.446
715,2.556,6.822,1.67,77.393,82.963
831,4.28,6.89,2.498,78.092,78.897
500,2.43,5.691,2.337,75.488,82.795
801,3.279,5.8,1.875,83.611,72.976
641,2.792,5.43,1.333,74.145,84.353
640,1.876,5.371,3.212,77.227,82.19
914,3.598,5.89,1.844,75.843,78.172
776,5.194,1.251,1.853,74.617,70.788
918,5.261,4.33,1.733,76.998,76.702
817,1.946,5.314,1.341,75.411,82.205
1103,2.453,5.754,1.425,76.716,82.031
611,3.293,6.544,3.097,75.857,86.597
717,5.584,3.731,3.485,77.788,77.259
768,3.36,4.828,1.848,76.833,67.263
1279,2.003,6.77,1.879,76.259,84.427
623,4.624,7.079,3.136,76.648,83.81
1105,4.231,4.59,2.415,75.837,74.07
975,2.151,11.414,1.008,76.049,76.291
739,3.381,6.726,1.641,77.243,74.826
457,2.637,6.021,2.164,75.215,75.394
579,4.508,10.267,1.33,73.313,77.693
466,5.298,6.816,1.567,85.353,87.195
969,3.267,6.003,1.436,76.181,82.865
689,5.695,8.138,1.726,74.471,74.192
504,4.072,4.887,3.874,73.475,81.7
414,4.627,7.79,3.179,74.72,75.539
808,2.415,8.338,2.503,78.255,84.843
907,4.039,8.086,0.434,86.421,90.686
719,2.412,6.236,1.515,75.792,90.426
612,1.806,10.159,2.09,73.706,80.799
825,3.042,3.96,3.298,77.356,78.882
1202,3.268,5.674,2.336,76.74,72.961
796,3.702,7.088,2.36,76.374,77.565
963,3.689,12.031,3.357,77.767,76.72
753,3.221,6.939,2.371,76.244,82.296
952,2.436,4.203,3.031,77.827,88.435
460,5.267,9.805,3.014,74.432,75.55
894,3.275,4.878,2.844,74.902,89.192
586,2.673,6.368,2.904,74.633,79.722
583,3.398,6.147,1.627,76.224,70.614
464,4.026,7.236,2.819,75.727,79.206
809,4.8,5.972,3.241,77.822,80.165
718,3.816,1.418,1.294,83.396,70.703
943,5.012,5.328,2.244,75.079,71.796
1104,2.259,6.841,1.885,75.125,73.91
1132,2.522,8.798,3.615,78.679,72.12
679,3.618,7.132,3.093,77.133,76.358
730,1.855,7.957,4.571,77.356,80.734
489,2.369,7.164,2.936,76.301,68.3
574,5.224,3.432,1.142,74.758,80.646
786,2.607,8.734,1.508,82.211,85.712
468,2.625,4.418,1.973,73.709,82.802
1205,5.48,4.131,1.566,78.491,78.231
1585,3.82,8.935,2.51,72.845,73.807
848,4.046,7.72,1.693,76.043,70.793
543,2.634,5.924,1.862,75.55,72.713
669,3.211,3.592,2.464,76.518,71.49
745,3.645,4.441,1.66,75.404,71.48
654,4.772,7.048,2.15,78.939,78.276
1031,5.02,7.218,0.886,77.672,85.571
647,2.122,10.43,1.385,75.416,86.83
1223,4.83,11.204,4.932,78.093,76.545
583,2.637,4.16,2.42,74.978,71.767
881,5.258,7.088,2.78,84.814,85.468
686,5.312,8.062,2.99,75.101,70.374
1439,5.32,4.716,1.739,76.003,83.429
757,2.964,4.732,6.353,77.722,76.529
760,3.628,3.796,1.559,74.029,81.329
1192,2.424,8.258,3.079,75.547,91.973
538,2.221,7.202,1.458,76.107,81.801
898,2.961,6.212,1.499,76.624,75.193
952,3.779,6.637,2.408,76.034,71.318
940,2.188,4.168,1.85,77.684,71.485
619,4.479,13.593,1.226,85.393,70.884
684,4.599,2.414,1.33,74.404,71.21
1024,3.841,3.455,5.703,86.725,84.578
678,4.197,5.332,1.418,76.915,78.039
1026,5.718,7.492,2.385,73.366,78.895
759,4.543,6.51,1.537,75.476,78.055
366,2.037,7.674,6.799,74.952,78.068
959,3.839,5.819,1.323,76.292,69.381
558,2.865,5.761,2.278,84.083,73.354
706,4.947,10.16,1.352,76.054,71.05
1199,1.581,7.631,2.881,81.709,71.278
1054,4.058,7.951,1.034,76.107,83.262
706,4.963,5.632,1.821,75.092,78.737
893,4.169,4.997,3.421,75.007,82.721
1140,2.139,5.075,2.14,80.773,75.954
573,2.686,4.949,1.964,75.373,77.005
512,4.231,8.023,2.861,76.408,74.987
452,2.896,3.608,1.815,76.042,87.242
1148,3.852,5.872,0.863,77.206,79.604
751,3.775,5.151,4.659,78.437,79.294
621,3.115,5.1,2.794,75.068,75.354
750,2.687,5.09,2.059,76.946,85.301
584,2.222,5.415,2.347,74.042,80.174
536,4.14,5.826,2.279,75.897,76.715
652,4.555,8.081,1.981,75.341,92.587
807,3.216,6.007,1.754,78.405,70.838
1273,5.569,7.399,3.909,77.06,76.472
888,2.207,3.93,2.792,82.51,88.651
1292,4.713,17.325,2.275,77.538,82.224
606,2.065,5.872,2.43,77.745,79.098
932,2.474,11.02,1.354,76.356,75.263
1087,3.848,2.585,1.714,75.919,77.461
762,1.724,11.554,2.814,88.643,83.522
826,4.773,6.252,2.515,78.461,66.227
1154,3.312,6.026,2.347,75.977,80.892
977,2.38,6.423,1.662,76.759,84.387
975,4.705,5.243,1.514,83.028,71.25
1012,4.743,7.745,1.093,78.235,81.003
1118,2.504,5.579,1.521,76.423,89.634
525,3.916,12.667,2.891,75.455,76.925
626,4.532,7.41,1.493,85.611,82.228
963,2.757,5.151,1.185,75.88,84.35
1101,4.198,5.034,1.738,75.05,74.746
525,5.165,5.149,1.783,78.073,81.23
1358,2.703,4.519,2.856,76.617,79.331
1221,2.459,5.534,1.803,74.966,84.94
1033,2.723,6.118,2.54,77.087,80.303
1061,3.129,7.046,0.812,75.804,79.584
532,3.439,4.104,2.057,74.571,72.142
841,5.272,2.978,1.464,77.073,81.142
744,1.874,7.8,3.543,87.012,79.171
494,2.27,12.295,1.923,74.969,75.715
1279,4.149,4.532,0.318,77.547,82.575
901,2.351,10.479,2.202,77.565,80.029
824,2.365,12.051,3.289,76.091,84.448
1245,2.031,4.969,2.474,85.516,83.878
1047,3.278,5.465,1.46,77.399,81.767
361,2.03,4.889,2.571,76.826,88.101
1094,2.996,6.616,3.461,75.499,79.925
823,2.557,9.365,2.611,74.456,74.52
699,2.92,6.26,3.063,76.779,88.932
653,2.51,6.248,1.725,75.466,76.681
617,3.462,6.336,1.495,73.983,67.663
989,3.75,3.355,1.645,76.898,71.695
592,2.467,10.151,1.103,74.994,63.243
502,3.287,14.857,3.395,77.059,85.991
811,3.031,7.955,4.658,76.618,78.226
526,3.505,4.247,1.441,77.746,84.362
677,4.683,3.802,3.067,77.895,73.551
743,2.186,4.73,1.705,77.927,78.528
534,3.097,7.515,1.414,75.622,74.676
1142,3.413,4.413,2.668,77.296,71.397
575,3.054,4.842,1.733,75.796,78.347
1172,2.946,13.818,1.113,77.682,81.539
667,2.56,7.296,2.679,75.617,76.428
1199,2.791,16.393,4.124,73.66,75.142
978,3.178,4.616,1.88,77.277,78.124
773,2.095,4.683,1.702,75.903,67.178
625,3.483,10.759,1.932,77.432,81.311
522,3.825,6.58,5.594,75.83,81.053
590,4.755,8.786,3.248,76.569,68.887
589,4.846,4.742,2.58,86.184,72.381
972,3.732,6.82,3.418,83.551,77.03
811,2.074,4.829,2.471,76.709,84.72
787,2.914,4.483,2.213,75.306,78.744
1205,1.973,5.142,4.927,76.565,82.63
682,5.147,7.398,1.978,77.348,88.212
562,2.91,4.479,1.117,76.588,88.45
1251,4.595,4.788,5.967,84.708,89.033
503,4.469,7.796,2.121,76.938,67.544
497,3.178,7.564,1.543,75.988,72.704
845,4.236,2.851,2.756,77.329,78.731
853,2.639,4.721,2.038,76.846,75.461
561,2.394,5.979,2.036,74.758,76.444
767,1.964,3.929,1.094,77.147,80.468
1427,2.255,7.184,1.38,74.259,70.749
1405,5.048,7.172,0.124,77.565,79.388
641,2.906,4.577,1.401,75.081,83.901
1236,2.823,6.482,3.168,86.179,70.572
1112,2.746,4.257,2.55,74.915,85.614
1139,4.211,6.956,2.067,77.349,71.84
1434,3.583,5.357,2.944,79.022,84.492
1057,2.055,6.885,1.599,76.617,87.627
869,5.288,8.232,2.777,76.03,72.907
877,3.075,8.295,2.119,77.514,76.276
657,3.438,5.601,3.194,77.052,81.354
481,2.708,4.368,2.326,78.333,85.766
758,5.899,5.441,1.432,76.733,79.406
1572,3.075,11.563,1.652,76.953,77.537
840,2.078,9.073,1.998,75.128,73.553
712,3.27,6.76,3.383,76.8,76.503
536,3.36,6.303,2.533,76.411,72.709
677,3.169,4.872,2.573,77.762,88.296
903,3.964,4.827,2.981,77.999,82.955
866,2.929,6.562,1.281,75.696,73.649
1100,1.791,6.782,3.654,81.924,93.345
611,4.009,4.657,0.176,77.534,81.075
829,3.423,6.109,2.286,86.457,74.939
392,2.497,8.657,3.953,76.048,72.479
821,4.035,4.623,2.199,86.005,80.094
623,2.53,5.536,4.429,74.004,81.861
811,3.966,13.564,1.899,75.54,84.72
723,2.994,7.832,2.639,77.91,64.544
508,2.069,5.36,1.252,74.581,63.581
772,1.816,4.155,2.242,76.787,83.86
577,4.138,7.205,1.808,81.737,88.34
1445,4.59,3.724,2.327,86.87,75.138
660,4.057,9.616,1.429,76.012,74.911
920,2.956,6.63,1.452,76.127,76.835
549,3.374,5.727,1.943,79.737,79.197
510,5.006,9.428,3.029,75.131,77.276
631,4.706,5.593,3.204,75.955,81.251
838,2.764,5.423,0.483,76.21,87.477
902,2.744,5.114,1.968,77.381,74.199
550,2.803,4.953,1.499,75.601,71.339
737,4.01,12.316,1.691,76.902,75.743
950,3.877,1.362,1.297,75.733,78.088
451,2.935,9.825,2.737,76.251,81.67
1014,2.812,3.967,1.88,75.001,83.526
769,3.517,5.784,4.082,76.783,77.619
792,2.641,6.095,1.702,81.187,82.334
672,2.346,5.437,2.56,76.944,87.043
854,3.441,4.747,1.56,78.428,82.823
692,3.039,4.881,2.523,76.959,84.291
827,4.107,9.906,2.791,77.344,83.651
474,3.818,7.289,2.387,85.12,88.173
479,2.758,4.881,0.945,76.374,83.29
1081,2.55,6.103,2.291,76.193,75.078
861,2.432,11.12,2.161,76.364,76.649
654,3.303,4.084,2.351,74.711,73.679
1046,2.653,6.999,1.498,80.706,79.848
567,4.286,5.671,1.293,77.147,71.372
452,2.431,7.197,2.535,78.527,76.743
766,4.574,5.781,1.424,76.037,84.956
428,5.619,7.648,1.213,76.916,72.6
618,2.115,6.979,5.494,76.386,85.899
797,3.027,4.684,1.577,74.733,73.263
861,4.084,6.003,2.27,79.53,89.491
475,2.103,7.348,0.953,80.476,78.607
1529,5.472,12.453,1.832,75.782,90.021
729,2.173,2.613,1.93,78.069,91.129
553,3.665,8.109,5.048,75.939,80.087
699,4.37,7.333,1.312,76.913,87.115
544,3.831,5.374,1.664,76.437,71.708
1450,5.158,6.379,3.558,81.515,75.77
469,2.245,7.021,0.247,76.916,86.219
366,0.041,7.073,1.771,79.307,66.274
885,2.886,7.68,1.623,76.655,83.289
1299,5.661,14.704,1.595,75.552,68.645
449,1.909,1.385,2.337,76.982,81.307
1075,4.097,6.807,2.071,77.524,74.464
1162,3.218,4.145,1.992,71.972,77.102
1101,2.796,5.965,3.367,84.344,89.509
325,2.791,6.225,1.357,85.848,80.799
865,4.423,6.472,1.938,76.165,74.884
878,4.774,6.087,1.749,75.354,78.443
801,3.399,7.461,2.435,74.09,89.467
626,2.608,6.713,3.085,73.852,76.558
523,2.627,8.577,3.141,74.923,68.165
706,2.111,4.539,1.823,87.328,87.696
1297,2.808,5.653,2.773,75.635,73.451
806,2.314,7.072,2.011,75.718,77.196
536,3.083,11.179,0.899,81.978,76.884
1462,2.461,6.563,2.863,77.694,83.736
708,3.795,6.668,2.592,75.633,72.536
855,4.617,5.095,1.803,73.323,83.039
455,3.678,1.688,2.201,76.774,75.232
950,4.589,6.729,1.553,77.262,82.419
1099,3.701,4.857,2.193,83.198,70.88
1621,2.318,5.146,1.487,74.77,83.114
676,3.672,4.306,1.858,77.0,92.353
1403,3.095,3.454,1.916,76.898,73.768
611,5.542,7.253,0.99,77.089,67.852
794,2.329,6.148,1.2,76.243,86.06
900,3.179,3.152,3.32,76.891,74.147
391,2.979,6.98,3.041,83.402,80.025
1168,3.151,4.677,1.861,77.235,84.388
639,2.654,10.618,2.074,75.291,81.959
984,3.241,7.841,2.469,77.754,79.282
1666,5.605,9.343,1.137,76.59,73.485
1355,3.666,8.4,2.695,75.762,72.481
1254,3.824,4.277,1.742,78.056,71.812
600,4.506,4.516,1.684,75.791,80.185
943,2.423,6.51,2.573,76.523,74.929
621,3.534,13.593,2.553,72.358,70.583
933,3.085,13.351,1.648,74.027,67.857
461,2.193,7.844,2.898,76.234,76.806
1378,2.808,6.07,1.638,75.207,70.446
487,3.784,8.63,2.888,76.381,87.399
741,2.35,3.555,2.413,75.539,89.752
977,4.102,3.693,1.224,76.489,89.705
456,4.43,4.438,2.389,77.939,94.531
694,2.536,3.342,1.648,73.278,68.797
873,1.786,5.721,1.145,77.806,69.767
643,5.375,6.533,1.793,77.642,76.609
936,2.737,5.737,2.428,86.474,77.745
441,3.897,7.052,0.978,77.401,79.354
692,3.34,1.706,2.272,76.366,68.028
759,3.237,6.711,1.878,73.579,78.048
1164,4.975,6.154,0.905,75.349,72.666
622,1.976,5.075,0.107,74.121,81.981
706,3.943,16.748,1.127,76.07,74.913
659,2.259,12.424,0.951,77.025,72.874
712,1.757,5.592,2.629,77.412,81.966
576,5.255,6.575,4.963,78.092,82.051
556,2.225,5.926,1.994,72.151,70.367
560,2.556,6.903,1.984,75.146,74.795
507,4.708,4.222,3.615,74.347,72.932
696,3.094,8.292,1.222,77.18,73.624
606,2.437,6.075,2.419,81.641,74.139
1007,3.57,7.856,2.347,76.355,90.26
757,4.524,11.336,1.808,74.962,89.436
1321,3.514,6.577,1.544,75.673,80.795
820,2.888,15.292,1.628,76.858,77.678
892,4.522,9.249,2.699,75.074,82.424
679,4.012,6.068,4.074,75.22,82.38
582,3.108,5.409,1.454,78.383,89.083
625,5.04,6.305,2.592,77.028,70.243
569,1.973,7.309,4.739,79.159,85.849
918,4.25,3.39,1.068,82.356,89.551
1163,3.564,4.431,1.299,76.033,82.956
1137,5.785,14.422,2.566,77.894,74.231
814,3.159,5.551,3.18,77.955,85.684
1448,2.047,6.01,1.276,77.13,86.502
577,2.128,7.752,2.486,76.385,88.917
751,2.322,3.232,1.78,78.15,75.308
752,1.135,5.564,1.767,74.606,73.911
639,2.395,15.292,1.773,78.15,68.161
913,3.954,4.726,3.39,74.66,86.371
853,2.955,8.014,2.421,75.69,79.178
796,4.359,4.278,2.88,76.662,72.749
795,4.627,4.479,1.901,76.892,83.252
739,3.917,6.287,2.31,75.298,82.036
685,2.941,5.786,2.033,75.772,87.526
954,5.675,4.091,2.458,74.613,68.43
984,1.901,6.488,1.26,80.211,83.992
634,1.376,7.921,2.029,86.597,71.26
367,3.602,6.74,1.855,74.831,82.102
529,3.501,5.54,1.512,76.688,92.559
954,2.131,5.764,1.423,85.337,85.635
737,2.23,5.284,2.788,76.957,69.075
625,2.929,6.25,2.273,76.373,74.394
779,3.553,9.682,1.321,73.474,87.226
1394,4.204,1.353,1.088,76.261,70.652
639,3.293,6.614,1.942,76.073,68.943
909,2.174,9.409,2.916,79.098,76.847
886,3.632,1.999,2.977,76.44,75.464
887,2.855,8.647,1.807,75.583,76.729
499,2.884,6.426,2.095,76.807,77.443
1250,4.095,2.723,1.836,82.843,69.731
884,3.358,14.469,2.901,75.8,67.601
1074,4.284,3.308,2.923,74.7,85.551
485,2.251,6.497,2.32,77.325,75.008
504,2.588,14.651,2.36,74.034,74.766
652,4.093,6.856,2.801,77.034,75.379
446,2.791,8.7,2.51,83.212,71.685
804,2.725,2.982,3.335,74.871,87.04
561,2.102,6.704,1.763,74.651,82.871
647,3.788,7.336,2.433,76.076,86.548
674,2.396,7.19,3.074,76.788,83.078
1044,3.159,6.665,1.029,76.826,75.683
808,5.491,3.518,2.295,77.648,76.9
660,2.925,8.0,2.782,74.659,68.495
595,4.005,0.988,3.163,77.357,77.42
780,2.517,7.654,2.515,81.022,81.321
1092,3.425,5.555,0.914,74.05,77.977
697,4.981,7.995,1.96,73.648,81.678
882,2.455,8.147,1.112,84.476,86.118
1341,1.913,6.001,2.523,77.685,88.737
654,2.616,6.205,2.339,76.138,91.961
917,3.751,10.829,3.077,86.041,82.521
938,3.074,7.414,4.479,76.1,73.249
1024,2.26,7.614,1.93,76.636,85.252
1421,2.457,6.369,2.432,75.529,75.318
729,2.379,11.283,1.552,73.69,87.989
839,3.071,5.848,1.002,77.227,75.79
379,3.394,5.841,1.264,73.576,70.123
1062,3.69,8.883,1.242,76.148,69.913
866,3.974,6.687,1.609,86.312,73.906
524,3.927,8.354,3.21,75.74,72.836
797,2.462,4.283,2.188,75.81,68.435
438,2.436,7.591,1.326,78.967,73.666
853,3.757,4.465,2.829,86.141,73.073
1471,2.707,13.552,2.629,76.66,82.477
805,2.913,17.569,1.747,74.718,75.255
926,2.759,6.269,1.89,75.261,77.375
549,2.802,13.422,2.941,76.661,71.234
778,3.771,5.713,1.305,77.4,78.665
547,2.072,7.475,2.702,75.683,86.632
679,2.345,6.239,4.141,79.372,87.473
1041,1.799,6.496,1.612,74.663,88.311
1283,1.958,6.275,2.27,76.888,74.303
1234,2.324,4.383,3.055,82.827,77.142
892,4.02,10.72,1.417,82.411,79.63
960,4.465,7.938,1.468,85.979,82.935
769,3.415,5.806,1.841,75.133,78.471
618,4.766,5.573,1.621,75.657,87.368
678,2.388,10.822,1.016,74.704,78.904
534,2.63,1.079,3.662,85.278,83.868
758,2.473,7.17,4.087,79.878,83.34
1169,1.721,3.002,4.797,75.424,87.546
906,5.262,4.644,1.645,76.449,75.658
1107,2.383,3.837,1.003,80.491,85.477
1158,2.64,7.234,2.537,75.959,85.232
1062,2.958,3.41,1.228,74.107,73.073
722,1.883,3.475,1.143,76.249,80.446
691,2.381,8.002,1.474,75.093,71.612
544,2.03,7.457,2.398,75.638,69.426
643,4.245,5.761,1.362,77.243,77.658
1323,3.639,7.244,2.699,75.754,75.713
643,2.652,10.131,2.45,74.306,81.655
1314,4.214,3.042,4.015,76.899,69.103
731,2.858,4.566,1.771,83.246,82.746
736,4.969,6.298,3.04,76.304,73.447
867,3.046,7.824,2.853,79.639,82.186
620,3.04,12.27,2.339,76.15,76.52
790,3.296,6.806,2.306,75.557,82.122
465,3.852,5.419,2.033,75.466,70.968
426,3.57,4.568,3.087,77.598,81.796
929,2.956,7.513,1.969,75.442,83.663
1617,2.796,6.249,1.273,76.619,68.697
815,4.042,4.825,3.055,82.899,90.139
792,2.402,8.379,1.092,77.324,87.159
956,2.71,6.438,2.231,73.643,75.07
769,2.142,10.291,2.777,86.888,78.177
1108,2.501,10.524,1.047,76.32,79.415
666,2.059,2.236,1.778,77.372,79.126
986,1.943,5.537,2.403,85.041,75.726
565,4.401,8.916,1.498,77.031,82.324
399,4.694,2.638,1.177,77.532,78.368
983,4.15,3.885,2.373,77.226,78.563
523,3.068,12.061,1.434,85.32,71.915
632,2.653,5.916,1.818,78.677,71.061
969,3.964,9.544,1.577,83.778,72.805
572,2.991,8.05,2.336,76.146,75.589
540,4.778,7.532,3.918,82.185,85.456
744,3.775,2.645,1.498,76.65,75.517
1292,4.504,8.657,2.959,76.504,71.741
432,3.777,6.754,3.867,75.316,84.097
878,4.341,6.851,1.709,84.101,75.439
621,3.158,8.965,1.533,76.026,77.155
735,2.004,5.424,2.252,87.886,78.752
511,3.12,3.536,2.664,86.228,80.122
877,2.783,6.597,2.05,75.591,75.813
675,0.664,17.358,3.653,74.817,83.928
843,2.441,6.366,1.739,82.929,89.955
958,2.201,3.152,2.041,83.731,73.528
725,4.209,6.058,2.377,87.786,66.169
980,2.806,5.179,2.769,76.251,75.034
793,1.714,8.141,1.744,76.499,72.858
532,2.425,6.728,2.53,75.048,78.005
673,2.931,6.155,1.927,76.96,84.576
1187,2.205,15.128,2.363,76.839,74.617
754,3.867,2.531,1.386,77.786,78.62
409,3.501,4.427,2.131,75.876,87.537
1057,3.727,4.57,2.326,84.341,92.115
620,3.786,8.759,1.158,86.02,80.062
610,2.124,6.455,2.705,75.944,70.828
1132,3.981,8.044,2.914,77.602,66.547
568,1.695,12.349,2.55,73.737,74.466
1129,2.661,7.425,3.568,76.57,80.62
378,2.715,9.066,1.408,88.041,84.073
520,4.405,6.023,0.919,76.973,75.283
811,3.989,8.121,2.627,87.474,86.159
815,2.589,6.17,2.923,79.502,72.616
929,2.61,6.043,1.849,84.901,74.594
844,2.121,4.124,3.392,76.473,79.475
407,2.481,4.011,2.575,77.848,84.937
808,2.097,5.065,1.351,77.302,84.216
1101,3.058,6.931,1.578,75.477,84.155
496,2.714,6.777,2.576,74.589,85.73
878,4.457,5.026,2.686,75.23,77.479
662,2.764,9.657,3.466,73.169,76.182
1162,2.029,3.662,2.876,75.852,91.82
782,2.962,6.395,2.865,74.455,71.567
1117,3.577,8.01,3.527,83.848,73.088
710,3.301,3.996,3.152,80.161,79.003
812,2.451,8.594,3.201,76.608,77.178
543,3.504,3.609,4.049,76.129,85.462
587,5.364,4.375,1.776,75.536,81.027
787,4.312,5.834,3.813,85.305,81.374
1563,4.224,4.078,1.258,75.239,86.775
663,2.343,6.616,0.94,74.592,82.364
639,3.633,6.891,2.161,82.794,79.928
590,1.877,5.423,1.788,74.695,75.194
753,5.678,17.935,4.775,76.862,88.021
987,3.805,12.826,1.646,76.496,88.34
570,2.702,6.306,1.672,75.529,77.135
349,3.472,5.54,1.477,78.526,74.147
684,4.013,11.784,3.112,75.571,68.938
420,3.815,14.812,1.496,77.224,79.777
400,4.951,4.118,2.09,78.594,83.786
574,2.549,2.058,3.125,74.231,85.32
1211,4.679,5.877,2.972,74.837,79.78
380,3.564,8.893,3.461,81.03,91.115
736,2.533,4.128,2.001,74.564,69.283
1320,5.279,9.19,2.376,76.674,75.672
942,2.839,5.015,2.232,77.629,81.399
1190,4.442,15.156,2.696,78.241,75.137
1460,3.401,4.919,1.667,76.716,88.613
984,5.158,7.223,1.508,76.292,84.562
862,2.858,6.717,0.782,76.104,76.68
935,3.811,5.943,3.871,75.655,83.388
838,2.82,4.464,6.471,76.802,71.945
785,5.903,7.064,5.511,75.676,81.122
551,2.995,6.252,2.266,76.277,78.572
1335,5.892,7.151,3.187,75.108,71.641
1224,3.357,5.94,3.133,77.408,85.685
867,2.767,9.886,2.739,76.101,71.635
1384,2.186,3.43,2.258,76.559,83.377
1106,2.363,7.932,2.591,73.665,88.723
545,0.338,7.658,2.994,75.146,83.453
522,5.064,5.78,1.002,75.743,75.907
506,3.06,5.019,1.637,84.484,79.514
674,3.187,3.209,1.757,75.191,84.358
603,2.77,6.971,2.439,77.411,78.5
761,3.134,5.748,2.654,86.611,81.695
632,2.832,17.628,1.95,73.534,74.765
600,3.253,12.043,3.94,75.487,81.27
1417,4.302,5.714,1.794,77.67,70.726
767,2.293,1.907,6.058,77.464,88.295
1329,2.066,7.508,0.5,78.199,84.824
1091,4.734,10.994,2.056,77.021,73.732
739,5.308,6.708,0.994,83.922,83.248
567,4.946,11.096,1.663,76.342,69.926
977,2.892,12.993,1.215,72.788,80.13
1233,4.628,6.829,2.729,74.754,70.468
453,2.539,4.483,3.758,77.393,89.638
464,2.312,11.327,0.745,85.902,80.053
351,3.864,6.393,2.214,76.56,71.363
883,2.275,7.476,2.083,72.783,70.302
1162,4.334,6.221,4.664,77.962,85.777
1094,3.311,6.015,1.105,76.065,67.487
723,1.756,6.706,3.35,77.35,83.816
1739,4.071,6.256,5.006,76.031,77.192
784,2.756,5.101,1.157,77.546,77.824
498,4.109,8.618,1.225,75.261,68.592
610,2.739,5.353,2.397,81.005,70.902
1020,4.864,7.815,2.915,75.292,84.482
553,4.37,8.062,2.341,76.509,80.109
868,2.86,0.666,1.978,75.258,75.912
1037,2.885,7.81,1.566,76.132,71.18
615,3.331,5.72,2.709,75.062,82.324
586,2.424,17.399,3.178,77.528,74.228
673,1.921,5.572,1.837,75.128,73.056
1261,2.51,3.846,1.079,77.677,70.432
541,1.951,7.64,1.677,77.595,75.041
1278,4.036,6.635,2.602,82.252,76.993
1410,3.231,5.121,3.807,74.276,88.425
655,2.299,7.068,2.704,76.867,80.545
809,2.308,10.641,2.939,77.658,84.413
367,3.812,5.094,5.604,84.687,84.344
581,1.867,8.375,2.215,77.227,86.03
741,4.55,4.38,1.253,81.641,81.976
1347,2.192,7.228,2.588,76.222,86.646
763,3.903,2.787,1.172,86.706,80.145
720,3.372,6.57,1.246,77.31,78.721
1285,3.458,6.304,0.989,74.641,75.956
471,2.718,9.239,2.63,76.173,70.648
865,3.609,2.942,1.999,76.477,75.369
856,4.994,5.937,3.85,85.176,80.529
647,3.399,6.048,1.212,80.966,69.277
579,2.333,6.244,2.328,75.558,80.687
609,2.705,8.66,1.215,78.497,72.301
444,4.677,5.658,2.792,82.94,86.433
804,1.746,2.398,4.742,73.152,81.853
452,2.46,4.013,1.61,79.688,88.123
553,2.205,4.575,3.455,76.326,74.297
942,3.024,4.381,1.031,76.924,64.342
1321,3.429,8.13,1.949,78.138,76.878
439,4.514,5.597,1.428,82.354,72.787
915,1.739,4.655,2.629,75.858,80.448
701,4.486,3.57,2.712,75.039,72.821
839,4.909,6.289,1.163,79.517,80.089
701,2.153,4.981,1.413,76.673,70.821
1157,2.144,6.393,2.114,75.792,71.266
1333,3.714,4.002,4.444,77.516,71.571
563,5.249,6.037,3.809,78.189,71.052
785,4.414,6.074,0.802,75.419,75.531
758,4.45,12.783,1.549,80.178,71.073
811,4.852,3.622,0.758,76.042,82.375
597,1.935,5.4,1.346,76.026,86.729
1051,2.592,3.401,1.529,74.152,77.002
467,2.095,3.006,2.223,77.895,76.689
764,2.472,9.3,1.926,83.042,66.292
680,5.446,4.72,3.483,77.613,88.116
517,2.448,3.555,3.174,74.145,80.044
767,3.71,5.199,3.087,74.14,77.98
888,2.92,4.772,1.949,80.104,82.106
547,2.902,6.979,1.147,76.827,93.615
532,3.461,6.187,1.415,83.707,85.069
795,2.473,7.742,5.651,84.201,83.856
1522,2.849,2.819,2.73,76.971,75.132
654,2.415,2.535,1.713,76.09,76.445
548,2.322,10.252,2.993,75.123,74.347
1442,4.247,7.929,2.949,75.673,75.501
1302,2.314,5.586,1.863,75.027,88.1
778,4.575,6.628,3.345,80.26,81.291
653,2.049,3.815,2.347,75.992,75.156
746,4.061,5.884,1.306,76.145,77.421
984,1.917,6.134,3.511,75.284,74.207
681,3.901,8.304,1.518,76.058,80.11
657,4.28,2.952,3.976,75.749,87.192
619,3.533,7.59,1.421,77.336,78.528
891,2.818,4.58,2.09,86.51,67.758
352,2.813,0.759,2.833,76.86,69.417
999,0.127,5.106,3.938,74.645,92.354
1292,3.952,2.162,1.504,79.115,82.253
579,1.833,5.022,2.946,80.001,80.091
798,2.297,4.224,2.189,85.803,83.06
678,3.524,5.655,2.928,86.633,79.251
445,2.411,7.797,1.309,76.228,86.189
628,2.083,7.519,1.952,76.483,76.701
623,2.528,5.343,1.61,76.672,87.722
1276,5.007,9.78,2.9,76.284,80.889
711,3.47,12.184,1.301,74.619,87.765
530,2.013,4.956,1.753,82.839,85.417
864,2.516,5.567,2.614,75.546,81.354
736,3.087,5.805,2.494,76.908,82.463
707,4.031,4.729,2.638,86.571,82.308
870,3.907,5.688,1.575,83.293,77.036
636,3.543,9.451,2.297,77.057,70.716
767,3.242,5.659,3.188,76.119,68.01
529,1.934,5.354,3.649,76.536,72.699
611,4.814,5.305,3.191,76.914,78.379
832,2.5,13.423,1.442,76.678,76.014
589,3.979,8.108,1.855,78.75,67.412
753,2.914,8.748,2.02,74.839,80.875
690,3.454,6.023,6.25,75.114,79.484
1220,2.38,4.814,2.39,77.396,80.221
537,2.104,5.741,1.084,74.222,82.066
1315,3.665,6.461,2.098,78.706,79.163
1330,2.574,8.465,1.868,77.071,83.94
1400,5.027,6.052,1.395,74.609,83.529
920,2.663,4.017,1.808,76.135,79.978
